# Blender 5.1.1
# www.blender.org
mtllib big_car.mtl
o Demo_ColorVar3_Material_0_1.4033
v 0.746406 0.147535 -0.440358
v 1.227638 0.147535 -0.440359
v 0.746406 0.450425 -0.440358
v 0.731159 0.131123 -0.440357
v 1.242894 0.131123 -0.440362
v 0.731159 0.466825 -0.440357
v 1.242894 0.467076 -0.440362
v 1.227638 0.450652 -0.440359
v -0.956383 0.147835 0.424812
v -0.974623 0.131081 0.424807
v -0.956383 0.449288 0.424812
v -0.481133 0.147835 0.424812
v -0.462885 0.131081 0.424813
v -0.481133 0.449514 0.424812
v -0.462885 0.466280 0.424813
v -0.974623 0.466029 0.424807
v 0.180802 0.449793 -0.440368
v 0.180802 0.147887 -0.440368
v 0.656055 0.450019 -0.440361
v 0.162558 0.466560 -0.440362
v 0.162558 0.131109 -0.440362
v 0.674292 0.466811 -0.440367
v 0.674292 0.131109 -0.440367
v 0.656055 0.147887 -0.440361
v -0.956389 0.449288 -0.440355
v -0.956389 0.147835 -0.440355
v -0.481133 0.449514 -0.440361
v -0.974630 0.466029 -0.440360
v -0.974630 0.131081 -0.440360
v -0.462896 0.466280 -0.440364
v -0.462896 0.131081 -0.440364
v -0.481133 0.147835 -0.440361
v 1.791610 0.369894 0.454523
v 1.792885 0.376393 0.449563
v 1.780988 0.369894 0.495789
v 1.793205 0.366835 0.448321
v 1.794867 0.373100 0.441873
v 1.793866 0.359450 0.445746
v 1.793866 0.209450 0.445746
v 1.795686 0.365154 0.438687
v 1.795686 0.203746 0.438687
v 1.794867 0.195799 0.441873
v 1.792885 0.192507 0.449563
v 1.793205 0.202065 0.448321
v 1.791610 0.199006 0.454523
v 1.780988 0.199006 0.495789
v 1.779395 0.202065 0.501994
v 1.779709 0.192507 0.500742
v 1.777727 0.195799 0.508433
v 1.776901 0.203746 0.511622
v 1.776901 0.365154 0.511622
v 1.778732 0.209450 0.504566
v 1.778732 0.359450 0.504566
v 1.779395 0.366835 0.501994
v 1.777727 0.373100 0.508433
v 1.779709 0.376393 0.500742
v 1.792880 0.376392 -0.465111
v 1.779709 0.376392 -0.516285
v 1.791603 0.369894 -0.470074
v 1.794861 0.373100 -0.457415
v 1.793208 0.366835 -0.463865
v 1.795686 0.365154 -0.454239
v 1.793862 0.359450 -0.461300
v 1.795686 0.203746 -0.454239
v 1.793862 0.209450 -0.461300
v 1.794861 0.195799 -0.457415
v 1.793208 0.202064 -0.463865
v 1.792880 0.192507 -0.465111
v 1.791603 0.199006 -0.470074
v 1.779710 0.192507 -0.516285
v 1.780981 0.199006 -0.511333
v 1.777726 0.195799 -0.523985
v 1.779382 0.202064 -0.517532
v 1.776898 0.203746 -0.527167
v 1.778718 0.209450 -0.520109
v 1.776898 0.365154 -0.527167
v 1.778718 0.359450 -0.520109
v 1.777726 0.373100 -0.523985
v 1.779382 0.366835 -0.517532
v 1.780981 0.369894 -0.511333
v 1.897182 -0.119245 0.181007
v 1.897185 -0.122322 0.176323
v 1.897185 -0.129744 0.186326
v 1.897193 -0.093450 0.186595
v 1.897186 -0.091347 0.182304
v 1.897192 -0.082913 0.191824
v 1.897184 -0.078511 0.204532
v 1.897188 -0.078707 0.187862
v 1.897183 -0.073471 0.201269
v 1.897184 -0.071592 0.335769
v 1.897187 -0.076828 0.349172
v 1.897185 -0.076484 0.332170
v 1.897188 -0.080795 0.344912
v 1.897189 -0.091294 0.350228
v 1.897183 -0.104560 0.350271
v 1.897181 -0.089468 0.354734
v 1.897181 -0.105411 0.354734
v 1.897187 -0.118051 0.349172
v 1.897184 -0.123287 0.335769
v 1.897184 -0.115097 0.345042
v 1.897190 -0.119499 0.332326
v 1.897186 -0.134055 0.199065
v 1.897181 -0.140198 0.195288
v 1.897185 -0.134962 0.181878
v 1.897181 -0.129744 -0.201861
v 1.897187 -0.119245 -0.196552
v 1.897184 -0.134963 -0.197427
v 1.897189 -0.134055 -0.214604
v 1.897189 -0.140198 -0.210834
v 1.897189 -0.119499 -0.347877
v 1.897183 -0.123287 -0.351318
v 1.897183 -0.115097 -0.360590
v 1.897186 -0.118051 -0.364728
v 1.897184 -0.104560 -0.365819
v 1.897186 -0.105411 -0.370282
v 1.897185 -0.091294 -0.365767
v 1.897186 -0.089468 -0.370282
v 1.897189 -0.080795 -0.360461
v 1.897186 -0.076828 -0.364728
v 1.897190 -0.076484 -0.347719
v 1.897183 -0.071592 -0.351318
v 1.897185 -0.078511 -0.220081
v 1.897184 -0.073471 -0.216821
v 1.897191 -0.082913 -0.207368
v 1.897186 -0.078707 -0.203401
v 1.897188 -0.093450 -0.202138
v 1.897181 -0.091347 -0.197856
v 1.897186 -0.122322 -0.191869
v -1.605529 0.147788 0.424807
v -1.890313 0.147788 0.424810
v -1.605529 0.449014 0.424807
v -1.588635 0.131056 0.424808
v -1.908806 0.131057 0.424806
v -1.588635 0.465753 0.424808
v -1.879851 0.465614 0.424807
v -1.864553 0.448889 0.424806
v 0.321270 0.147887 0.424810
v 0.303033 0.131109 0.424816
v 0.321270 0.449793 0.424810
v 0.656055 0.147887 0.424810
v 0.674296 0.131109 0.424815
v 0.656055 0.450020 0.424810
v 0.674296 0.466812 0.424815
v 0.303033 0.466560 0.424816
v 1.227635 0.147535 0.424814
v 1.242884 0.131123 0.424815
v 0.746411 0.147535 0.424809
v 1.227635 0.450652 0.424814
v 1.242884 0.467076 0.424815
v 0.746411 0.450425 0.424809
v 0.731158 0.466825 0.424815
v 0.731158 0.131123 0.424815
v -1.527971 0.449412 0.424813
v -1.543220 0.465763 0.424814
v -1.046742 0.449640 0.424815
v -1.527971 0.147430 0.424813
v -1.543220 0.131067 0.424814
v -1.046742 0.147430 0.424815
v -1.031484 0.131067 0.424811
v -1.031484 0.466015 0.424811
v -1.908813 0.131056 -0.440359
v -1.879850 0.465614 -0.440362
v -1.588634 0.131056 -0.440366
v -1.890310 0.147788 -0.440362
v -1.864548 0.448889 -0.440354
v -1.605527 0.147788 -0.440367
v -1.605527 0.449014 -0.440367
v -1.588634 0.465753 -0.440366
v 1.760711 0.450286 -0.440358
v 1.318084 0.450286 -0.440359
v 1.760711 0.147927 -0.440358
v 1.779331 0.467084 -0.440361
v 1.299556 0.467084 -0.440369
v 1.779331 0.131130 -0.440361
v 1.356656 0.131130 -0.440366
v 1.369469 0.147928 -0.440355
v 0.090450 0.147482 -0.440356
v 0.090450 0.450145 -0.440356
v -0.390783 0.147483 -0.440358
v 0.105696 0.131095 -0.440358
v 0.105696 0.466546 -0.440358
v -0.406030 0.131095 -0.440358
v -0.406030 0.466294 -0.440358
v -0.390783 0.449919 -0.440358
v -1.046733 0.449639 -0.440361
v -1.527962 0.449412 -0.440363
v -1.046733 0.147430 -0.440361
v -1.031483 0.466015 -0.440361
v -1.543218 0.465763 -0.440356
v -1.031483 0.131067 -0.440361
v -1.543218 0.131067 -0.440356
v -1.527962 0.147430 -0.440363
v -1.895222 0.484196 -0.433615
v -1.927397 0.112466 -0.433623
v -1.879843 0.465614 -0.433609
v -1.571655 0.484351 -0.433617
v -1.926256 0.510602 -0.433616
v -1.597015 0.510778 -0.433620
v -1.959007 0.095865 -0.433617
v -1.597015 0.085941 -0.433620
v -1.018453 0.085941 -0.433619
v -1.571655 0.112466 -0.433617
v -1.908803 0.131056 -0.433612
v -1.588627 0.131056 -0.433613
v -1.003053 0.112466 -0.433614
v -1.543218 0.131067 -0.433614
v -1.543218 0.465763 -0.433614
v -1.031483 0.131067 -0.433619
v -1.031483 0.466015 -0.433619
v -1.003053 0.484630 -0.433614
v -1.018453 0.511097 -0.433619
v -0.434465 0.484909 -0.433616
v -0.974630 0.466029 -0.433616
v -0.974630 0.131081 -0.433616
v -0.462892 0.466280 -0.433612
v -0.462892 0.131081 -0.433612
v -0.434465 0.112466 -0.433616
v 0.134133 0.112466 -0.433615
v -0.439876 0.085941 -0.433611
v -0.406037 0.466294 -0.433613
v -0.406037 0.131095 -0.433613
v 0.105698 0.131095 -0.433615
v 0.105698 0.466546 -0.433615
v 0.134133 0.485189 -0.433615
v 0.138695 0.511736 -0.433611
v 0.702722 0.485468 -0.433616
v 0.162558 0.466560 -0.433618
v 0.674290 0.466811 -0.433609
v 0.162558 0.131109 -0.433618
v 0.674291 0.131109 -0.433609
v 0.702722 0.112466 -0.433616
v 1.271315 0.112466 -0.433610
v 0.717266 0.085941 -0.433613
v 0.731152 0.466825 -0.433609
v 0.731153 0.131123 -0.433609
v 1.242888 0.131123 -0.433614
v 1.242888 0.467076 -0.433614
v 1.271315 0.485747 -0.433610
v 1.295836 0.512375 -0.433618
v 1.779336 0.467084 -0.433607
v 1.299555 0.467084 -0.433612
v 1.334754 0.112466 -0.433615
v 1.356655 0.131130 -0.433608
v 1.804410 0.112465 -0.433609
v 1.779336 0.131130 -0.433607
v 1.804410 0.485747 -0.433609
v 1.838276 0.085941 -0.433613
v 1.838276 0.512374 -0.433613
v 1.295836 0.085941 -0.433618
v 0.717266 0.512055 -0.433613
v 0.138695 0.085941 -0.433611
v -0.439876 0.511417 -0.433611
v -1.588627 0.465753 -0.433613
v 1.567947 -0.148356 0.418064
v 1.775398 -0.148356 0.418069
v 1.567947 0.108747 0.418064
v 1.532297 -0.148356 0.418067
v 1.804402 -0.204271 0.418070
v 1.532297 0.108747 0.418067
v 1.324848 -0.148356 0.418066
v 1.295842 -0.204271 0.418066
v 1.324848 0.108747 0.418066
v 1.295842 0.085941 0.418066
v 1.324848 0.462941 0.418066
v 1.532297 0.462941 0.418067
v 1.295842 0.485747 0.418066
v 1.804402 0.485747 0.418070
v 1.567947 0.462941 0.418064
v 1.775398 0.462941 0.418069
v 1.775398 0.108746 0.418069
v 1.804402 0.085941 0.418070
v -0.097024 0.131095 0.418060
v -0.097024 0.442009 0.418060
v -0.062937 0.131095 0.418065
v -0.097024 -0.178246 0.418060
v -0.062937 -0.178246 0.418065
v -0.097863 -0.204270 0.418065
v -0.378058 -0.178246 0.418067
v -0.378058 0.131095 0.418067
v -0.406039 -0.180642 0.418061
v -0.406039 -0.204270 0.418061
v -0.406039 0.131095 0.418061
v -0.406039 0.466295 0.418061
v -0.079984 0.466420 0.418072
v -0.378058 0.441934 0.418067
v 0.246166 0.466546 0.418062
v -0.062937 0.442084 0.418065
v 0.218192 0.442160 0.418069
v 0.218192 0.131095 0.418069
v 0.246166 0.131095 0.418062
v 0.218192 -0.178246 0.418069
v 0.246166 -0.204270 0.418062
v 0.246166 -0.180642 0.418062
v -0.062103 -0.204270 0.418064
v -1.292955 -0.115077 0.422751
v -1.533275 -0.115077 0.422750
v -1.292946 -0.115077 0.402114
v -1.533272 -0.115077 0.402117
v -1.292946 -0.129912 0.402114
v -1.533272 -0.129912 0.402117
v -1.292955 -0.129912 0.422751
v -1.533275 -0.129912 0.422750
v -1.292946 -0.129912 0.402114
v -1.292955 -0.129912 0.422751
v -1.292946 -0.115077 0.402114
v -1.292955 -0.115077 0.422751
v -1.292955 -0.129912 0.422751
v -1.533275 -0.129912 0.422750
v -1.292955 -0.115077 0.422751
v -1.533275 -0.115077 0.422750
v -1.533275 -0.129912 0.422750
v -1.533272 -0.129912 0.402117
v -1.533275 -0.115077 0.422750
v -1.533272 -0.115077 0.402117
v -1.292955 -0.081699 0.422751
v -1.533275 -0.081699 0.422750
v -1.292946 -0.081699 0.402114
v -1.533272 -0.081699 0.402117
v -1.292946 -0.096534 0.402114
v -1.533272 -0.096534 0.402117
v -1.292955 -0.096534 0.422751
v -1.533275 -0.096534 0.422750
v -1.292946 -0.096534 0.402114
v -1.292955 -0.096534 0.422751
v -1.292946 -0.081699 0.402114
v -1.292955 -0.081699 0.422751
v -1.292955 -0.096534 0.422751
v -1.533275 -0.096534 0.422750
v -1.292955 -0.081699 0.422751
v -1.533275 -0.081699 0.422750
v -1.533275 -0.096534 0.422750
v -1.533272 -0.096534 0.402117
v -1.533275 -0.081699 0.422750
v -1.533272 -0.081699 0.402117
v -1.292955 -0.048321 0.422751
v -1.533275 -0.048321 0.422750
v -1.292946 -0.048321 0.402114
v -1.533272 -0.048321 0.402117
v -1.292946 -0.063156 0.402114
v -1.533272 -0.063155 0.402117
v -1.292955 -0.063156 0.422751
v -1.533275 -0.063155 0.422750
v -1.292946 -0.063156 0.402114
v -1.292955 -0.063156 0.422751
v -1.292946 -0.048321 0.402114
v -1.292955 -0.048321 0.422751
v -1.292955 -0.063156 0.422751
v -1.533275 -0.063155 0.422750
v -1.292955 -0.048321 0.422751
v -1.533275 -0.048321 0.422750
v -1.533275 -0.063155 0.422750
v -1.533272 -0.063155 0.402117
v -1.533275 -0.048321 0.422750
v -1.533272 -0.048321 0.402117
v -1.292955 -0.014943 0.422751
v -1.533275 -0.014943 0.422750
v -1.292946 -0.014943 0.402114
v -1.533272 -0.014943 0.402117
v -1.292946 -0.029777 0.402114
v -1.533272 -0.029777 0.402117
v -1.292955 -0.029777 0.422751
v -1.533275 -0.029777 0.422750
v -1.292946 -0.029777 0.402114
v -1.292955 -0.029777 0.422751
v -1.292946 -0.014943 0.402114
v -1.292955 -0.014943 0.422751
v -1.292955 -0.029777 0.422751
v -1.533275 -0.029777 0.422750
v -1.292955 -0.014943 0.422751
v -1.533275 -0.014943 0.422750
v -1.533275 -0.029777 0.422750
v -1.533272 -0.029777 0.402117
v -1.533275 -0.014943 0.422750
v -1.533272 -0.014943 0.402117
v 1.799309 0.342982 0.485863
v 1.798956 0.347030 0.487357
v 1.800113 0.341202 0.482007
v 1.798933 0.358293 0.486992
v 1.826823 0.342780 0.385572
v 1.826240 0.357670 0.387737
v 1.798933 0.358293 0.486992
v 1.826240 0.357670 0.387737
v 1.786403 0.358143 0.483650
v 1.815561 0.357538 0.384811
v 1.826823 0.342780 0.385572
v 1.800113 0.341202 0.482007
v 1.816145 0.342649 0.382650
v 1.787584 0.341051 0.478665
v 1.786773 0.342831 0.482525
v 1.799309 0.342982 0.485863
v 1.786432 0.346878 0.484025
v 1.798956 0.347030 0.487357
v 1.786403 0.358143 0.483650
v 1.798933 0.358293 0.486992
v 1.786432 0.346878 0.484025
v 1.786773 0.342831 0.482525
v 1.786403 0.358143 0.483650
v 1.787584 0.341051 0.478665
v 1.815561 0.357538 0.384811
v 1.816145 0.342649 0.382650
v 1.807450 0.373100 0.445105
v 1.808267 0.365154 0.441919
v 1.805474 0.376393 0.452805
v 1.792299 0.376393 0.503983
v 1.789498 0.365154 0.514860
v 1.790309 0.373100 0.511678
v 1.789498 0.203746 0.514860
v 1.808267 0.203746 0.441919
v 1.792299 0.192507 0.503983
v 1.790309 0.195799 0.511678
v 1.805474 0.192507 0.452805
v 1.807450 0.195799 0.445105
v 1.805474 0.192507 0.452805
v 1.792885 0.192507 0.449563
v 1.792299 0.192507 0.503983
v 1.779709 0.192507 0.500742
v 1.790309 0.195799 0.511678
v 1.777727 0.195799 0.508433
v 1.789498 0.203746 0.514860
v 1.776901 0.203746 0.511622
v 1.777727 0.373100 0.508433
v 1.790309 0.373100 0.511678
v 1.779709 0.376393 0.500742
v 1.792299 0.376393 0.503983
v 1.792885 0.376393 0.449563
v 1.805474 0.376393 0.452805
v 1.794867 0.373100 0.441873
v 1.807450 0.373100 0.445105
v 1.795686 0.365154 0.438687
v 1.808267 0.365154 0.441919
v 1.795686 0.203746 0.438687
v 1.808267 0.203746 0.441919
v 1.794867 0.195799 0.441873
v 1.807450 0.195799 0.445105
v 1.794867 0.195799 0.441873
v 1.807450 0.195799 0.445105
v 1.792885 0.192507 0.449563
v 1.805474 0.192507 0.452805
v 1.795686 0.203746 0.438687
v 1.795686 0.365154 0.438687
v 1.808267 0.203746 0.441919
v 1.808267 0.365154 0.441919
v 1.778732 0.359450 0.504566
v 1.779395 0.366835 0.501994
v 1.778732 0.209450 0.504566
v 1.779395 0.202065 0.501994
v 1.780988 0.199006 0.495789
v 1.780988 0.369894 0.495789
v 1.791610 0.199006 0.454523
v 1.791610 0.369894 0.454523
v 1.793205 0.202065 0.448321
v 1.793205 0.366835 0.448321
v 1.793866 0.209450 0.445746
v 1.793866 0.359450 0.445746
v 1.790309 0.373100 0.511678
v 1.789498 0.365154 0.514860
v 1.777727 0.373100 0.508433
v 1.776901 0.365154 0.511622
v 1.776901 0.203746 0.511622
v 1.789498 0.203746 0.514860
v 1.799309 0.198436 0.485863
v 1.798956 0.202485 0.487357
v 1.800113 0.196657 0.482007
v 1.798933 0.213749 0.486992
v 1.826823 0.198236 0.385572
v 1.826240 0.213125 0.387737
v 1.798933 0.213749 0.486992
v 1.826240 0.213125 0.387737
v 1.786403 0.213598 0.483650
v 1.815561 0.212992 0.384811
v 1.826823 0.198236 0.385572
v 1.800113 0.196657 0.482007
v 1.816145 0.198104 0.382650
v 1.787584 0.196506 0.478665
v 1.786773 0.198286 0.482525
v 1.799309 0.198436 0.485863
v 1.786432 0.202334 0.484025
v 1.798956 0.202485 0.487357
v 1.786403 0.213598 0.483650
v 1.798933 0.213749 0.486992
v 1.786432 0.202334 0.484025
v 1.786773 0.198286 0.482525
v 1.786403 0.213598 0.483650
v 1.787584 0.196506 0.478665
v 1.815561 0.212992 0.384811
v 1.816145 0.198104 0.382650
v -0.495954 0.758764 0.316346
v -0.495955 0.758764 -0.007779
v -0.490279 0.779988 0.316342
v -0.490271 0.758764 0.337569
v -0.474678 0.758764 0.353163
v -0.484760 0.779089 0.336669
v -0.473776 0.779089 0.347661
v -0.473774 0.790073 0.336678
v -0.474678 0.795588 0.316343
v -0.474698 0.795573 -0.007779
v -0.474680 0.795588 -0.331902
v -0.490261 0.780015 -0.007780
v -0.490278 0.779987 -0.331896
v -0.484763 0.779089 -0.352216
v -0.495953 0.758764 -0.331892
v -0.490273 0.758764 -0.353116
v -0.474679 0.758764 -0.368720
v -0.453454 0.758764 -0.374400
v -0.473776 0.779089 -0.363200
v -0.473779 0.790073 -0.352219
v -0.453448 0.779987 -0.368717
v -0.453448 0.779988 0.353165
v -0.453456 0.758764 0.358843
v 1.055464 0.801266 -0.007777
v 0.956988 0.801266 -0.007771
v 1.180178 0.775725 -0.007779
v 1.271478 0.705944 -0.007778
v 1.304902 0.610622 -0.007770
v 0.956988 0.610622 -0.007771
v -0.474678 0.795588 0.316343
v -0.474698 0.795573 -0.007779
v -0.453451 0.801267 0.316337
v -0.473774 0.790073 0.336678
v -0.453451 0.795588 0.337569
v -0.473776 0.779089 0.347661
v -0.453448 0.779988 0.353165
v 0.956982 0.780015 0.353147
v -0.453456 0.758764 0.358843
v 0.956988 0.758764 0.358844
v 1.051153 0.758764 0.358846
v 1.053311 0.780015 0.353156
v 1.162105 0.736040 0.358848
v 1.235576 0.679891 0.358844
v 1.171141 0.755883 0.353151
v 1.177759 0.770409 0.337591
v 1.253533 0.692917 0.353158
v 1.266674 0.702454 0.337603
v 1.282380 0.610622 0.353158
v 1.298862 0.610622 0.337599
v 1.259860 0.610622 0.358852
v 1.304897 0.610622 0.316341
v 1.304902 0.610622 -0.007770
v 1.271480 0.705944 0.316345
v 1.271478 0.705944 -0.007778
v 1.180181 0.775725 0.316344
v 1.180178 0.775725 -0.007779
v 1.055466 0.801266 0.316347
v 1.054877 0.795572 0.337593
v 0.956977 0.801266 0.316348
v 0.956987 0.795572 0.337595
v 1.180182 0.775725 -0.331893
v 1.055453 0.801266 -0.331896
v 1.177756 0.770408 -0.353147
v 1.271485 0.705944 -0.331890
v 1.304900 0.610622 -0.331893
v 1.266672 0.702454 -0.353149
v 1.298870 0.610622 -0.353141
v 1.253535 0.692917 -0.368702
v 1.171143 0.755883 -0.368693
v 1.235577 0.679891 -0.374399
v 1.282383 0.610622 -0.368703
v 1.259858 0.610622 -0.374397
v 1.162107 0.736040 -0.374391
v 1.051147 0.758763 -0.374392
v 1.053305 0.780015 -0.368700
v 0.956981 0.758763 -0.374394
v 0.956981 0.780015 -0.368707
v -0.453454 0.758764 -0.374400
v -0.453448 0.779987 -0.368717
v -0.473776 0.779089 -0.363200
v -0.453453 0.795588 -0.353116
v -0.453456 0.801267 -0.331897
v -0.473779 0.790073 -0.352219
v 0.956980 0.795572 -0.353149
v 0.956986 0.801266 -0.331894
v 1.054887 0.795572 -0.353139
v -0.474680 0.795588 -0.331902
v -0.453449 0.801267 -0.007776
v 1.051153 0.758764 0.358846
v 0.956988 0.758764 0.358844
v 1.162105 0.736040 0.358848
v 1.235576 0.679891 0.358844
v 1.259860 0.610622 0.358852
v 0.956988 0.610622 0.358844
v -0.453456 0.610622 0.358843
v -0.453456 0.758764 0.358843
v -0.474704 0.610622 0.353152
v -0.474678 0.758764 0.353163
v -0.490260 0.610622 0.337589
v -0.490271 0.758764 0.337569
v -0.495954 0.610622 0.316346
v -0.495954 0.758764 0.316346
v -0.495955 0.610622 -0.007779
v -0.495955 0.758764 -0.007779
v -0.495953 0.610622 -0.331892
v -0.495953 0.758764 -0.331892
v -0.490262 0.610622 -0.353149
v -0.490273 0.758764 -0.353116
v -0.474707 0.610622 -0.368704
v -0.474679 0.758764 -0.368720
v -0.453454 0.610622 -0.374400
v -0.453454 0.758764 -0.374400
v 0.956981 0.610622 -0.374394
v 0.956981 0.758763 -0.374394
v 1.259858 0.610622 -0.374397
v 1.235577 0.679891 -0.374399
v 1.162107 0.736040 -0.374391
v 1.051147 0.758763 -0.374392
v -0.453451 0.801267 0.316337
v -0.453449 0.801267 -0.007776
v 0.956977 0.801266 0.316348
v 0.956988 0.801266 -0.007771
v 1.055466 0.801266 0.316347
v 1.180181 0.775725 0.316344
v 1.055464 0.801266 -0.007777
v 1.055453 0.801266 -0.331896
v 1.180178 0.775725 -0.007779
v 1.180182 0.775725 -0.331893
v 0.956986 0.801266 -0.331894
v -0.453456 0.801267 -0.331897
v -1.533267 -0.115077 -0.417672
v -1.292956 -0.115077 -0.417679
v -1.533271 -0.115077 -0.438313
v -1.292953 -0.115077 -0.438311
v -1.533271 -0.129912 -0.438313
v -1.292953 -0.129912 -0.438311
v -1.533267 -0.129912 -0.417672
v -1.292956 -0.129912 -0.417679
v -1.533271 -0.115077 -0.438313
v -1.292953 -0.115077 -0.438311
v -1.533271 -0.129912 -0.438313
v -1.292953 -0.129912 -0.438311
v -1.533267 -0.115077 -0.417672
v -1.533267 -0.129912 -0.417672
v -1.533271 -0.115077 -0.438313
v -1.533271 -0.129912 -0.438313
v -1.533267 -0.081699 -0.417672
v -1.292956 -0.081699 -0.417679
v -1.533271 -0.081699 -0.438313
v -1.292953 -0.081699 -0.438311
v -1.533271 -0.096534 -0.438313
v -1.292953 -0.096534 -0.438311
v -1.533267 -0.096534 -0.417672
v -1.292956 -0.096534 -0.417679
v -1.292953 -0.081699 -0.438311
v -1.292956 -0.081699 -0.417679
v -1.292953 -0.096534 -0.438311
v -1.292956 -0.096534 -0.417679
v -1.533271 -0.081699 -0.438313
v -1.292953 -0.081699 -0.438311
v -1.533271 -0.096534 -0.438313
v -1.292953 -0.096534 -0.438311
v -1.533267 -0.081699 -0.417672
v -1.533271 -0.081699 -0.438313
v -1.533267 -0.096534 -0.417672
v -1.533271 -0.096534 -0.438313
v -1.533267 -0.048321 -0.417672
v -1.292956 -0.048321 -0.417679
v -1.533271 -0.048321 -0.438313
v -1.292953 -0.048321 -0.438311
v -1.533271 -0.063156 -0.438313
v -1.292953 -0.063156 -0.438311
v -1.533267 -0.063156 -0.417672
v -1.292956 -0.063156 -0.417679
v -1.292953 -0.048321 -0.438311
v -1.292956 -0.048321 -0.417679
v -1.292953 -0.063156 -0.438311
v -1.292956 -0.063156 -0.417679
v -1.533271 -0.048321 -0.438313
v -1.292953 -0.048321 -0.438311
v -1.533271 -0.063156 -0.438313
v -1.292953 -0.063156 -0.438311
v -1.533267 -0.048321 -0.417672
v -1.533271 -0.048321 -0.438313
v -1.533267 -0.063156 -0.417672
v -1.533271 -0.063156 -0.438313
v -1.533267 -0.014943 -0.417672
v -1.292956 -0.014943 -0.417679
v -1.533271 -0.014943 -0.438313
v -1.292953 -0.014943 -0.438311
v -1.533271 -0.029777 -0.438313
v -1.292953 -0.029777 -0.438311
v -1.533267 -0.029777 -0.417672
v -1.292956 -0.029777 -0.417679
v -1.292953 -0.014943 -0.438311
v -1.292956 -0.014943 -0.417679
v -1.292953 -0.029777 -0.438311
v -1.292956 -0.029777 -0.417679
v -1.533271 -0.014943 -0.438313
v -1.292953 -0.014943 -0.438311
v -1.533271 -0.029777 -0.438313
v -1.292953 -0.029777 -0.438311
v -1.533267 -0.014943 -0.417672
v -1.533271 -0.014943 -0.438313
v -1.533267 -0.029777 -0.417672
v -1.533271 -0.029777 -0.438313
v 1.799308 0.342981 -0.501414
v 1.798967 0.347030 -0.502900
v 1.800116 0.341201 -0.497550
v 1.798939 0.358293 -0.502544
v 1.826826 0.342780 -0.401115
v 1.826252 0.357669 -0.403285
v 1.815558 0.357538 -0.400358
v 1.786409 0.358143 -0.499195
v 1.826252 0.357669 -0.403285
v 1.798939 0.358293 -0.502544
v 1.826826 0.342780 -0.401115
v 1.800116 0.341201 -0.497550
v 1.816141 0.342649 -0.398192
v 1.787580 0.341051 -0.494211
v 1.786772 0.342831 -0.498075
v 1.799308 0.342981 -0.501414
v 1.786433 0.346878 -0.499562
v 1.798967 0.347030 -0.502900
v 1.786409 0.358143 -0.499195
v 1.798939 0.358293 -0.502544
v 1.807448 0.373100 -0.460665
v 1.805471 0.376392 -0.468355
v 1.808270 0.365154 -0.457474
v 1.789495 0.365154 -0.530414
v 1.808270 0.203746 -0.457474
v 1.789495 0.203746 -0.530414
v 1.805471 0.192507 -0.468355
v 1.807448 0.195799 -0.460665
v 1.792296 0.192507 -0.519535
v 1.790311 0.195799 -0.527220
v 1.790311 0.373100 -0.527220
v 1.792296 0.376392 -0.519535
v 1.805471 0.192507 -0.468355
v 1.792880 0.192507 -0.465111
v 1.792296 0.192507 -0.519535
v 1.779710 0.192507 -0.516285
v 1.790311 0.195799 -0.527220
v 1.777726 0.195799 -0.523985
v 1.777726 0.195799 -0.523985
v 1.790311 0.195799 -0.527220
v 1.776898 0.203746 -0.527167
v 1.789495 0.203746 -0.530414
v 1.777726 0.373100 -0.523985
v 1.790311 0.373100 -0.527220
v 1.779709 0.376392 -0.516285
v 1.792296 0.376392 -0.519535
v 1.792880 0.376392 -0.465111
v 1.805471 0.376392 -0.468355
v 1.794861 0.373100 -0.457415
v 1.807448 0.373100 -0.460665
v 1.794861 0.373100 -0.457415
v 1.807448 0.373100 -0.460665
v 1.795686 0.365154 -0.454239
v 1.808270 0.365154 -0.457474
v 1.795686 0.203746 -0.454239
v 1.808270 0.203746 -0.457474
v 1.794861 0.195799 -0.457415
v 1.807448 0.195799 -0.460665
v 1.794861 0.195799 -0.457415
v 1.807448 0.195799 -0.460665
v 1.792880 0.192507 -0.465111
v 1.805471 0.192507 -0.468355
v 1.808270 0.365154 -0.457474
v 1.808270 0.203746 -0.457474
v 1.795686 0.365154 -0.454239
v 1.795686 0.203746 -0.454239
v 1.793862 0.359450 -0.461300
v 1.793862 0.209450 -0.461300
v 1.793208 0.366835 -0.463865
v 1.793208 0.202064 -0.463865
v 1.791603 0.369894 -0.470074
v 1.791603 0.199006 -0.470074
v 1.780981 0.369894 -0.511333
v 1.780981 0.199006 -0.511333
v 1.779382 0.366835 -0.517532
v 1.779382 0.202064 -0.517532
v 1.778718 0.359450 -0.520109
v 1.778718 0.209450 -0.520109
v 1.790311 0.373100 -0.527220
v 1.777726 0.373100 -0.523985
v 1.789495 0.365154 -0.530414
v 1.776898 0.365154 -0.527167
v 1.789495 0.203746 -0.530414
v 1.776898 0.203746 -0.527167
v 1.799308 0.198436 -0.501414
v 1.798967 0.202484 -0.502900
v 1.800116 0.196657 -0.497550
v 1.798939 0.213748 -0.502544
v 1.826826 0.198235 -0.401115
v 1.826252 0.213125 -0.403285
v 1.815558 0.212992 -0.400358
v 1.786409 0.213598 -0.499195
v 1.826252 0.213125 -0.403285
v 1.798939 0.213748 -0.502544
v 1.826826 0.198235 -0.401115
v 1.800116 0.196657 -0.497550
v 1.816141 0.198103 -0.398192
v 1.787580 0.196506 -0.494211
v 1.786772 0.198286 -0.498075
v 1.799308 0.198436 -0.501414
v 1.786433 0.202334 -0.499562
v 1.798967 0.202484 -0.502900
v 1.786409 0.213598 -0.499195
v 1.798939 0.213748 -0.502544
v 1.816141 0.198103 -0.398192
v 1.787580 0.196506 -0.494211
v 1.815558 0.212992 -0.400358
v 1.786772 0.198286 -0.498075
v 1.786409 0.213598 -0.499195
v 1.786433 0.202334 -0.499562
v 1.897181 -0.140198 0.195288
v 1.860245 -0.140198 0.195289
v 1.897184 -0.123287 0.335769
v 1.860242 -0.123287 0.335774
v 1.897187 -0.118051 0.349172
v 1.860245 -0.118051 0.349181
v 1.897181 -0.105411 0.354734
v 1.860245 -0.105411 0.354735
v 1.897181 -0.089468 0.354734
v 1.860245 -0.089468 0.354735
v 1.897187 -0.076828 0.349172
v 1.860245 -0.076828 0.349181
v 1.860245 -0.076828 0.349181
v 1.897187 -0.076828 0.349172
v 1.860242 -0.071592 0.335774
v 1.897184 -0.071592 0.335769
v 1.860242 -0.073471 0.201264
v 1.897183 -0.073471 0.201269
v 1.860238 -0.078707 0.187858
v 1.897188 -0.078707 0.187862
v 1.860238 -0.078707 0.187858
v 1.897188 -0.078707 0.187862
v 1.860247 -0.091347 0.182298
v 1.897186 -0.091347 0.182304
v 1.860240 -0.122322 0.176329
v 1.897185 -0.122322 0.176323
v 1.860240 -0.134962 0.181884
v 1.897185 -0.134962 0.181878
v 1.860245 -0.140198 0.195289
v 1.897181 -0.140198 0.195288
v 1.897189 -0.140198 -0.210834
v 1.860239 -0.140198 -0.210838
v 1.897183 -0.123287 -0.351318
v 1.860239 -0.123287 -0.351312
v 1.897186 -0.118051 -0.364728
v 1.860245 -0.118051 -0.364720
v 1.897186 -0.105411 -0.370282
v 1.860243 -0.105411 -0.370277
v 1.897186 -0.089468 -0.370282
v 1.860243 -0.089468 -0.370277
v 1.897186 -0.076828 -0.364728
v 1.860245 -0.076828 -0.364720
v 1.860245 -0.076828 -0.364720
v 1.897186 -0.076828 -0.364728
v 1.860239 -0.071592 -0.351312
v 1.897183 -0.071592 -0.351318
v 1.860241 -0.073471 -0.216812
v 1.897184 -0.073471 -0.216821
v 1.860243 -0.078707 -0.203409
v 1.897186 -0.078707 -0.203401
v 1.860243 -0.078707 -0.203409
v 1.897186 -0.078707 -0.203401
v 1.860245 -0.091347 -0.197851
v 1.897181 -0.091347 -0.197856
v 1.860243 -0.122322 -0.191877
v 1.897186 -0.122322 -0.191869
v 1.860246 -0.134963 -0.197424
v 1.897184 -0.134963 -0.197427
v 1.860239 -0.140198 -0.210838
v 1.897189 -0.140198 -0.210834
v -2.004292 -0.023892 -0.289731
v -2.004328 0.033691 -0.308490
v -2.004107 -0.029868 -0.279783
v -2.004141 0.034114 -0.300629
v -2.004164 0.068773 -0.319826
v -2.004342 0.064884 -0.325775
v -2.004166 0.089189 -0.345597
v -2.004352 0.083259 -0.348956
v -1.610676 0.710397 -0.267095
v -1.608008 0.709962 -0.276929
v -1.613419 0.700128 -0.267090
v -1.610671 0.700128 -0.277363
v -1.603125 0.700128 -0.284913
v -1.602700 0.709962 -0.282238
v -1.592856 0.700128 -0.287660
v -1.592864 0.710397 -0.284904
v -0.793079 0.700128 -0.287659
v -0.793071 0.710397 -0.284911
v -0.782804 0.700128 -0.284907
v -0.775257 0.700128 -0.277356
v -0.783241 0.709962 -0.282239
v -0.783233 0.715276 -0.276922
v -0.777929 0.709962 -0.276921
v -0.777929 0.709962 -0.276921
v -0.775254 0.710397 -0.267092
v -0.775257 0.700128 -0.277356
v -0.772505 0.700128 -0.267089
v -0.772508 0.700128 0.251540
v -0.775258 0.710397 0.251538
v -0.777922 0.709962 0.261370
v -0.782801 0.717945 0.251536
v -0.793068 0.720692 0.251544
v -0.782802 0.717945 -0.267090
v -0.783239 0.715276 0.261374
v -0.793067 0.717945 0.261807
v -1.592858 0.717945 0.261798
v -1.592854 0.720692 0.251533
v -1.602686 0.715276 0.261370
v -1.603124 0.717945 0.251542
v -1.602684 0.709962 0.266690
v -1.607998 0.709962 0.261373
v -1.610681 0.710397 0.251535
v -1.610679 0.700128 0.261811
v -1.613421 0.700128 0.251541
v -1.613419 0.700128 -0.267090
v -1.610676 0.710397 -0.267095
v -1.608008 0.709962 -0.276929
v -1.603135 0.717945 -0.267092
v -1.592860 0.720692 -0.267093
v -1.602696 0.715276 -0.276932
v -1.592859 0.717945 -0.277355
v -0.793077 0.717945 -0.277360
v -0.793072 0.720692 -0.267097
v -0.793077 0.717945 -0.277360
v -1.592859 0.717945 -0.277355
v -1.602696 0.715276 -0.276932
v -1.607998 0.709962 0.261373
v -1.610679 0.700128 0.261811
v -1.602684 0.709962 0.266690
v -1.603131 0.700128 0.269346
v -1.592861 0.710397 0.269353
v -1.602686 0.715276 0.261370
v -1.592858 0.717945 0.261798
v -0.793067 0.717945 0.261807
v -0.793072 0.710397 0.269359
v -0.783239 0.715276 0.261374
v -0.783248 0.709962 0.266687
v -0.777922 0.709962 0.261370
v -0.775257 0.700128 0.261813
v -0.775258 0.710397 0.251538
v -0.772508 0.700128 0.251540
v -0.782808 0.700128 0.269353
v -0.793077 0.700128 0.272102
v -1.592855 0.700128 0.272099
v -0.772505 0.596335 -0.267089
v -0.775268 0.596335 -0.277376
v -0.772505 0.700128 -0.267089
v -0.775257 0.700128 -0.277356
v -0.782804 0.700128 -0.284907
v -0.782789 0.596335 -0.284900
v -0.793079 0.700128 -0.287659
v -0.793079 0.596335 -0.287659
v -1.592856 0.700128 -0.287660
v -1.592856 0.596335 -0.287660
v -1.603125 0.700128 -0.284913
v -1.603142 0.596335 -0.284903
v -1.610671 0.700128 -0.277363
v -1.610662 0.596335 -0.277379
v -1.613419 0.700128 -0.267090
v -1.613419 0.596335 -0.267090
v -1.613421 0.700128 0.251541
v -1.613421 0.596335 0.251541
v -1.592854 0.720692 0.251533
v -1.592860 0.720692 -0.267093
v -0.793068 0.720692 0.251544
v -0.793072 0.720692 -0.267097
v -1.613421 0.596335 0.251541
v -1.613421 0.700128 0.251541
v -1.610673 0.596335 0.261821
v -1.610679 0.700128 0.261811
v -1.603139 0.596335 0.269351
v -1.603131 0.700128 0.269346
v -1.592855 0.596335 0.272099
v -1.592855 0.700128 0.272099
v -0.793077 0.596335 0.272102
v -0.793077 0.700128 0.272102
v -0.782791 0.596335 0.269344
v -0.782808 0.700128 0.269353
v -0.775263 0.596335 0.261817
v -0.775257 0.700128 0.261813
v -0.772508 0.596335 0.251540
v -0.772508 0.700128 0.251540
v -0.772505 0.596335 -0.267089
v -0.772505 0.700128 -0.267089
v -1.980141 -0.165990 0.422978
v -1.959241 -0.166725 0.418060
v -2.002462 -0.163228 0.415902
v -1.981649 -0.163953 0.412008
v -2.014983 -0.161681 0.397854
v -1.998058 -0.161923 0.395478
v -2.019012 -0.161183 0.372870
v -2.004062 -0.161180 0.372886
v -2.019007 -0.161183 -0.007778
v -2.004061 -0.161180 -0.007774
v -2.019010 -0.161183 -0.388425
v -2.004059 -0.161180 -0.388445
v -2.014982 -0.161681 -0.413415
v -1.998055 -0.161923 -0.411033
v -2.002469 -0.163228 -0.431465
v -1.981657 -0.163953 -0.427568
v -1.980145 -0.165990 -0.438537
v -1.959233 -0.166725 -0.433615
v -1.597015 -0.204270 -0.433620
v -2.004059 -0.161180 -0.388445
v -2.004061 -0.161180 -0.007774
v -1.597015 -0.204270 -0.433620
v -1.196520 -0.204270 0.266222
v -1.196522 -0.204270 -0.433617
v -1.196519 -0.204270 -0.281775
v -0.789172 -0.204270 -0.281777
v -0.062103 -0.204270 0.418064
v -0.789176 -0.204270 -0.433618
v -0.789174 -0.204270 0.266223
v -0.406039 -0.204270 0.418061
v -0.789169 -0.204270 0.418064
v -0.097863 -0.204270 0.418065
v 0.717266 -0.204271 -0.433613
v 0.799010 -0.204271 -0.281771
v 0.246166 -0.204270 0.418062
v 0.799017 -0.204271 0.266226
v 1.209708 -0.204271 -0.281775
v 1.883443 -0.204271 -0.007772
v 1.295836 -0.204271 -0.433618
v 1.209706 -0.204271 0.266227
v 1.804402 -0.204271 0.418070
v 1.209711 -0.204271 0.418067
v 1.295842 -0.204271 0.418066
v 1.883442 -0.204271 0.372903
v 1.838276 -0.204271 -0.433613
v 1.877387 -0.204271 -0.411031
v 1.860854 -0.204271 -0.427558
v 1.883439 -0.204271 -0.388440
v 0.717265 -0.204271 0.418058
v 0.799020 -0.204271 0.418068
v -1.597017 -0.204270 0.418065
v -1.196521 -0.204270 0.418057
v -1.959241 -0.166725 0.418060
v -2.004062 -0.161180 0.372886
v 1.860856 -0.204271 0.412011
v 1.877385 -0.204271 0.395478
v 1.838275 -0.204271 0.418058
v 1.804402 -0.204271 0.418070
v 1.883442 -0.204271 0.372903
v -1.041573 0.045621 -0.281780
v -0.947318 0.044023 -0.281777
v -1.119840 0.013672 -0.281780
v -0.875433 0.010477 -0.281779
v -1.167767 -0.037446 -0.281773
v -0.819528 -0.043836 -0.281766
v -1.190132 -0.115721 -0.281772
v -0.795566 -0.114124 -0.281774
v -1.196519 -0.204270 -0.281775
v -0.789172 -0.204270 -0.281777
v -1.041562 0.045621 0.266223
v -0.947313 0.044023 0.266217
v -1.119845 0.013672 0.266231
v -0.875429 0.010477 0.266231
v -1.167760 -0.037446 0.266219
v -0.819520 -0.043836 0.266230
v -1.190128 -0.115721 0.266223
v -1.196520 -0.204270 0.266222
v -0.795567 -0.114124 0.266223
v -0.789174 -0.204270 0.266223
v 0.961346 0.043353 0.266222
v 0.883945 0.022925 0.266227
v 1.060264 0.039052 0.266221
v 1.137673 0.000348 0.266225
v 1.180679 -0.052333 0.266225
v 1.204331 -0.125440 0.266220
v 0.832335 -0.031905 0.266226
v 0.807611 -0.100712 0.266219
v 0.799017 -0.204271 0.266226
v 1.209706 -0.204271 0.266227
v 0.961353 0.043353 -0.281769
v 1.060266 0.039052 -0.281777
v 0.883947 0.022925 -0.281770
v 1.137674 0.000348 -0.281777
v 0.832336 -0.031905 -0.281776
v 1.180675 -0.052333 -0.281769
v 0.807615 -0.100712 -0.281779
v 1.204333 -0.125440 -0.281773
v 0.799010 -0.204271 -0.281771
v 1.209708 -0.204271 -0.281775
v -1.119840 0.013672 -0.281780
v -1.041573 0.045621 -0.281780
v -1.119841 0.013672 -0.433614
v -1.041571 0.045621 -0.433614
v -0.947323 0.044023 -0.433617
v -0.875433 0.010477 -0.433612
v -0.947318 0.044023 -0.281777
v -0.875433 0.010477 -0.281779
v -0.819528 -0.043836 -0.281766
v -0.819528 -0.043836 -0.433621
v -0.795566 -0.114124 -0.281774
v -0.795563 -0.114124 -0.433621
v -0.789172 -0.204270 -0.281777
v -0.789176 -0.204270 -0.433618
v 0.799010 -0.204271 -0.281771
v 0.799009 -0.204271 -0.433609
v 0.807615 -0.100712 -0.281779
v 0.807616 -0.100712 -0.433610
v 0.832336 -0.031905 -0.281776
v 0.832342 -0.031905 -0.433618
v 0.883947 0.022925 -0.281770
v 0.883944 0.022925 -0.433612
v -1.196519 -0.204270 -0.281775
v -1.196522 -0.204270 -0.433617
v -1.190132 -0.115721 -0.281772
v -1.190136 -0.115721 -0.433612
v -1.167767 -0.037446 -0.281773
v -1.167772 -0.037446 -0.433614
v -1.119840 0.013672 -0.281780
v -1.119841 0.013672 -0.433614
v 1.209703 -0.204271 -0.433616
v 1.209708 -0.204271 -0.281775
v 1.204337 -0.125440 -0.433606
v 1.204333 -0.125440 -0.281773
v 1.180678 -0.052333 -0.433614
v 1.180675 -0.052333 -0.281769
v 1.137669 0.000348 -0.433618
v 1.137674 0.000348 -0.281777
v 1.060263 0.039052 -0.433618
v 1.060266 0.039052 -0.281777
v 0.961357 0.043353 -0.433615
v 0.961353 0.043353 -0.281769
v 0.883944 0.022925 -0.433612
v 0.883947 0.022925 -0.281770
v -1.196521 -0.204270 0.418057
v -1.196520 -0.204270 0.266222
v -1.190124 -0.115721 0.418064
v -1.190128 -0.115721 0.266223
v -1.167770 -0.037446 0.418059
v -1.167760 -0.037446 0.266219
v -1.119839 0.013672 0.418058
v -1.119845 0.013672 0.266231
v 0.799020 -0.204271 0.418068
v 0.799017 -0.204271 0.266226
v 0.807608 -0.100712 0.418065
v 0.807611 -0.100712 0.266219
v 0.832348 -0.031905 0.418062
v 0.832335 -0.031905 0.266226
v 0.883944 0.022925 0.418062
v 0.883945 0.022925 0.266227
v -0.789174 -0.204270 0.266223
v -0.789169 -0.204270 0.418064
v -0.795567 -0.114124 0.266223
v -0.795564 -0.114124 0.418065
v -0.819520 -0.043836 0.266230
v -0.875429 0.010477 0.266231
v -0.819520 -0.043836 0.418060
v -0.875430 0.010477 0.418061
v -0.947317 0.044023 0.418063
v -1.041571 0.045621 0.418059
v -0.947313 0.044023 0.266217
v -1.041562 0.045621 0.266223
v -1.119845 0.013672 0.266231
v -1.119839 0.013672 0.418058
v 1.209706 -0.204271 0.266227
v 1.209711 -0.204271 0.418067
v 1.204331 -0.125440 0.266220
v 1.204327 -0.125440 0.418070
v 1.180679 -0.052333 0.266225
v 1.180676 -0.052333 0.418070
v 1.137673 0.000348 0.266225
v 1.137677 0.000348 0.418065
v 1.060264 0.039052 0.266221
v 1.060261 0.039052 0.418066
v 0.961346 0.043353 0.266222
v 0.961351 0.043353 0.418063
v 0.883945 0.022925 0.266227
v 0.883944 0.022925 0.418062
v 1.775398 -0.148356 0.418069
v 1.567947 -0.148356 0.418064
v 1.775390 -0.148356 0.406660
v 1.567953 -0.148356 0.406661
v 1.324848 0.462941 0.418066
v 1.324846 0.462941 0.406668
v 1.532297 0.462941 0.418067
v 1.532286 0.462941 0.406674
v 1.567947 -0.148356 0.418064
v 1.567953 -0.148356 0.406661
v 1.567947 0.108747 0.418064
v 1.567953 0.108747 0.406661
v 1.567947 0.462941 0.418064
v 1.567953 0.462941 0.406661
v 1.567947 0.462941 0.418064
v 1.775398 0.462941 0.418069
v 1.567953 0.462941 0.406661
v 1.775390 0.462941 0.406660
v 1.324846 0.462941 0.406668
v 1.324848 0.462941 0.418066
v 1.324846 0.108747 0.406668
v 1.324848 0.108747 0.418066
v 1.324846 -0.148356 0.406668
v 1.324848 -0.148356 0.418066
v 1.567953 -0.148356 0.406661
v 1.775390 -0.148356 0.406660
v 1.567953 0.108747 0.406661
v 1.775390 0.108746 0.406660
v 1.567953 0.462941 0.406661
v 1.775390 0.462941 0.406660
v 1.532286 0.462941 0.406674
v 1.324846 0.462941 0.406668
v 1.532286 0.108747 0.406674
v 1.324846 0.108747 0.406668
v 1.532286 -0.148356 0.406674
v 1.324846 -0.148356 0.406668
v 1.532297 -0.148356 0.418067
v 1.532286 -0.148356 0.406674
v 1.324848 -0.148356 0.418066
v 1.324846 -0.148356 0.406668
v 1.775390 -0.148356 0.406660
v 1.775398 -0.148356 0.418069
v 1.775390 0.108746 0.406660
v 1.775398 0.108746 0.418069
v 1.775390 0.462941 0.406660
v 1.775398 0.462941 0.418069
v 1.532286 -0.148356 0.406674
v 1.532297 -0.148356 0.418067
v 1.532286 0.108747 0.406674
v 1.532297 0.108747 0.418067
v 1.532286 0.462941 0.406674
v 1.532297 0.462941 0.418067
v 1.860856 0.507094 0.412011
v 1.837060 0.597457 0.412033
v 1.877385 0.502870 0.395478
v 1.853643 0.597457 0.395455
v 1.879673 0.516973 0.372899
v 1.883442 0.501813 0.372903
v 1.883443 0.501813 -0.007772
v 1.879676 0.516973 -0.007773
v 1.883439 0.501813 -0.388440
v 1.879670 0.516973 -0.388444
v 1.877386 0.502870 -0.411031
v 1.860854 0.507094 -0.427558
v 1.853638 0.597457 -0.410996
v 1.847777 0.619057 -0.410040
v 1.837056 0.597457 -0.427574
v 1.859678 0.597457 -0.388442
v 1.859677 0.597457 -0.007767
v 1.853634 0.620011 -0.388446
v 1.853621 0.620041 -0.007777
v 1.837059 0.636590 -0.388435
v 1.837093 0.636573 -0.007771
v 1.836105 0.630729 -0.410045
v 1.836104 0.619057 -0.421717
v 1.837056 0.636590 0.372894
v 1.836112 0.630729 0.394490
v 1.853639 0.620011 0.372896
v 1.859677 0.597457 0.372894
v 1.847783 0.619057 0.394495
v 1.836105 0.619057 0.406166
v 0.218192 -0.178246 0.418069
v -0.062937 -0.178246 0.418065
v 0.218198 -0.178246 0.408088
v -0.062941 -0.178246 0.408086
v -0.378058 0.441934 0.418067
v -0.097024 0.442009 0.418060
v -0.378059 0.441934 0.408078
v -0.097027 0.442009 0.408085
v -0.062941 0.442084 0.408086
v -0.062941 0.131095 0.408086
v -0.062937 0.442084 0.418065
v -0.062937 0.131095 0.418065
v -0.062937 -0.178246 0.418065
v -0.062941 -0.178246 0.408086
v -0.378059 0.441934 0.408078
v -0.378059 0.131095 0.408078
v -0.097027 0.442009 0.408085
v -0.097027 0.131095 0.408085
v -0.097027 -0.178246 0.408085
v -0.378059 -0.178246 0.408078
v 0.218198 -0.178246 0.408088
v -0.062941 -0.178246 0.408086
v 0.218198 0.131095 0.408088
v -0.062941 0.131095 0.408086
v 0.218198 0.442160 0.408088
v -0.062941 0.442084 0.408086
v -0.097024 -0.178246 0.418060
v -0.378058 -0.178246 0.418067
v -0.097027 -0.178246 0.408085
v -0.378059 -0.178246 0.408078
v -0.378058 -0.178246 0.418067
v -0.378058 0.131095 0.418067
v -0.378059 -0.178246 0.408078
v -0.378059 0.131095 0.408078
v -0.378059 0.441934 0.408078
v -0.378058 0.441934 0.418067
v -0.097027 -0.178246 0.408085
v -0.097024 -0.178246 0.418060
v -0.097027 0.131095 0.408085
v -0.097024 0.131095 0.418060
v -0.097027 0.442009 0.408085
v -0.097024 0.442009 0.418060
v 0.746408 0.147535 0.418059
v 0.746411 0.147535 0.424809
v 1.227630 0.147535 0.418060
v 1.227635 0.147535 0.424814
v 0.321271 0.147887 0.418066
v 0.321270 0.147887 0.424810
v 0.656054 0.147887 0.418067
v 0.656055 0.147887 0.424810
v 0.731157 0.131123 0.418072
v 0.731158 0.131123 0.424815
v 0.731157 0.466825 0.418072
v 0.731158 0.466825 0.424815
v -0.974624 0.466029 0.418064
v -0.974623 0.466029 0.424807
v -0.462890 0.466280 0.418059
v -0.462885 0.466280 0.424813
v 1.227630 0.147535 0.418060
v 1.227635 0.147535 0.424814
v 1.227630 0.450652 0.418060
v 1.227635 0.450652 0.424814
v -0.956385 0.147835 0.418069
v -0.956383 0.147835 0.424812
v -0.481140 0.147835 0.418059
v -0.481133 0.147835 0.424812
v 0.303032 0.466560 0.418068
v 0.303033 0.466560 0.424816
v 0.674297 0.466812 0.418057
v 0.674296 0.466812 0.424815
v -1.605523 0.147788 0.418060
v -1.605529 0.147788 0.424807
v -1.605523 0.449014 0.418060
v -1.605529 0.449014 0.424807
v 0.674298 0.131109 0.418057
v 0.674296 0.131109 0.424815
v 0.303032 0.131109 0.418068
v 0.303033 0.131109 0.424816
v -1.890305 0.147788 0.418064
v -1.890313 0.147788 0.424810
v -1.605523 0.147788 0.418060
v -1.605529 0.147788 0.424807
v 0.746408 0.450425 0.418059
v 0.746411 0.450425 0.424809
v 0.746408 0.147535 0.418059
v 0.746411 0.147535 0.424809
v -1.031486 0.466015 0.418068
v -1.031484 0.466015 0.424811
v -1.031479 0.131067 0.418064
v -1.031484 0.131067 0.424811
v -0.462890 0.131081 0.418059
v -0.462885 0.131081 0.424813
v -0.974624 0.131081 0.418064
v -0.974623 0.131081 0.424807
v -1.605523 0.449014 0.418060
v -1.605529 0.449014 0.424807
v -1.864553 0.448889 0.418065
v -1.864553 0.448889 0.424806
v -1.864553 0.448889 0.418065
v -1.864553 0.448889 0.424806
v -1.890305 0.147788 0.418064
v -1.890313 0.147788 0.424810
v 0.731157 0.466825 0.418072
v 0.731158 0.466825 0.424815
v 1.242890 0.467076 0.418068
v 1.242884 0.467076 0.424815
v -1.046740 0.147430 0.418056
v -1.046742 0.147430 0.424815
v -1.046740 0.449640 0.418056
v -1.046742 0.449640 0.424815
v -1.031479 0.131067 0.418064
v -1.031484 0.131067 0.424811
v -1.543227 0.131067 0.418061
v -1.543220 0.131067 0.424814
v 0.656054 0.147887 0.418067
v 0.656055 0.147887 0.424810
v 0.656054 0.450020 0.418067
v 0.656055 0.450020 0.424810
v 1.227630 0.450652 0.418060
v 1.227635 0.450652 0.424814
v 0.746408 0.450425 0.418059
v 0.746411 0.450425 0.424809
v 0.180801 0.449793 -0.433610
v 0.180802 0.449793 -0.440368
v 0.656049 0.450019 -0.433614
v 0.656055 0.450019 -0.440361
v 1.760712 0.147927 -0.433616
v 1.760711 0.147927 -0.440358
v 1.369469 0.147928 -0.433611
v 1.369469 0.147928 -0.440355
v -1.605526 0.449014 -0.433621
v -1.605527 0.449014 -0.440367
v -1.605526 0.147788 -0.433621
v -1.605527 0.147788 -0.440367
v 0.656049 0.147887 -0.433614
v 0.656055 0.147887 -0.440361
v 0.180801 0.147887 -0.433610
v 0.180802 0.147887 -0.440368
v 1.760712 0.450286 -0.433616
v 1.760711 0.450286 -0.440358
v 1.760712 0.147927 -0.433616
v 1.760711 0.147927 -0.440358
v -1.605526 0.147788 -0.433621
v -1.605527 0.147788 -0.440367
v -1.890308 0.147788 -0.433619
v -1.890310 0.147788 -0.440362
v -0.481141 0.147835 -0.433612
v -0.481133 0.147835 -0.440361
v -0.956382 0.147835 -0.433618
v -0.956389 0.147835 -0.440355
v -1.864547 0.448889 -0.433613
v -1.864548 0.448889 -0.440354
v -1.605526 0.449014 -0.433621
v -1.605527 0.449014 -0.440367
v 0.105698 0.131095 -0.433615
v 0.105696 0.131095 -0.440358
v 0.105698 0.466546 -0.433615
v 0.105696 0.466546 -0.440358
v -0.406037 0.466294 -0.433613
v -0.406030 0.466294 -0.440358
v -0.406037 0.131095 -0.433613
v -0.406030 0.131095 -0.440358
v 0.746407 0.147535 -0.433615
v 0.746406 0.147535 -0.440358
v 0.746407 0.450425 -0.433615
v 0.746406 0.450425 -0.440358
v -1.031483 0.131067 -0.433619
v -1.031483 0.131067 -0.440361
v -1.031483 0.466015 -0.433619
v -1.031483 0.466015 -0.440361
v 1.299555 0.467084 -0.433612
v 1.299556 0.467084 -0.440369
v 1.356655 0.131130 -0.433608
v 1.356656 0.131130 -0.440366
v 0.105698 0.466546 -0.433615
v 0.105696 0.466546 -0.440358
v -0.406037 0.466294 -0.433613
v -0.406030 0.466294 -0.440358
v -0.390782 0.147483 -0.433615
v -0.390783 0.147483 -0.440358
v -0.390782 0.449919 -0.433615
v -0.390783 0.449919 -0.440358
v 1.779336 0.467084 -0.433607
v 1.779331 0.467084 -0.440361
v 1.299555 0.467084 -0.433612
v 1.299556 0.467084 -0.440369
v 1.242888 0.467076 -0.433614
v 1.242894 0.467076 -0.440362
v 0.731152 0.466825 -0.433609
v 0.731159 0.466825 -0.440357
v -1.046739 0.449639 -0.433616
v -1.046733 0.449639 -0.440361
v -1.046739 0.147430 -0.433616
v -1.046733 0.147430 -0.440361
v 1.356655 0.131130 -0.433608
v 1.356656 0.131130 -0.440366
v 1.779336 0.131130 -0.433607
v 1.779331 0.131130 -0.440361
v -1.588627 0.131056 -0.433613
v -1.588634 0.131056 -0.440366
v -1.588627 0.465753 -0.433613
v -1.588634 0.465753 -0.440366
v -0.406037 0.131095 -0.433613
v -0.406030 0.131095 -0.440358
v 0.105698 0.131095 -0.433615
v 0.105696 0.131095 -0.440358
v -0.390782 0.449919 -0.433615
v -0.390783 0.449919 -0.440358
v 0.090451 0.450145 -0.433615
v 0.090450 0.450145 -0.440356
v 1.779336 0.131130 -0.433607
v 1.779331 0.131130 -0.440361
v 1.779336 0.467084 -0.433607
v 1.779331 0.467084 -0.440361
v -1.908803 0.131056 -0.433612
v -1.908813 0.131056 -0.440359
v -1.588627 0.131056 -0.433613
v -1.588634 0.131056 -0.440366
v -1.543218 0.131067 -0.433614
v -1.543218 0.131067 -0.440356
v -1.031483 0.131067 -0.433619
v -1.031483 0.131067 -0.440361
v 1.209711 -0.204271 0.418067
v 1.295842 -0.204271 0.418066
v 1.204327 -0.125440 0.418070
v 1.295842 0.085941 0.418066
v 1.180676 -0.052333 0.418070
v 1.137677 0.000348 0.418065
v 1.060261 0.039052 0.418066
v 0.961351 0.043353 0.418063
v 0.717265 0.085941 0.418058
v 0.883944 0.022925 0.418062
v 0.832348 -0.031905 0.418062
v 0.807608 -0.100712 0.418065
v 0.799020 -0.204271 0.418068
v 0.717265 -0.204271 0.418058
v 0.246166 -0.204270 0.418062
v 0.246166 -0.180642 0.418062
v 0.246166 0.085941 0.418062
v 0.717265 0.085941 0.418058
v 0.246166 0.085941 0.418062
v 0.279164 0.085941 0.418065
v -2.009243 0.166080 0.333323
v -1.985536 0.474805 0.333316
v -1.999572 0.166080 0.333308
v -1.975858 0.474805 0.333312
v -2.010404 0.150926 0.349279
v -2.010406 0.150926 -0.007776
v -2.000733 0.150926 0.349263
v -2.000728 0.150926 -0.007780
v -2.009243 0.166080 -0.007780
v -2.009243 0.166080 0.333323
v -1.999567 0.166080 -0.007772
v -1.999572 0.166080 0.333308
v -2.010406 0.150926 -0.007776
v -2.009243 0.166080 -0.007780
v -2.000728 0.150926 -0.007780
v -1.999567 0.166080 -0.007772
v -1.984374 0.489959 -0.007781
v -1.984373 0.489959 0.349272
v -1.974701 0.489959 -0.007771
v -1.974705 0.489959 0.349274
v -2.010406 0.150926 -0.007776
v -2.010404 0.150926 0.349279
v -2.009243 0.166080 -0.007780
v -2.009243 0.166080 0.333323
v -1.985536 0.474805 0.333316
v -1.984373 0.489959 0.349272
v -1.985540 0.474805 -0.007775
v -1.984374 0.489959 -0.007781
v -1.984373 0.489959 0.349272
v -1.974705 0.489959 0.349274
v -2.010404 0.150926 0.349279
v -2.000733 0.150926 0.349263
v -1.985540 0.474805 -0.007775
v -1.975863 0.474805 -0.007779
v -1.984374 0.489959 -0.007781
v -1.974701 0.489959 -0.007771
v -2.004168 0.089189 0.164153
v -2.000733 0.150926 0.349263
v -2.003308 0.089189 0.315458
v -2.004167 0.089189 0.330041
v -2.004172 0.095866 0.372898
v -1.971269 0.514518 0.372889
v -1.974705 0.489959 0.349274
v -1.971263 0.514518 -0.007774
v -1.974701 0.489959 -0.007771
v -1.971258 0.514518 -0.388449
v -1.971258 0.514518 -0.388449
v -1.963891 0.599280 -0.007780
v -1.971269 0.514518 0.372889
v -1.963885 0.599280 0.372891
v -1.955919 0.621226 0.372895
v -1.957883 0.598757 0.395444
v -1.950165 0.619767 0.394496
v -1.937527 0.630383 0.394492
v -1.938538 0.618755 0.406158
v -1.916934 0.617834 0.412022
v -1.915499 0.634351 0.395453
v -1.597022 0.634572 0.395455
v -1.914983 0.640362 0.372893
v -1.937964 0.636306 0.372896
v -1.597017 0.640587 0.372889
v -1.914973 0.640362 -0.007785
v -1.914973 0.640362 -0.388444
v -1.937998 0.636291 -0.007770
v -1.597009 0.640587 -0.007775
v -1.597022 0.640587 -0.388455
v 1.295841 0.642625 -0.007771
v 1.295834 0.642625 0.372894
v 1.295842 0.642625 -0.388446
v 1.814508 0.642625 -0.007774
v 1.837093 0.636573 -0.007771
v 1.814507 0.642625 0.372901
v 1.814502 0.642625 -0.388445
v 1.837059 0.636590 -0.388435
v 1.814504 0.636590 -0.410995
v 1.836105 0.630729 -0.410045
v 1.295836 0.636573 -0.411026
v 1.814506 0.620011 -0.427585
v 1.836105 0.630729 -0.410045
v 1.836104 0.619057 -0.421717
v 1.837056 0.597457 -0.427574
v 1.860854 0.507094 -0.427558
v 1.814501 0.597457 -0.433621
v 1.838276 0.512374 -0.433613
v 1.295836 0.597457 -0.433618
v 1.295836 0.620041 -0.427553
v 1.295836 0.512375 -0.433618
v -1.597015 0.595572 -0.433620
v 0.717266 0.512055 -0.433613
v -0.439876 0.511417 -0.433611
v -1.597015 0.510778 -0.433620
v -1.918893 0.595364 -0.433614
v -1.597018 0.618053 -0.427581
v -1.597019 0.634572 -0.411005
v -1.916931 0.617834 -0.427587
v -1.915496 0.634350 -0.411007
v -1.938538 0.618755 -0.421724
v -1.941365 0.597319 -0.427580
v -1.950163 0.619767 -0.410043
v -1.957875 0.598756 -0.411004
v -1.965231 0.513993 -0.411037
v -1.963888 0.599280 -0.388451
v -1.971258 0.514518 -0.388449
v -2.004169 0.095865 -0.388450
v -1.965231 0.513993 -0.411037
v -1.998125 0.095865 -0.411032
v -1.948769 0.512560 -0.427569
v -1.981590 0.095865 -0.427569
v -1.965231 0.513993 -0.411037
v -1.926256 0.510602 -0.433616
v -1.959007 0.095865 -0.433617
v -1.998125 0.095865 -0.411032
v -1.915496 0.634350 -0.411007
v -1.916931 0.617834 -0.427587
v -1.937527 0.630383 -0.410049
v -1.938538 0.618755 -0.421724
v -1.950163 0.619767 -0.410043
v -1.937969 0.636305 -0.388446
v -1.955923 0.621226 -0.388447
v -1.963888 0.599280 -0.388451
v -1.955896 0.621254 -0.007777
v -1.957875 0.598756 -0.411004
v -1.018453 0.511097 -0.433619
v 0.138695 0.511736 -0.433611
v 1.814504 0.636590 0.395451
v 1.837056 0.636590 0.372894
v 1.836112 0.630729 0.394490
v 1.295833 0.636573 0.395483
v -1.974703 0.489959 -0.364825
v -2.004169 0.095865 -0.388450
v -2.004166 0.089189 -0.345597
v -2.000734 0.150926 -0.364819
v -2.003309 0.089189 -0.331001
v -2.004171 0.089189 -0.180655
v -2.000728 0.150926 -0.007780
v -2.004170 0.089189 -0.007775
v -2.004168 0.089189 0.164153
v -1.959241 -0.166725 0.418060
v -1.959146 -0.029868 0.418056
v -1.980141 -0.165990 0.422978
v -2.002462 -0.163228 0.415902
v -1.980070 -0.033582 0.422979
v -2.002457 -0.036187 0.415910
v -2.015016 -0.038569 0.397847
v -2.014983 -0.161681 0.397854
v -2.019053 -0.038569 0.372869
v -2.019012 -0.161183 0.372870
v -0.974624 0.131081 0.418064
v -0.974624 0.466029 0.418064
v -0.974623 0.131081 0.424807
v -0.974623 0.466029 0.424807
v -1.908807 0.131057 0.418065
v -1.879850 0.465614 0.418065
v -1.908806 0.131057 0.424806
v -1.879851 0.465614 0.424807
v 0.656054 0.450020 0.418067
v 0.321270 0.449793 0.418066
v 0.656055 0.450020 0.424810
v 0.321270 0.449793 0.424810
v -1.605523 0.147788 0.418060
v -1.890305 0.147788 0.418064
v -1.605523 0.449014 0.418060
v -1.864553 0.448889 0.418065
v -1.046740 0.449640 0.418056
v -1.527971 0.449412 0.418058
v -1.046742 0.449640 0.424815
v -1.527971 0.449412 0.424813
v -1.879850 0.465614 0.418065
v -1.588634 0.465753 0.418066
v -1.879851 0.465614 0.424807
v -1.588635 0.465753 0.424808
v -0.481140 0.449514 0.418059
v -0.956385 0.449288 0.418069
v -0.481133 0.449514 0.424812
v -0.956383 0.449288 0.424812
v 1.242890 0.467076 0.418068
v 1.242890 0.131123 0.418068
v 1.242884 0.467076 0.424815
v 1.242884 0.131123 0.424815
v -1.527971 0.449412 0.418058
v -1.527971 0.147430 0.418058
v -1.527971 0.449412 0.424813
v -1.527971 0.147430 0.424813
v 0.303032 0.131109 0.418068
v 0.303032 0.466560 0.418068
v 0.303033 0.131109 0.424816
v 0.303033 0.466560 0.424816
v 0.656054 0.147887 0.418067
v 0.321271 0.147887 0.418066
v 0.656054 0.450020 0.418067
v 0.321270 0.449793 0.418066
v -0.481140 0.147835 0.418059
v -0.956385 0.147835 0.418069
v -0.481140 0.449514 0.418059
v -0.956385 0.449288 0.418069
v -1.588634 0.131056 0.418066
v -1.908807 0.131057 0.418065
v -1.588635 0.131056 0.424808
v -1.908806 0.131057 0.424806
v -0.956385 0.449288 0.418069
v -0.956385 0.147835 0.418069
v -0.956383 0.449288 0.424812
v -0.956383 0.147835 0.424812
v 1.242890 0.131123 0.418068
v 0.731157 0.131123 0.418072
v 1.242884 0.131123 0.424815
v 0.731158 0.131123 0.424815
v -1.527971 0.147430 0.418058
v -1.046740 0.147430 0.418056
v -1.527971 0.147430 0.424813
v -1.046742 0.147430 0.424815
v -1.588634 0.465753 0.418066
v -1.588634 0.131056 0.418066
v -1.588635 0.465753 0.424808
v -1.588635 0.131056 0.424808
v -0.481140 0.147835 0.418059
v -0.481133 0.147835 0.424812
v -0.481140 0.449514 0.418059
v -0.481133 0.449514 0.424812
v -1.543227 0.465763 0.418061
v -1.031486 0.466015 0.418068
v -1.543220 0.465763 0.424814
v -1.031484 0.466015 0.424811
v -0.062937 0.442084 0.418065
v 0.218192 0.442160 0.418069
v -0.062941 0.442084 0.408086
v 0.218198 0.442160 0.408088
v -1.046740 0.147430 0.418056
v -1.527971 0.147430 0.418058
v -1.046740 0.449640 0.418056
v -1.527971 0.449412 0.418058
v 1.227630 0.147535 0.418060
v 0.746408 0.147535 0.418059
v 1.227630 0.450652 0.418060
v 0.746408 0.450425 0.418059
v -1.543227 0.131067 0.418061
v -1.543227 0.465763 0.418061
v -1.543220 0.131067 0.424814
v -1.543220 0.465763 0.424814
v -1.908807 0.131057 0.418065
v -1.927393 0.112466 0.418061
v -1.879850 0.465614 0.418065
v -1.588634 0.131056 0.418066
v -1.571650 0.112466 0.418068
v -1.571650 0.484351 0.418068
v -1.597017 0.085941 0.418065
v -1.003054 0.112466 0.418061
v -1.543227 0.131067 0.418061
v -1.543227 0.465763 0.418061
v -1.031479 0.131067 0.418064
v -1.031486 0.466015 0.418068
v -1.003054 0.484630 0.418061
v -1.018446 0.511097 0.418063
v -0.434462 0.484909 0.418067
v -0.974624 0.466029 0.418064
v -0.974624 0.131081 0.418064
v -0.462890 0.466280 0.418059
v -0.462890 0.131081 0.418059
v -0.434462 0.112466 0.418067
v -0.406039 0.466295 0.418061
v -0.406039 0.131095 0.418061
v -0.439878 0.085941 0.418062
v -1.018446 0.085941 0.418063
v -0.406039 0.085941 0.418061
v -0.079984 0.466420 0.418072
v 0.246166 0.466546 0.418062
v -0.079984 0.485049 0.418072
v -0.080050 0.511576 0.418057
v 0.274603 0.485189 0.418065
v 0.279164 0.511736 0.418065
v 0.702728 0.485468 0.418068
v 0.303032 0.466560 0.418068
v 0.246166 0.131095 0.418062
v 0.246166 0.085941 0.418062
v 0.274603 0.112466 0.418065
v 0.303032 0.131109 0.418068
v 0.279164 0.085941 0.418065
v 0.702728 0.112466 0.418068
v 0.731157 0.131123 0.418072
v 0.731157 0.466825 0.418072
v 0.717265 0.085941 0.418058
v 0.674298 0.131109 0.418057
v 0.674297 0.466812 0.418057
v 1.295842 0.085941 0.418066
v 1.242890 0.131123 0.418068
v 1.295842 0.485747 0.418066
v 1.804402 0.485747 0.418070
v 1.242890 0.467076 0.418068
v 1.295842 0.512375 0.418066
v 0.717265 0.512055 0.418058
v 1.838275 0.512375 0.418058
v 1.838275 0.085941 0.418058
v 1.804402 0.085941 0.418070
v -0.439878 0.511417 0.418062
v -1.597017 0.510778 0.418065
v -1.926265 0.510602 0.418061
v -1.959009 0.095866 0.418056
v -1.895222 0.484196 0.418058
v -1.588634 0.465753 0.418066
v 1.804402 -0.204271 0.418070
v 1.804402 0.085941 0.418070
v 1.838275 -0.204271 0.418058
v 1.838275 0.085941 0.418058
v 1.860856 -0.204271 0.412011
v 1.877385 -0.204271 0.395478
v 1.870032 0.020893 0.420073
v 1.886559 -0.006299 0.403541
v -1.985536 0.474805 0.333316
v -1.975858 0.474805 0.333312
v -1.985540 0.474805 -0.007775
v -1.975863 0.474805 -0.007779
v 1.868420 0.042242 0.414480
v 1.860856 0.042242 0.412011
v 1.845839 0.085941 0.420527
v 1.838275 0.085941 0.418058
v 1.845839 0.085941 0.420527
v 1.868420 0.085941 0.414480
v 1.868420 0.042242 0.414480
v 1.884955 0.023341 0.397943
v 1.884955 0.085941 0.397943
v -0.406039 -0.204270 0.418061
v -0.406039 -0.180642 0.418061
v -0.789169 -0.204270 0.418064
v -0.439878 0.085941 0.418062
v -0.795564 -0.114124 0.418065
v -0.819520 -0.043836 0.418060
v -0.875430 0.010477 0.418061
v -0.947317 0.044023 0.418063
v -1.041571 0.045621 0.418059
v -1.018446 0.085941 0.418063
v -1.119839 0.013672 0.418058
v -1.597017 0.085941 0.418065
v -1.167770 -0.037446 0.418059
v -1.190124 -0.115721 0.418064
v -1.196521 -0.204270 0.418057
v -1.597017 -0.204270 0.418065
v -1.959241 -0.166725 0.418060
v -1.959146 -0.029868 0.418056
v -1.959009 0.095866 0.418056
v -0.406039 0.085941 0.418061
v -1.998118 0.095866 0.395473
v -1.965237 0.513993 0.395478
v -2.004172 0.095866 0.372898
v -1.971269 0.514518 0.372889
v -1.963885 0.599280 0.372891
v -1.965237 0.513993 0.395478
v -1.957883 0.598757 0.395444
v -1.948761 0.512560 0.412010
v -1.926265 0.510602 0.418061
v -1.981589 0.095866 0.412013
v -1.965237 0.513993 0.395478
v -1.941357 0.597319 0.412025
v -1.918893 0.595364 0.418056
v -1.938538 0.618755 0.406158
v -1.916934 0.617834 0.412022
v -1.950165 0.619767 0.394496
v -1.597013 0.618053 0.412026
v -1.915499 0.634351 0.395453
v -1.597022 0.634572 0.395455
v 1.295833 0.636573 0.395483
v 1.295838 0.620041 0.412016
v 1.814504 0.636590 0.395451
v 1.814504 0.620011 0.412026
v 1.836112 0.630729 0.394490
v 1.836105 0.619057 0.406166
v 1.837060 0.597457 0.412033
v 1.860856 0.507094 0.412011
v 1.814515 0.597457 0.418072
v 1.838275 0.512375 0.418058
v 1.295842 0.597457 0.418066
v 1.295842 0.512375 0.418066
v -1.597017 0.595572 0.418065
v -1.597017 0.510778 0.418065
v -0.439878 0.511417 0.418062
v -0.080050 0.511576 0.418057
v 0.717265 0.512055 0.418058
v 0.279164 0.511736 0.418065
v -1.018446 0.511097 0.418063
v -1.998118 0.095866 0.395473
v -1.959009 0.095866 0.418056
v -2.004107 -0.029868 -0.279783
v -2.004292 -0.023892 -0.289731
v -2.004105 -0.029868 -0.388445
v -2.004288 -0.023892 -0.387534
v -1.998078 -0.029868 -0.411033
v -1.998874 -0.023892 -0.407862
v -1.981623 -0.029868 -0.427561
v -1.984059 -0.023892 -0.422741
v -1.959144 -0.029868 -0.433617
v -1.963827 -0.023892 -0.428187
v -1.959009 0.095866 0.418056
v -1.964305 0.089267 0.412820
v -1.959146 -0.029868 0.418056
v -1.964429 -0.023892 0.412827
v -2.004122 -0.000191 0.178874
v -2.004125 0.019461 0.158792
v -1.997483 -0.001364 0.171860
v -1.997495 0.014886 0.153464
v -1.997493 0.014886 0.062330
v -2.004133 0.019461 0.059236
v -1.997497 0.014886 -0.007783
v -2.004134 0.019461 -0.007785
v -1.997491 0.014886 -0.077882
v -2.004123 0.019461 -0.074798
v -1.997496 0.014886 -0.169028
v -1.997482 -0.001364 -0.187414
v -2.004131 0.019461 -0.174353
v -2.004128 -0.000191 -0.194439
v -2.004104 -0.029868 -0.208852
v -1.997469 -0.026717 -0.200607
v -2.004128 -0.000191 -0.194439
v -1.997482 -0.001364 -0.187414
v -1.997483 -0.001364 0.171860
v -1.997495 0.014886 0.153464
v -1.997476 -0.026717 0.185051
v -1.997493 0.014886 0.062330
v -1.997464 -0.026717 -0.007775
v -1.997497 0.014886 -0.007783
v -1.997496 0.014886 -0.169028
v -1.997469 -0.026717 -0.200607
v -1.997482 -0.001364 -0.187414
v -1.997491 0.014886 -0.077882
v -1.975864 0.474805 -0.348868
v -1.999569 0.166079 -0.348877
v -1.985534 0.474805 -0.348868
v -2.009243 0.166079 -0.348872
v -2.000728 0.150926 -0.007780
v -2.000734 0.150926 -0.364819
v -2.010406 0.150926 -0.007776
v -2.010406 0.150926 -0.364829
v -1.999569 0.166079 -0.348877
v -1.999567 0.166080 -0.007772
v -2.009243 0.166079 -0.348872
v -2.009243 0.166080 -0.007780
v -1.974703 0.489959 -0.364825
v -1.974701 0.489959 -0.007771
v -1.984369 0.489959 -0.364824
v -1.984374 0.489959 -0.007781
v -2.010406 0.150926 -0.007776
v -2.010406 0.150926 -0.364829
v -2.009243 0.166080 -0.007780
v -2.009243 0.166079 -0.348872
v -1.985534 0.474805 -0.348868
v -1.984369 0.489959 -0.364824
v -1.985540 0.474805 -0.007775
v -1.984374 0.489959 -0.007781
v -2.000734 0.150926 -0.364819
v -2.010406 0.150926 -0.364829
v -1.974703 0.489959 -0.364825
v -1.984369 0.489959 -0.364824
v -1.999572 0.166080 0.333308
v -1.975858 0.474805 0.333312
v -1.999567 0.166080 -0.007772
v -1.975863 0.474805 -0.007779
v -1.999569 0.166079 -0.348877
v -1.975864 0.474805 -0.348868
v -1.959007 0.095865 -0.433617
v -1.981590 0.095865 -0.427569
v -1.963702 0.089267 -0.428195
v -1.984023 0.089267 -0.422735
v -1.998907 0.089267 -0.407870
v -1.998125 0.095865 -0.411032
v -2.004354 0.089267 -0.387533
v -2.004169 0.095865 -0.388450
v -2.004352 0.083259 -0.348956
v -2.004166 0.089189 -0.345597
v -2.004898 -0.023892 0.274369
v -2.004101 -0.029868 0.264219
v -2.004896 -0.023892 0.372167
v -2.004102 -0.029868 0.372897
v -1.999473 -0.023892 0.392500
v -1.998078 -0.029868 0.395476
v -1.984662 -0.023892 0.407385
v -1.981621 -0.029868 0.412007
v -1.964429 -0.023892 0.412827
v -1.959146 -0.029868 0.418056
v -2.004167 0.089189 0.330041
v -2.003308 0.089189 0.315458
v -2.004155 0.068773 0.304263
v -2.004168 0.089189 0.164153
v -2.004169 0.089189 0.165323
v -2.004144 0.034114 0.285072
v -2.004101 -0.029868 0.264219
v -2.004169 0.089189 0.165323
v -2.004122 -0.000191 0.178874
v -2.004168 0.089189 0.164153
v -2.004125 0.019461 0.158792
v -2.004107 -0.029868 0.193289
v -2.004168 0.089189 0.164153
v -2.004169 0.089189 0.165323
v -2.004155 0.068773 0.304263
v -2.004168 0.089189 0.164153
v -2.004125 0.019461 0.158792
v -2.004125 0.019461 0.158792
v -2.004169 0.089189 0.165323
v -2.004133 0.019461 0.059236
v -2.004170 0.089189 -0.007775
v -2.004134 0.019461 -0.007785
v -2.004123 0.019461 -0.074798
v -2.004131 0.019461 -0.174353
v -2.004128 -0.000191 -0.194439
v -2.004171 0.089189 -0.180655
v -2.004141 0.034114 -0.300629
v -2.003309 0.089189 -0.331001
v -2.004164 0.068773 -0.319826
v -2.004166 0.089189 -0.345597
v -2.004107 -0.029868 -0.279783
v -2.004104 -0.029868 -0.208852
v -1.959233 -0.166725 -0.433615
v -1.959144 -0.029868 -0.433617
v -1.980145 -0.165990 -0.438537
v -1.980075 -0.033582 -0.438538
v -2.002469 -0.163228 -0.431465
v -2.002456 -0.036187 -0.431457
v -2.014982 -0.161681 -0.413415
v -2.015012 -0.038569 -0.413409
v -2.019010 -0.161183 -0.388425
v -2.019051 -0.038569 -0.388427
v -2.019012 -0.161183 0.372870
v -2.019053 -0.038569 0.372869
v -2.019007 -0.161183 -0.007778
v -2.019049 -0.038569 -0.007781
v -2.019010 -0.161183 -0.388425
v -2.019051 -0.038569 -0.388427
v 1.318078 0.450286 -0.433611
v 1.760712 0.450286 -0.433616
v 1.318084 0.450286 -0.440359
v 1.760711 0.450286 -0.440358
v -0.956382 0.449288 -0.433618
v -0.481141 0.449514 -0.433612
v -0.956389 0.449288 -0.440355
v -0.481133 0.449514 -0.440361
v 1.369469 0.147928 -0.433611
v 1.318078 0.450286 -0.433611
v 1.369469 0.147928 -0.440355
v 1.318084 0.450286 -0.440359
v -1.864547 0.448889 -0.433613
v -1.890308 0.147788 -0.433619
v -1.605526 0.449014 -0.433621
v -1.605526 0.147788 -0.433621
v -0.956382 0.147835 -0.433618
v -0.956382 0.449288 -0.433618
v -0.956389 0.147835 -0.440355
v -0.956389 0.449288 -0.440355
v 1.860856 0.085941 0.412011
v 1.860856 0.495961 0.412011
v 1.877385 0.085941 0.395478
v 1.877385 0.487924 0.395478
v 1.883442 0.085941 0.372903
v 1.883442 0.485128 0.372903
v 1.883443 0.085941 -0.007772
v 1.883443 0.486007 -0.007772
v 1.883439 0.085941 -0.388440
v 1.883439 0.485128 -0.388440
v 1.877387 0.085941 -0.411031
v 1.877386 0.487924 -0.411031
v 1.860854 0.085941 -0.427558
v 1.860854 0.495961 -0.427558
v 1.838275 0.085941 0.418058
v 1.860856 0.085941 0.412011
v 1.838275 0.512375 0.418058
v 1.860856 0.495961 0.412011
v 1.860856 0.507094 0.412011
v 1.877385 0.502870 0.395478
v 1.877385 0.487924 0.395478
v 1.883442 0.501813 0.372903
v 1.883442 0.485128 0.372903
v 1.883443 0.501813 -0.007772
v 1.883439 0.501813 -0.388440
v 1.883443 0.486007 -0.007772
v 1.883439 0.485128 -0.388440
v 1.877386 0.487924 -0.411031
v 1.877386 0.502870 -0.411031
v 1.860854 0.495961 -0.427558
v 1.860854 0.507094 -0.427558
v 1.838276 0.512374 -0.433613
v 1.860854 0.085941 -0.427558
v 1.838276 0.085941 -0.433613
v -0.481141 0.449514 -0.433612
v -0.481141 0.147835 -0.433612
v -0.481133 0.449514 -0.440361
v -0.481133 0.147835 -0.440361
v 0.180801 0.147887 -0.433610
v 0.180801 0.449793 -0.433610
v 0.180802 0.147887 -0.440368
v 0.180802 0.449793 -0.440368
v 1.318078 0.450286 -0.433611
v 1.369469 0.147928 -0.433611
v 1.760712 0.450286 -0.433616
v 1.760712 0.147927 -0.433616
v -0.974630 0.131081 -0.433616
v -0.462892 0.131081 -0.433612
v -0.974630 0.131081 -0.440360
v -0.462896 0.131081 -0.440364
v 0.162558 0.131109 -0.433618
v 0.674291 0.131109 -0.433609
v 0.162558 0.131109 -0.440362
v 0.674292 0.131109 -0.440367
v 0.674290 0.466811 -0.433609
v 0.162558 0.466560 -0.433618
v 0.674292 0.466811 -0.440367
v 0.162558 0.466560 -0.440362
v 1.227638 0.450652 -0.433615
v 1.227638 0.147535 -0.433615
v 1.227638 0.450652 -0.440359
v 1.227638 0.147535 -0.440359
v -0.462892 0.466280 -0.433612
v -0.974630 0.466029 -0.433616
v -0.462896 0.466280 -0.440364
v -0.974630 0.466029 -0.440360
v 1.227638 0.147535 -0.433615
v 0.746407 0.147535 -0.433615
v 1.227638 0.147535 -0.440359
v 0.746406 0.147535 -0.440358
v -0.974630 0.466029 -0.433616
v -0.974630 0.131081 -0.433616
v -0.974630 0.466029 -0.440360
v -0.974630 0.131081 -0.440360
v 0.180801 0.449793 -0.433610
v 0.180801 0.147887 -0.433610
v 0.656049 0.450019 -0.433614
v 0.656049 0.147887 -0.433614
v -0.956382 0.449288 -0.433618
v -0.956382 0.147835 -0.433618
v -0.481141 0.449514 -0.433612
v -0.481141 0.147835 -0.433612
v -1.527971 0.449412 -0.433614
v -1.046739 0.449639 -0.433616
v -1.527962 0.449412 -0.440363
v -1.046733 0.449639 -0.440361
v 1.242888 0.131123 -0.433614
v 1.242894 0.131123 -0.440362
v 1.242888 0.467076 -0.433614
v 1.242894 0.467076 -0.440362
v -0.462892 0.131081 -0.433612
v -0.462892 0.466280 -0.433612
v -0.462896 0.131081 -0.440364
v -0.462896 0.466280 -0.440364
v -1.527971 0.147430 -0.433614
v -1.527971 0.449412 -0.433614
v -1.527962 0.147430 -0.440363
v -1.527962 0.449412 -0.440363
v 0.731153 0.131123 -0.433609
v 1.242888 0.131123 -0.433614
v 0.731159 0.131123 -0.440357
v 1.242894 0.131123 -0.440362
v -1.046739 0.147430 -0.433616
v -1.527971 0.147430 -0.433614
v -1.046733 0.147430 -0.440361
v -1.527962 0.147430 -0.440363
v -1.031483 0.466015 -0.433619
v -1.543218 0.465763 -0.433614
v -1.031483 0.466015 -0.440361
v -1.543218 0.465763 -0.440356
v -1.879843 0.465614 -0.433609
v -1.908803 0.131056 -0.433612
v -1.879850 0.465614 -0.440362
v -1.908813 0.131056 -0.440359
v 0.674291 0.131109 -0.433609
v 0.674290 0.466811 -0.433609
v 0.674292 0.131109 -0.440367
v 0.674292 0.466811 -0.440367
v 0.090451 0.147482 -0.433615
v -0.390782 0.147483 -0.433615
v 0.090450 0.147482 -0.440356
v -0.390783 0.147483 -0.440358
v -0.390782 0.449919 -0.433615
v -0.390782 0.147483 -0.433615
v 0.090451 0.450145 -0.433615
v 0.090451 0.147482 -0.433615
v -1.527971 0.449412 -0.433614
v -1.527971 0.147430 -0.433614
v -1.046739 0.449639 -0.433616
v -1.046739 0.147430 -0.433616
v 0.746407 0.450425 -0.433615
v 0.746407 0.147535 -0.433615
v 1.227638 0.450652 -0.433615
v 1.227638 0.147535 -0.433615
v -1.543218 0.465763 -0.433614
v -1.543218 0.131067 -0.433614
v -1.543218 0.465763 -0.440356
v -1.543218 0.131067 -0.440356
v -1.588627 0.465753 -0.433613
v -1.879843 0.465614 -0.433609
v -1.588634 0.465753 -0.440366
v -1.879850 0.465614 -0.440362
v 0.746407 0.450425 -0.433615
v 1.227638 0.450652 -0.433615
v 0.746406 0.450425 -0.440358
v 1.227638 0.450652 -0.440359
v 1.877385 -0.204271 0.395478
v 1.886559 -0.006299 0.403541
v 1.883442 -0.204271 0.372903
v 1.892609 -0.022485 0.380953
v 1.892620 -0.035272 0.296034
v 1.883443 -0.204271 -0.007772
v 1.883439 -0.204271 -0.388440
v 1.892612 -0.037371 0.087356
v 1.892608 -0.037371 -0.102904
v 1.892611 -0.037831 -0.165926
v 1.892614 -0.037831 0.150370
v 1.892608 -0.035273 -0.311584
v 1.892610 -0.022485 -0.396501
v 1.886566 -0.006299 -0.419079
v 1.877387 -0.204271 -0.411031
v 1.892613 -0.036728 -0.007785
v 0.799009 -0.204271 -0.433609
v 0.717266 -0.204271 -0.433613
v 0.807616 -0.100712 -0.433610
v 0.717266 0.085941 -0.433613
v 0.832342 -0.031905 -0.433618
v 0.883944 0.022925 -0.433612
v 0.961357 0.043353 -0.433615
v 1.060263 0.039052 -0.433618
v 1.295836 0.085941 -0.433618
v 1.137669 0.000348 -0.433618
v 1.180678 -0.052333 -0.433614
v 1.204337 -0.125440 -0.433606
v 1.209703 -0.204271 -0.433616
v 1.295836 -0.204271 -0.433618
v 1.838276 -0.204271 -0.433613
v 1.838276 0.085941 -0.433613
v 1.860854 -0.204271 -0.427558
v 1.870027 0.020893 -0.435615
v 1.877387 -0.204271 -0.411031
v 1.886566 -0.006299 -0.419079
v -1.975863 0.474805 -0.007779
v -1.985540 0.474805 -0.007775
v -1.975864 0.474805 -0.348868
v -1.985534 0.474805 -0.348868
v 1.845839 0.085941 0.420527
v 1.868420 0.085941 0.414480
v 1.838275 0.085941 0.418058
v 1.860856 0.085941 0.412011
v 1.877385 0.085941 0.395478
v 1.884955 0.085941 0.397943
v 1.883442 0.085941 0.372903
v 1.891000 0.085941 0.375363
v 1.883443 0.085941 -0.007772
v 1.891006 0.085941 -0.007769
v 1.883439 0.085941 -0.388440
v 1.891001 0.085941 -0.390916
v 1.877387 0.085941 -0.411031
v 1.884947 0.085941 -0.413493
v 1.860854 0.085941 -0.427558
v 1.868418 0.085941 -0.430031
v 1.838276 0.085941 -0.433613
v 1.845836 0.085941 -0.436075
v 1.838276 0.085941 -0.433613
v 1.845836 0.085941 -0.436075
v 1.860854 0.042242 -0.427558
v 1.868418 0.042242 -0.430031
v 1.845836 0.085941 -0.436075
v 1.868418 0.085941 -0.430031
v 1.868418 0.042242 -0.430031
v 1.884947 0.023341 -0.413493
v 1.884947 0.085941 -0.413493
v 1.884955 0.085941 0.397943
v 1.891000 0.085941 0.375363
v 1.884955 0.023341 0.397943
v 1.891000 0.010040 0.375363
v 1.891001 -0.004661 0.275056
v 1.891004 -0.004661 0.098838
v 1.891006 -0.004661 -0.007769
v 1.891002 -0.004661 -0.114381
v 1.891006 0.085941 -0.007769
v 1.891001 0.085941 -0.390916
v 1.891001 0.010040 -0.390916
v 1.884947 0.085941 -0.413493
v 1.884947 0.023341 -0.413493
v 1.891005 -0.004661 -0.290603
v 1.860856 0.042242 0.412011
v 1.868420 0.042242 0.414480
v 1.877385 0.023341 0.395478
v 1.884955 0.023341 0.397943
v 1.883442 0.010040 0.372903
v 1.891000 0.010040 0.375363
v 1.883444 -0.004661 0.272600
v 1.891001 -0.004661 0.275056
v 1.883440 -0.004661 0.096369
v 1.891004 -0.004661 0.098838
v 1.883443 -0.004661 -0.007772
v 1.891006 -0.004661 -0.007769
v 1.883442 -0.004661 -0.111919
v 1.883445 -0.004661 -0.288141
v 1.891002 -0.004661 -0.114381
v 1.891005 -0.004661 -0.290603
v 1.891001 0.010040 -0.390916
v 1.883439 0.010040 -0.388440
v 1.884947 0.023341 -0.413493
v 1.877387 0.023341 -0.411031
v 1.868418 0.042242 -0.430031
v 1.860854 0.042242 -0.427558
v -0.439876 0.085941 -0.433611
v 0.138695 0.085941 -0.433611
v 0.717266 0.085941 -0.433613
v 0.717266 0.085941 -0.433613
v -0.439876 0.085941 -0.433611
v 0.717266 -0.204271 -0.433613
v -0.789176 -0.204270 -0.433618
v -0.795563 -0.114124 -0.433621
v -0.819528 -0.043836 -0.433621
v -0.875433 0.010477 -0.433612
v -0.947323 0.044023 -0.433617
v -1.041571 0.045621 -0.433614
v -1.018453 0.085941 -0.433619
v -1.119841 0.013672 -0.433614
v -1.597015 0.085941 -0.433620
v -1.167772 -0.037446 -0.433614
v -1.190136 -0.115721 -0.433612
v -1.196522 -0.204270 -0.433617
v -1.597015 -0.204270 -0.433620
v -1.959233 -0.166725 -0.433615
v -1.959144 -0.029868 -0.433617
v -1.959007 0.095865 -0.433617
v 1.838275 0.085941 0.418058
v 1.860856 0.042242 0.412011
v 1.870032 0.020893 0.420073
v 1.886559 -0.006299 0.403541
v 1.877385 0.023341 0.395478
v 1.892609 -0.022485 0.380953
v 1.883442 0.010040 0.372903
v 1.892620 -0.035272 0.296034
v 1.883444 -0.004661 0.272600
v 1.892614 -0.037831 0.150370
v 1.892612 -0.037371 0.087356
v 1.883440 -0.004661 0.096369
v 1.892613 -0.036728 -0.007785
v 1.883443 -0.004661 -0.007772
v 1.892608 -0.037371 -0.102904
v 1.883442 -0.004661 -0.111919
v 1.892611 -0.037831 -0.165926
v 1.883445 -0.004661 -0.288141
v 1.892608 -0.035273 -0.311584
v 1.892610 -0.022485 -0.396501
v 1.883439 0.010040 -0.388440
v 1.886566 -0.006299 -0.419079
v 1.877387 0.023341 -0.411031
v 1.870027 0.020893 -0.435615
v 1.860854 0.042242 -0.427558
v 1.838276 0.085941 -0.433613
v -2.004167 0.089189 0.330041
v -2.004172 0.095866 0.372898
v -2.004950 0.083259 0.333609
v -2.004952 0.089267 0.372173
v -1.999503 0.089267 0.392502
v -1.998118 0.095866 0.395473
v -1.984627 0.089267 0.407376
v -1.964305 0.089267 0.412820
v -1.981589 0.095866 0.412013
v -1.959009 0.095866 0.418056
v -2.004950 0.083259 0.333609
v -2.004167 0.089189 0.330041
v -2.004942 0.064884 0.310402
v -2.004155 0.068773 0.304263
v -2.004919 0.033691 0.293135
v -2.004144 0.034114 0.285072
v -2.004898 -0.023892 0.274369
v -2.004101 -0.029868 0.264219
v -1.997476 -0.026717 0.185051
v -1.997464 -0.026717 -0.007775
v -2.004107 -0.029868 0.193289
v -2.004101 -0.029868 -0.007777
v -2.004104 -0.029868 -0.208852
v -2.004104 -0.029868 -0.208852
v -2.004101 -0.029868 0.264219
v -2.004107 -0.029868 0.193289
v -2.004105 -0.029868 -0.388445
v -2.019049 -0.038569 -0.007781
v -2.004102 -0.029868 0.372897
v -2.019053 -0.038569 0.372869
v -1.998078 -0.029868 0.395476
v -2.002457 -0.036187 0.415910
v -1.981621 -0.029868 0.412007
v -2.015016 -0.038569 0.397847
v -1.980070 -0.033582 0.422979
v -1.959146 -0.029868 0.418056
v -2.019051 -0.038569 -0.388427
v -2.015012 -0.038569 -0.413409
v -1.998078 -0.029868 -0.411033
v -2.002456 -0.036187 -0.431457
v -1.980075 -0.033582 -0.438538
v -1.981623 -0.029868 -0.427561
v -1.959144 -0.029868 -0.433617
v -1.997469 -0.026717 -0.200607
v -2.004102 -0.029868 0.372897
v -2.004101 -0.029868 -0.007777
v -2.004101 -0.029868 0.264219
v -2.004104 -0.029868 -0.208852
v -2.004107 -0.029868 -0.279783
v -2.004105 -0.029868 -0.388445
v -2.004169 0.089189 0.165323
v -2.004170 0.089189 -0.007775
v -2.004168 0.089189 0.164153
v 0.799009 -0.204271 -0.433609
v 0.799010 -0.204271 -0.281771
v 0.717266 -0.204271 -0.433613
v 1.209703 -0.204271 -0.433616
v 1.209708 -0.204271 -0.281775
v 1.295836 -0.204271 -0.433618
v -1.159129 -0.136551 -0.314797
v -1.151069 -0.187430 -0.314795
v -1.151069 -0.085671 -0.314795
v -0.994483 -0.136551 -0.314797
v -1.127685 -0.039772 -0.314800
v -1.091255 -0.003347 -0.314797
v -1.045362 0.020040 -0.314791
v -0.994483 0.028099 -0.314797
v -0.943604 0.020040 -0.314803
v -0.897711 -0.003347 -0.314798
v -0.861282 -0.039772 -0.314795
v -0.837897 -0.085671 -0.314795
v -0.829835 -0.136551 -0.314798
v -0.837897 -0.187430 -0.314795
v -0.861282 -0.233329 -0.314795
v -0.897711 -0.269755 -0.314798
v -0.943604 -0.293141 -0.314803
v -0.994483 -0.301200 -0.314797
v -1.045362 -0.293141 -0.314791
v -1.091255 -0.269755 -0.314797
v -1.127685 -0.233329 -0.314800
v -1.151069 -0.085671 -0.314795
v -1.159129 -0.136551 -0.314797
v -1.151076 -0.085671 -0.431059
v -1.159136 -0.136551 -0.431061
v -1.045362 -0.293141 -0.314791
v -0.994483 -0.301200 -0.314797
v -1.045359 -0.293141 -0.431059
v -0.994480 -0.301200 -0.431064
v -1.159129 -0.136551 -0.314797
v -1.151069 -0.187430 -0.314795
v -1.159136 -0.136551 -0.431061
v -1.151076 -0.187430 -0.431059
v -0.837897 -0.187430 -0.314795
v -0.829835 -0.136551 -0.314798
v -0.837893 -0.187430 -0.431065
v -0.829833 -0.136551 -0.431063
v -0.943604 0.020040 -0.314803
v -0.994483 0.028099 -0.314797
v -0.943597 0.020040 -0.431059
v -0.994480 0.028099 -0.431064
v -1.127685 -0.233329 -0.314800
v -1.091255 -0.269755 -0.314797
v -1.127688 -0.233329 -0.431063
v -1.091259 -0.269755 -0.431058
v -0.897711 -0.269755 -0.314798
v -0.861282 -0.233329 -0.314795
v -0.897709 -0.269755 -0.431065
v -0.861280 -0.233329 -0.431059
v -0.861282 -0.039772 -0.314795
v -0.897711 -0.003347 -0.314798
v -0.861280 -0.039772 -0.431059
v -0.897709 -0.003347 -0.431065
v -1.091255 -0.003347 -0.314797
v -1.127685 -0.039772 -0.314800
v -1.091260 -0.003347 -0.431058
v -1.127688 -0.039772 -0.431063
v -0.994483 -0.301200 -0.314797
v -0.943604 -0.293141 -0.314803
v -0.994480 -0.301200 -0.431064
v -0.943597 -0.293141 -0.431059
v -0.829835 -0.136551 -0.314798
v -0.837897 -0.085671 -0.314795
v -0.829833 -0.136551 -0.431063
v -0.837893 -0.085671 -0.431065
v -0.994483 0.028099 -0.314797
v -1.045362 0.020040 -0.314791
v -0.994480 0.028099 -0.431064
v -1.045359 0.020040 -0.431059
v -1.151069 -0.187430 -0.314795
v -1.127685 -0.233329 -0.314800
v -1.151076 -0.187430 -0.431059
v -1.127688 -0.233329 -0.431063
v -1.091255 -0.269755 -0.314797
v -1.045362 -0.293141 -0.314791
v -1.091259 -0.269755 -0.431058
v -1.045359 -0.293141 -0.431059
v -0.861282 -0.233329 -0.314795
v -0.837897 -0.187430 -0.314795
v -0.861280 -0.233329 -0.431059
v -0.837893 -0.187430 -0.431065
v -0.897711 -0.003347 -0.314798
v -0.943604 0.020040 -0.314803
v -0.897709 -0.003347 -0.431065
v -0.943597 0.020040 -0.431059
v -1.127685 -0.039772 -0.314800
v -1.151069 -0.085671 -0.314795
v -1.127688 -0.039772 -0.431063
v -1.151076 -0.085671 -0.431059
v -0.943604 -0.293141 -0.314803
v -0.897711 -0.269755 -0.314798
v -0.943597 -0.293141 -0.431059
v -0.897709 -0.269755 -0.431065
v -0.837897 -0.085671 -0.314795
v -0.861282 -0.039772 -0.314795
v -0.837893 -0.085671 -0.431065
v -0.861280 -0.039772 -0.431059
v -1.045362 0.020040 -0.314791
v -1.091255 -0.003347 -0.314797
v -1.045359 0.020040 -0.431059
v -1.091260 -0.003347 -0.431058
v -1.075062 -0.078006 -0.437907
v -1.067226 -0.083696 -0.422348
v -1.053032 -0.055971 -0.437912
v -1.047342 -0.063802 -0.422351
v -1.025263 -0.231277 -0.437915
v -1.053032 -0.217130 -0.437912
v -1.022276 -0.222071 -0.422346
v -1.047342 -0.209299 -0.422351
v -0.899760 -0.167329 -0.437913
v -0.908963 -0.164338 -0.422349
v -0.913901 -0.195095 -0.437913
v -0.921738 -0.189405 -0.422343
v -1.053032 -0.055971 -0.437912
v -1.047342 -0.063802 -0.422351
v -1.025263 -0.041824 -0.437915
v -1.022276 -0.051030 -0.422346
v -0.963713 -0.231277 -0.437913
v -0.966701 -0.222071 -0.422350
v -0.994482 -0.236152 -0.437911
v -0.994480 -0.226472 -0.422352
v -0.935945 -0.055971 -0.437916
v -0.941629 -0.063802 -0.422351
v -0.913901 -0.078006 -0.437913
v -0.921738 -0.083696 -0.422343
v -0.935945 -0.217130 -0.437916
v -0.941629 -0.209299 -0.422351
v -0.963713 -0.231277 -0.437913
v -0.966701 -0.222071 -0.422350
v -0.899760 -0.105772 -0.437913
v -0.908963 -0.108763 -0.422349
v -0.894888 -0.136551 -0.437913
v -0.904560 -0.136551 -0.422347
v -1.084408 -0.136551 -0.422352
v -1.080004 -0.108764 -0.422350
v -1.094090 -0.136551 -0.437914
v -1.089209 -0.105772 -0.437904
v -0.894888 -0.136551 -0.437913
v -0.904560 -0.136551 -0.422347
v -0.899760 -0.167329 -0.437913
v -0.908963 -0.164338 -0.422349
v -1.080004 -0.108764 -0.422350
v -1.067226 -0.083696 -0.422348
v -1.089209 -0.105772 -0.437904
v -1.075062 -0.078006 -0.437907
v -1.075062 -0.195095 -0.437907
v -1.067226 -0.189405 -0.422348
v -1.089209 -0.167329 -0.437904
v -1.080004 -0.164338 -0.422350
v -0.915934 -0.162072 -0.422344
v -0.915936 -0.162072 -0.393833
v -0.927671 -0.185094 -0.422346
v -0.927668 -0.185094 -0.393840
v -0.994480 -0.226472 -0.422352
v -0.994480 -0.219138 -0.422352
v -1.022276 -0.222071 -0.422346
v -1.020005 -0.215096 -0.422353
v -1.043032 -0.069736 -0.393840
v -1.020003 -0.058005 -0.393831
v -1.043028 -0.069736 -0.422351
v -1.020005 -0.058005 -0.422353
v -0.911896 -0.136551 -0.422351
v -0.911895 -0.136551 -0.393831
v -0.915934 -0.162072 -0.422344
v -0.915936 -0.162072 -0.393833
v -1.043028 -0.203366 -0.422351
v -1.043032 -0.203366 -0.393840
v -1.061298 -0.185094 -0.422352
v -1.061299 -0.185094 -0.393843
v -1.061298 -0.088007 -0.422352
v -1.061299 -0.088007 -0.393843
v -1.043028 -0.069736 -0.422351
v -1.043032 -0.069736 -0.393840
v -1.020003 -0.215096 -0.393831
v -1.043032 -0.203366 -0.393840
v -1.020005 -0.215096 -0.422353
v -1.043028 -0.203366 -0.422351
v -1.073031 -0.111029 -0.422346
v -1.073035 -0.111029 -0.393835
v -1.061298 -0.088007 -0.422352
v -1.061299 -0.088007 -0.393843
v -0.994480 -0.219138 -0.422352
v -0.994486 -0.219138 -0.393827
v -1.020005 -0.215096 -0.422353
v -1.020003 -0.215096 -0.393831
v -1.077074 -0.136551 -0.422349
v -1.077074 -0.136551 -0.393838
v -1.073031 -0.111029 -0.422346
v -1.073035 -0.111029 -0.393835
v -0.968966 -0.215096 -0.422348
v -0.968968 -0.215096 -0.393837
v -0.994480 -0.219138 -0.422352
v -0.994486 -0.219138 -0.393827
v -0.968966 -0.058005 -0.422348
v -0.968968 -0.058005 -0.393837
v -0.945950 -0.069735 -0.422347
v -0.945940 -0.069735 -0.393831
v -0.945950 -0.203366 -0.422347
v -0.945940 -0.203366 -0.393831
v -0.968966 -0.215096 -0.422348
v -0.968968 -0.215096 -0.393837
v -0.994480 -0.053963 -0.422352
v -0.994486 -0.053963 -0.393827
v -0.968966 -0.058005 -0.422348
v -0.968968 -0.058005 -0.393837
v -0.927671 -0.185094 -0.422346
v -0.945950 -0.203366 -0.422347
v -0.927668 -0.185094 -0.393840
v -0.945940 -0.203366 -0.393831
v -1.020005 -0.058005 -0.422353
v -1.020003 -0.058005 -0.393831
v -0.994480 -0.053963 -0.422352
v -0.994486 -0.053963 -0.393827
v -1.146183 -0.185840 -0.435905
v -1.153985 -0.136551 -0.435900
v -1.151076 -0.187430 -0.431059
v -1.159136 -0.136551 -0.431061
v -1.123524 -0.230304 -0.435905
v -1.146183 -0.185840 -0.435905
v -1.127688 -0.233329 -0.431063
v -1.151076 -0.187430 -0.431059
v -1.091259 -0.269755 -0.431058
v -1.088243 -0.265591 -0.435907
v -1.127688 -0.233329 -0.431063
v -1.123524 -0.230304 -0.435905
v -1.045359 -0.293141 -0.431059
v -1.043777 -0.288247 -0.435912
v -1.091259 -0.269755 -0.431058
v -1.088243 -0.265591 -0.435907
v -0.945194 -0.288247 -0.435901
v -0.994481 -0.296053 -0.435903
v -0.943597 -0.293141 -0.431059
v -0.994480 -0.301200 -0.431064
v -0.897709 -0.269755 -0.431065
v -0.900731 -0.265591 -0.435907
v -0.943597 -0.293141 -0.431059
v -0.945194 -0.288247 -0.435901
v -0.861280 -0.233329 -0.431059
v -0.865449 -0.230304 -0.435905
v -0.897709 -0.269755 -0.431065
v -0.900731 -0.265591 -0.435907
v -0.837893 -0.187430 -0.431065
v -0.842790 -0.185840 -0.435907
v -0.861280 -0.233329 -0.431059
v -0.865449 -0.230304 -0.435905
v -0.829833 -0.136551 -0.431063
v -0.834982 -0.136551 -0.435902
v -0.837893 -0.187430 -0.431065
v -0.842790 -0.185840 -0.435907
v -0.861280 -0.039772 -0.431059
v -0.865449 -0.042797 -0.435905
v -0.837893 -0.085671 -0.431065
v -0.842790 -0.087261 -0.435907
v -0.897709 -0.003347 -0.431065
v -0.900731 -0.007510 -0.435907
v -0.861280 -0.039772 -0.431059
v -0.865449 -0.042797 -0.435905
v -0.943597 0.020040 -0.431059
v -0.945194 0.015146 -0.435901
v -0.897709 -0.003347 -0.431065
v -0.900731 -0.007510 -0.435907
v -1.043777 0.015146 -0.435912
v -0.994481 0.022952 -0.435903
v -1.045359 0.020040 -0.431059
v -0.994480 0.028099 -0.431064
v -1.091260 -0.003347 -0.431058
v -1.088243 -0.007510 -0.435907
v -1.045359 0.020040 -0.431059
v -1.043777 0.015146 -0.435912
v -1.127688 -0.039772 -0.431063
v -1.123524 -0.042797 -0.435905
v -1.091260 -0.003347 -0.431058
v -1.088243 -0.007510 -0.435907
v -1.146183 -0.087261 -0.435905
v -1.123524 -0.042797 -0.435905
v -1.151076 -0.085671 -0.431059
v -1.127688 -0.039772 -0.431063
v -1.153985 -0.136551 -0.435900
v -1.146183 -0.087261 -0.435905
v -1.159136 -0.136551 -0.431061
v -1.151076 -0.085671 -0.431059
v -0.941629 -0.209299 -0.422351
v -0.921738 -0.189405 -0.422343
v -0.966701 -0.222071 -0.422350
v -0.945950 -0.203366 -0.422347
v -0.968966 -0.215096 -0.422348
v -0.994480 -0.226472 -0.422352
v -0.994480 -0.219138 -0.422352
v -0.927671 -0.185094 -0.422346
v -0.915934 -0.162072 -0.422344
v -0.904560 -0.136551 -0.422347
v -0.911896 -0.136551 -0.422351
v -0.915934 -0.111029 -0.422344
v -0.921738 -0.083696 -0.422343
v -0.927671 -0.088007 -0.422346
v -0.945950 -0.069735 -0.422347
v -0.966701 -0.051030 -0.422350
v -0.968966 -0.058005 -0.422348
v -0.994480 -0.053963 -0.422352
v -1.022276 -0.051030 -0.422346
v -1.020005 -0.058005 -0.422353
v -1.043028 -0.069736 -0.422351
v -1.067226 -0.083696 -0.422348
v -1.061298 -0.088007 -0.422352
v -1.073031 -0.111029 -0.422346
v -1.084408 -0.136551 -0.422352
v -1.077074 -0.136551 -0.422349
v -1.073031 -0.162072 -0.422346
v -1.067226 -0.189405 -0.422348
v -1.061298 -0.185094 -0.422352
v -1.043028 -0.203366 -0.422351
v -1.022276 -0.222071 -0.422346
v -1.020005 -0.215096 -0.422353
v -1.047342 -0.209299 -0.422351
v -1.080004 -0.164338 -0.422350
v -1.080004 -0.108764 -0.422350
v -1.047342 -0.063802 -0.422351
v -0.994480 -0.046629 -0.422352
v -0.941629 -0.063802 -0.422351
v -0.908963 -0.108763 -0.422349
v -0.908963 -0.164338 -0.422349
v -1.073035 -0.162072 -0.393835
v -1.061299 -0.185094 -0.393843
v -1.077074 -0.136551 -0.393838
v -1.061299 -0.088007 -0.393843
v -1.073035 -0.111029 -0.393835
v -1.043032 -0.069736 -0.393840
v -0.968968 -0.058005 -0.393837
v -1.020003 -0.058005 -0.393831
v -0.994486 -0.053963 -0.393827
v -0.911895 -0.136551 -0.393831
v -0.927668 -0.088007 -0.393840
v -0.945940 -0.069735 -0.393831
v -0.915936 -0.111029 -0.393833
v -0.968968 -0.215096 -0.393837
v -0.915936 -0.162072 -0.393833
v -0.927668 -0.185094 -0.393840
v -0.945940 -0.203366 -0.393831
v -1.020003 -0.215096 -0.393831
v -0.994486 -0.219138 -0.393827
v -1.043032 -0.203366 -0.393840
v -0.994482 -0.036949 -0.437911
v -0.994481 0.022952 -0.435903
v -1.025263 -0.041824 -0.437915
v -1.043777 0.015146 -0.435912
v -1.053032 -0.055971 -0.437912
v -1.088243 -0.007510 -0.435907
v -1.075062 -0.078006 -0.437907
v -1.088243 -0.007510 -0.435907
v -1.123524 -0.042797 -0.435905
v -1.146183 -0.087261 -0.435905
v -1.089209 -0.105772 -0.437904
v -1.153985 -0.136551 -0.435900
v -1.094090 -0.136551 -0.437914
v -1.153985 -0.136551 -0.435900
v -1.089209 -0.167329 -0.437904
v -1.146183 -0.185840 -0.435905
v -1.146183 -0.185840 -0.435905
v -1.075062 -0.195095 -0.437907
v -1.123524 -0.230304 -0.435905
v -1.053032 -0.217130 -0.437912
v -1.025263 -0.231277 -0.437915
v -1.088243 -0.265591 -0.435907
v -1.088243 -0.265591 -0.435907
v -1.043777 -0.288247 -0.435912
v -0.994481 -0.296053 -0.435903
v -0.994482 -0.236152 -0.437911
v -0.994481 -0.296053 -0.435903
v -0.963713 -0.231277 -0.437913
v -0.945194 -0.288247 -0.435901
v -0.935945 -0.217130 -0.437916
v -0.900731 -0.265591 -0.435907
v -0.913901 -0.195095 -0.437913
v -0.899760 -0.167329 -0.437913
v -0.865449 -0.230304 -0.435905
v -0.842790 -0.185840 -0.435907
v -0.894888 -0.136551 -0.437913
v -0.842790 -0.185840 -0.435907
v -0.834982 -0.136551 -0.435902
v -0.899760 -0.105772 -0.437913
v -0.834982 -0.136551 -0.435902
v -0.842790 -0.087261 -0.435907
v -0.913901 -0.078006 -0.437913
v -0.842790 -0.087261 -0.435907
v -0.865449 -0.042797 -0.435905
v -0.935945 -0.055971 -0.437916
v -0.865449 -0.042797 -0.435905
v -0.900731 -0.007510 -0.435907
v -0.963713 -0.041824 -0.437913
v -0.900731 -0.007510 -0.435907
v -0.945194 0.015146 -0.435901
v -0.994482 -0.036949 -0.437911
v -1.053032 -0.217130 -0.437912
v -1.047342 -0.209299 -0.422351
v -1.075062 -0.195095 -0.437907
v -1.067226 -0.189405 -0.422348
v -0.979183 -0.188021 -0.415181
v -0.978281 -0.186419 -0.415182
v -0.993125 -0.190231 -0.415179
v -0.994477 -0.188985 -0.415182
v -0.994481 -0.180528 -0.422677
v -0.994481 -0.164600 -0.422677
v -0.980891 -0.178375 -0.422674
v -0.985818 -0.163227 -0.422686
v -0.994481 -0.164600 -0.422677
v -0.994481 -0.180528 -0.422677
v -1.003151 -0.163227 -0.422680
v -1.008077 -0.178375 -0.422681
v -1.010684 -0.186419 -0.415177
v -1.017180 -0.206389 -0.415182
v -1.012360 -0.187186 -0.415174
v -0.994477 -0.188985 -0.415182
v -0.994477 -0.209983 -0.415182
v -0.993125 -0.190231 -0.415179
v -0.993125 -0.208308 -0.415179
v -0.994477 -0.221679 -0.415182
v -1.020790 -0.217513 -0.415183
v -1.017944 -0.204379 -0.415183
v -1.048167 -0.135198 -0.415184
v -1.046915 -0.136551 -0.415175
v -1.066238 -0.135198 -0.415185
v -1.067921 -0.136551 -0.415178
v -1.064318 -0.159242 -0.415171
v -1.079608 -0.136551 -0.415172
v -1.075443 -0.162857 -0.415179
v -1.062307 -0.160011 -0.415185
v -1.044352 -0.152754 -0.415184
v -1.045119 -0.154425 -0.415170
v -1.036316 -0.150140 -0.422680
v -1.021154 -0.145219 -0.422679
v -1.038462 -0.136551 -0.422679
v -1.022538 -0.136551 -0.422677
v -1.048167 -0.135198 -0.415184
v -1.046915 -0.136551 -0.415175
v -1.045954 -0.121249 -0.415171
v -1.044352 -0.120348 -0.415184
v -1.036316 -0.122961 -0.422680
v -1.021154 -0.127883 -0.422679
v -1.038462 -0.136551 -0.422679
v -1.022538 -0.136551 -0.422677
v -1.066238 -0.135198 -0.415185
v -1.067921 -0.136551 -0.415178
v -1.063149 -0.115662 -0.415183
v -1.064318 -0.113859 -0.415171
v -1.075443 -0.110245 -0.415179
v -1.079608 -0.136551 -0.415172
v -1.009782 -0.085080 -0.415175
v -1.015375 -0.067887 -0.415180
v -1.010684 -0.086682 -0.415177
v -1.017180 -0.066713 -0.415182
v -1.008077 -0.094726 -0.422681
v -1.025297 -0.094130 -0.415177
v -1.027128 -0.093917 -0.415175
v -1.037645 -0.077143 -0.415182
v -1.020328 -0.100972 -0.422676
v -1.010969 -0.113859 -0.422681
v -1.003151 -0.109875 -0.422680
v -1.037754 -0.079292 -0.415185
v -1.044517 -0.067681 -0.415179
v -1.020790 -0.055589 -0.415183
v -0.973589 -0.205214 -0.415177
v -0.971786 -0.206389 -0.415175
v -0.993125 -0.208308 -0.415179
v -0.994477 -0.209983 -0.415182
v -0.994477 -0.221679 -0.415182
v -0.968177 -0.217513 -0.415172
v -0.951841 -0.169197 -0.415175
v -0.961835 -0.179184 -0.415182
v -0.952060 -0.167371 -0.415181
v -0.963670 -0.178971 -0.415178
v -0.958908 -0.162400 -0.422678
v -0.968630 -0.172129 -0.422686
v -0.971795 -0.153037 -0.422682
v -0.977991 -0.159242 -0.422679
v -0.979183 -0.188021 -0.415181
v -0.978281 -0.186419 -0.415182
v -0.973589 -0.205214 -0.415177
v -0.971786 -0.206389 -0.415175
v -0.951322 -0.195959 -0.415176
v -0.968177 -0.217513 -0.415172
v -0.944447 -0.205421 -0.415178
v -0.951213 -0.193809 -0.415175
v -0.963670 -0.178971 -0.415178
v -0.961835 -0.179184 -0.415182
v -0.968630 -0.172129 -0.422686
v -0.977991 -0.159242 -0.422679
v -0.980891 -0.178375 -0.422674
v -0.985818 -0.163227 -0.422686
v -0.943847 -0.118677 -0.415172
v -0.950262 -0.106092 -0.415175
v -0.944615 -0.120348 -0.415176
v -0.952060 -0.105731 -0.415181
v -0.952659 -0.122961 -0.422672
v -0.967810 -0.127883 -0.422674
v -0.958908 -0.110701 -0.422678
v -0.971795 -0.120064 -0.422682
v -0.971795 -0.120064 -0.422682
v -0.977991 -0.113859 -0.422679
v -0.958908 -0.110701 -0.422678
v -0.968630 -0.100972 -0.422686
v -0.952060 -0.105731 -0.415181
v -0.963670 -0.094130 -0.415178
v -0.935075 -0.093388 -0.415180
v -0.950262 -0.106092 -0.415175
v -0.935636 -0.095466 -0.415182
v -0.951322 -0.077143 -0.415176
v -0.925613 -0.086514 -0.415176
v -0.944447 -0.067681 -0.415178
v -0.953401 -0.077703 -0.415176
v -0.964032 -0.092328 -0.415180
v -0.985818 -0.109875 -0.422686
v -0.980891 -0.094726 -0.422674
v -0.977991 -0.113859 -0.422679
v -0.968630 -0.100972 -0.422686
v -0.963670 -0.094130 -0.415178
v -0.978281 -0.086682 -0.415182
v -0.964032 -0.092328 -0.415180
v -0.976613 -0.085915 -0.415180
v -0.994481 -0.108502 -0.422677
v -0.985818 -0.109875 -0.422686
v -0.994481 -0.092574 -0.422677
v -0.980891 -0.094726 -0.422674
v -0.994477 -0.084117 -0.415182
v -0.978281 -0.086682 -0.415182
v -0.994477 -0.063119 -0.415182
v -0.995834 -0.082870 -0.415181
v -0.995834 -0.064793 -0.415181
v -0.971792 -0.066713 -0.415171
v -0.994477 -0.051422 -0.415182
v -0.968177 -0.055589 -0.415172
v -0.971021 -0.068723 -0.415173
v -0.976613 -0.085915 -0.415180
v -0.995834 -0.082870 -0.415181
v -1.009782 -0.085080 -0.415175
v -0.994477 -0.084117 -0.415182
v -1.010684 -0.086682 -0.415177
v -0.994481 -0.092574 -0.422677
v -0.994481 -0.108502 -0.422677
v -1.008077 -0.094726 -0.422681
v -1.003151 -0.109875 -0.422680
v -0.971795 -0.153037 -0.422682
v -0.958908 -0.162400 -0.422678
v -0.967810 -0.145219 -0.422674
v -0.952659 -0.150140 -0.422672
v -0.944615 -0.152754 -0.415176
v -0.924641 -0.159242 -0.415178
v -0.943015 -0.151853 -0.415173
v -0.952060 -0.167371 -0.415181
v -0.935075 -0.179713 -0.415180
v -0.951841 -0.169197 -0.415175
v -0.937221 -0.179823 -0.415179
v -0.925613 -0.186588 -0.415176
v -0.913522 -0.162857 -0.415180
v -0.925817 -0.157439 -0.415178
v -1.017176 -0.153037 -0.422683
v -1.021154 -0.145219 -0.422679
v -1.030058 -0.162400 -0.422679
v -1.036316 -0.150140 -0.422680
v -1.036904 -0.167371 -0.415178
v -1.044352 -0.152754 -0.415184
v -1.038697 -0.167009 -0.415174
v -1.045119 -0.154425 -0.415170
v -0.943015 -0.151853 -0.415173
v -0.944615 -0.152754 -0.415176
v -0.940797 -0.137903 -0.415173
v -0.942049 -0.136551 -0.415182
v -0.950510 -0.136551 -0.422685
v -0.952659 -0.150140 -0.422672
v -0.966429 -0.136551 -0.422677
v -0.967810 -0.145219 -0.422674
v -1.017176 -0.153037 -0.422683
v -1.030058 -0.162400 -0.422679
v -1.010969 -0.159242 -0.422681
v -1.020328 -0.172129 -0.422676
v -1.025297 -0.178971 -0.415177
v -1.036904 -0.167371 -0.415178
v -1.037645 -0.195959 -0.415182
v -1.024943 -0.180774 -0.415173
v -1.035573 -0.195399 -0.415176
v -1.044517 -0.205421 -0.415179
v -1.053890 -0.179713 -0.415179
v -1.053324 -0.177635 -0.415182
v -1.063355 -0.186588 -0.415181
v -1.038697 -0.167009 -0.415174
v -1.017176 -0.120064 -0.422683
v -1.030058 -0.110702 -0.422679
v -1.010969 -0.113859 -0.422681
v -1.020328 -0.100972 -0.422676
v -1.025297 -0.094130 -0.415177
v -1.027128 -0.093917 -0.415175
v -1.036904 -0.105730 -0.415178
v -1.037111 -0.103904 -0.415177
v -0.967810 -0.127883 -0.422674
v -0.966429 -0.136551 -0.422677
v -0.952659 -0.122961 -0.422672
v -0.950510 -0.136551 -0.422685
v -0.944615 -0.120348 -0.415176
v -0.943847 -0.118677 -0.415172
v -0.924641 -0.113859 -0.415178
v -0.942049 -0.136551 -0.415182
v -0.921052 -0.136551 -0.415176
v -0.940797 -0.137903 -0.415173
v -0.922727 -0.137903 -0.415174
v -0.909359 -0.136551 -0.415183
v -0.913522 -0.110245 -0.415180
v -0.926651 -0.113090 -0.415177
v -1.012360 -0.187186 -0.415174
v -1.010684 -0.186419 -0.415177
v -1.024943 -0.180774 -0.415173
v -1.025297 -0.178971 -0.415177
v -1.020328 -0.172129 -0.422676
v -1.008077 -0.178375 -0.422681
v -1.010969 -0.159242 -0.422681
v -1.003151 -0.163227 -0.422680
v -1.021154 -0.127883 -0.422679
v -1.036316 -0.122961 -0.422680
v -1.017176 -0.120064 -0.422683
v -1.030058 -0.110702 -0.422679
v -1.036904 -0.105730 -0.415178
v -1.044352 -0.120348 -0.415184
v -1.053890 -0.093388 -0.415179
v -1.037111 -0.103904 -0.415177
v -1.051743 -0.093278 -0.415180
v -1.063355 -0.086514 -0.415181
v -1.064318 -0.113859 -0.415171
v -1.075443 -0.110245 -0.415179
v -1.063149 -0.115662 -0.415183
v -1.045954 -0.121249 -0.415171
v -0.985818 -0.163227 -0.422686
v -0.988249 -0.155729 -0.431715
v -0.994481 -0.164600 -0.422677
v -0.994484 -0.156716 -0.431715
v -0.988249 -0.117372 -0.431715
v -0.982620 -0.120237 -0.431716
v -0.985818 -0.109875 -0.422686
v -0.977991 -0.113859 -0.422679
v -0.982620 -0.152865 -0.431716
v -0.988249 -0.155729 -0.431715
v -0.977991 -0.159242 -0.422679
v -0.985818 -0.163227 -0.422686
v -0.971795 -0.153037 -0.422682
v -0.978167 -0.148404 -0.431717
v -0.977991 -0.159242 -0.422679
v -0.982620 -0.152865 -0.431716
v -1.013663 -0.142782 -0.431713
v -1.014647 -0.136551 -0.431719
v -1.021154 -0.145219 -0.422679
v -1.022538 -0.136551 -0.422677
v -1.000719 -0.117372 -0.431715
v -0.994484 -0.116386 -0.431715
v -1.003151 -0.109875 -0.422680
v -0.994481 -0.108502 -0.422677
v -0.967810 -0.145219 -0.422674
v -0.975304 -0.142782 -0.431716
v -0.971795 -0.153037 -0.422682
v -0.978167 -0.148404 -0.431717
v -1.017176 -0.153037 -0.422683
v -1.010800 -0.148404 -0.431712
v -1.021154 -0.145219 -0.422679
v -1.013663 -0.142782 -0.431713
v -1.010969 -0.113859 -0.422681
v -1.006340 -0.120237 -0.431716
v -1.003151 -0.109875 -0.422680
v -1.000719 -0.117372 -0.431715
v -0.974312 -0.136551 -0.431714
v -0.975304 -0.142782 -0.431716
v -0.966429 -0.136551 -0.422677
v -0.967810 -0.145219 -0.422674
v -1.010969 -0.159242 -0.422681
v -1.006340 -0.152865 -0.431716
v -1.017176 -0.153037 -0.422683
v -1.010800 -0.148404 -0.431712
v -1.010800 -0.124698 -0.431712
v -1.006340 -0.120237 -0.431716
v -1.017176 -0.120064 -0.422683
v -1.010969 -0.113859 -0.422681
v -0.967810 -0.127883 -0.422674
v -0.975304 -0.130319 -0.431716
v -0.966429 -0.136551 -0.422677
v -0.974312 -0.136551 -0.431714
v -1.003151 -0.163227 -0.422680
v -1.000719 -0.155729 -0.431715
v -1.010969 -0.159242 -0.422681
v -1.006340 -0.152865 -0.431716
v -0.971795 -0.120064 -0.422682
v -0.967810 -0.127883 -0.422674
v -0.978167 -0.124698 -0.431717
v -0.975304 -0.130319 -0.431716
v -0.994484 -0.156716 -0.431715
v -1.000719 -0.155729 -0.431715
v -0.994481 -0.164600 -0.422677
v -1.003151 -0.163227 -0.422680
v -1.014647 -0.136551 -0.431719
v -1.013663 -0.130319 -0.431713
v -1.022538 -0.136551 -0.422677
v -1.021154 -0.127883 -0.422679
v -0.977991 -0.113859 -0.422679
v -0.982620 -0.120237 -0.431716
v -0.971795 -0.120064 -0.422682
v -0.978167 -0.124698 -0.431717
v -1.035573 -0.195399 -0.415176
v -1.035568 -0.195399 -0.406287
v -1.024943 -0.180774 -0.415173
v -1.024944 -0.180774 -0.406279
v -0.993125 -0.190231 -0.415179
v -0.993134 -0.190231 -0.406278
v -0.979183 -0.188021 -0.415181
v -0.979180 -0.188021 -0.406276
v -1.062307 -0.160011 -0.415185
v -1.062304 -0.160011 -0.406280
v -1.045119 -0.154425 -0.415170
v -1.045120 -0.154425 -0.406287
v -1.037111 -0.103904 -0.415177
v -1.037115 -0.103904 -0.406280
v -1.051743 -0.093278 -0.415180
v -1.051738 -0.093278 -0.406290
v -0.961835 -0.179184 -0.415182
v -0.961839 -0.179184 -0.406285
v -0.951841 -0.169197 -0.415175
v -0.951851 -0.169197 -0.406274
v -1.066238 -0.135198 -0.415185
v -1.066248 -0.135198 -0.406284
v -1.063149 -0.115662 -0.415183
v -1.063143 -0.115662 -0.406291
v -0.926651 -0.113090 -0.415177
v -0.926654 -0.113090 -0.406283
v -0.943847 -0.118677 -0.415172
v -0.943852 -0.118677 -0.406278
v -0.943015 -0.151853 -0.406293
v -0.940802 -0.137903 -0.406278
v -0.943015 -0.151853 -0.415173
v -0.940797 -0.137903 -0.415173
v -1.051743 -0.093278 -0.415180
v -1.051738 -0.093278 -0.406290
v -1.037754 -0.079292 -0.415185
v -1.037754 -0.079292 -0.406289
v -1.012354 -0.187186 -0.406282
v -1.017935 -0.204379 -0.406282
v -1.012360 -0.187186 -0.415174
v -1.017944 -0.204379 -0.415183
v -0.971021 -0.068723 -0.415173
v -0.953401 -0.077703 -0.415176
v -0.971792 -0.066713 -0.415171
v -0.951322 -0.077143 -0.415176
v -0.968177 -0.055589 -0.415172
v -0.944447 -0.067681 -0.415178
v -1.053324 -0.177635 -0.415182
v -1.062307 -0.160011 -0.415185
v -1.053890 -0.179713 -0.415179
v -1.064318 -0.159242 -0.415171
v -1.063355 -0.186588 -0.415181
v -1.075443 -0.162857 -0.415179
v -1.015375 -0.067887 -0.415180
v -0.995834 -0.064793 -0.415181
v -1.017180 -0.066713 -0.415182
v -0.994477 -0.063119 -0.415182
v -1.020790 -0.055589 -0.415183
v -0.994477 -0.051422 -0.415182
v -1.009778 -0.085080 -0.406283
v -0.995835 -0.082870 -0.406287
v -1.015363 -0.067887 -0.406280
v -0.995835 -0.064793 -0.406287
v -0.937225 -0.179823 -0.406281
v -0.951208 -0.193809 -0.406282
v -0.951851 -0.169197 -0.406274
v -0.961839 -0.179184 -0.406285
v -0.976614 -0.085915 -0.406284
v -0.964020 -0.092328 -0.406278
v -0.971021 -0.068723 -0.406278
v -0.953401 -0.077703 -0.406280
v -0.973593 -0.205214 -0.406282
v -0.979180 -0.188021 -0.406276
v -0.993134 -0.208308 -0.406278
v -0.993134 -0.190231 -0.406278
v -1.066248 -0.135198 -0.406284
v -1.048157 -0.135198 -0.406283
v -1.063143 -0.115662 -0.406291
v -1.045961 -0.121249 -0.406286
v -0.950256 -0.106092 -0.406283
v -0.943852 -0.118677 -0.406278
v -0.935637 -0.095466 -0.406286
v -0.926654 -0.113090 -0.406283
v -1.017935 -0.204379 -0.406282
v -1.012354 -0.187186 -0.406282
v -1.035568 -0.195399 -0.406287
v -1.024944 -0.180774 -0.406279
v -1.037115 -0.103904 -0.406280
v -1.027131 -0.093917 -0.406280
v -1.051738 -0.093278 -0.406290
v -1.037754 -0.079292 -0.406289
v -0.922721 -0.137903 -0.406284
v -0.940802 -0.137903 -0.406278
v -0.925820 -0.157439 -0.406280
v -0.943015 -0.151853 -0.406293
v -0.951851 -0.169197 -0.406274
v -0.937225 -0.179823 -0.406281
v -0.951841 -0.169197 -0.415175
v -0.937221 -0.179823 -0.415179
v -1.024943 -0.180774 -0.415173
v -1.024944 -0.180774 -0.406279
v -1.012360 -0.187186 -0.415174
v -1.012354 -0.187186 -0.406282
v -1.038697 -0.167009 -0.415174
v -1.038714 -0.167009 -0.406284
v -1.053324 -0.177635 -0.415182
v -1.053332 -0.177635 -0.406282
v -0.995835 -0.064793 -0.406287
v -0.995835 -0.082870 -0.406287
v -0.995834 -0.064793 -0.415181
v -0.995834 -0.082870 -0.415181
v -1.045119 -0.154425 -0.415170
v -1.045120 -0.154425 -0.406287
v -1.038697 -0.167009 -0.415174
v -1.038714 -0.167009 -0.406284
v -0.940797 -0.137903 -0.415173
v -0.940802 -0.137903 -0.406278
v -0.922727 -0.137903 -0.415174
v -0.922721 -0.137903 -0.406284
v -0.951213 -0.193809 -0.415175
v -0.951208 -0.193809 -0.406282
v -0.961835 -0.179184 -0.415182
v -0.961839 -0.179184 -0.406285
v -1.053324 -0.177635 -0.415182
v -1.053332 -0.177635 -0.406282
v -1.062307 -0.160011 -0.415185
v -1.062304 -0.160011 -0.406280
v -0.976613 -0.085915 -0.415180
v -0.976614 -0.085915 -0.406284
v -0.971021 -0.068723 -0.415173
v -0.971021 -0.068723 -0.406278
v -1.017944 -0.204379 -0.415183
v -1.017935 -0.204379 -0.406282
v -1.035573 -0.195399 -0.415176
v -1.035568 -0.195399 -0.406287
v -1.037754 -0.079292 -0.415185
v -1.037754 -0.079292 -0.406289
v -1.027128 -0.093917 -0.415175
v -1.027131 -0.093917 -0.406280
v -0.979180 -0.188021 -0.406276
v -0.973593 -0.205214 -0.406282
v -0.979183 -0.188021 -0.415181
v -0.973589 -0.205214 -0.415177
v -0.973589 -0.205214 -0.415177
v -0.973593 -0.205214 -0.406282
v -0.993125 -0.208308 -0.415179
v -0.993134 -0.208308 -0.406278
v -1.009782 -0.085080 -0.415175
v -1.009778 -0.085080 -0.406283
v -1.015375 -0.067887 -0.415180
v -1.015363 -0.067887 -0.406280
v -0.953401 -0.077703 -0.406280
v -0.964020 -0.092328 -0.406278
v -0.953401 -0.077703 -0.415176
v -0.964032 -0.092328 -0.415180
v -0.937221 -0.179823 -0.415179
v -0.937225 -0.179823 -0.406281
v -0.951213 -0.193809 -0.415175
v -0.951208 -0.193809 -0.406282
v -1.045961 -0.121249 -0.406286
v -1.048157 -0.135198 -0.406283
v -1.045954 -0.121249 -0.415171
v -1.048167 -0.135198 -0.415184
v -1.048167 -0.135198 -0.415184
v -1.048157 -0.135198 -0.406283
v -1.066238 -0.135198 -0.415185
v -1.066248 -0.135198 -0.406284
v -0.922727 -0.137903 -0.415174
v -0.922721 -0.137903 -0.406284
v -0.925817 -0.157439 -0.415178
v -0.925820 -0.157439 -0.406280
v -1.027128 -0.093917 -0.415175
v -1.027131 -0.093917 -0.406280
v -1.037111 -0.103904 -0.415177
v -1.037115 -0.103904 -0.406280
v -0.993125 -0.208308 -0.415179
v -0.993134 -0.208308 -0.406278
v -0.993125 -0.190231 -0.415179
v -0.993134 -0.190231 -0.406278
v -0.935636 -0.095466 -0.415182
v -0.935637 -0.095466 -0.406286
v -0.926651 -0.113090 -0.415177
v -0.926654 -0.113090 -0.406283
v -0.995835 -0.082870 -0.406287
v -1.009778 -0.085080 -0.406283
v -0.995834 -0.082870 -0.415181
v -1.009782 -0.085080 -0.415175
v -0.950262 -0.106092 -0.415175
v -0.950256 -0.106092 -0.406283
v -0.935636 -0.095466 -0.415182
v -0.935637 -0.095466 -0.406286
v -0.971021 -0.068723 -0.415173
v -0.971021 -0.068723 -0.406278
v -0.953401 -0.077703 -0.415176
v -0.953401 -0.077703 -0.406280
v -0.964020 -0.092328 -0.406278
v -0.976614 -0.085915 -0.406284
v -0.964032 -0.092328 -0.415180
v -0.976613 -0.085915 -0.415180
v -1.063149 -0.115662 -0.415183
v -1.063143 -0.115662 -0.406291
v -1.045954 -0.121249 -0.415171
v -1.045961 -0.121249 -0.406286
v -1.015375 -0.067887 -0.415180
v -1.015363 -0.067887 -0.406280
v -0.995834 -0.064793 -0.415181
v -0.995835 -0.064793 -0.406287
v -0.943847 -0.118677 -0.415172
v -0.943852 -0.118677 -0.406278
v -0.950262 -0.106092 -0.415175
v -0.950256 -0.106092 -0.406283
v -1.044517 -0.067681 -0.415179
v -1.063355 -0.086514 -0.415181
v -1.037645 -0.077143 -0.415182
v -1.053890 -0.093388 -0.415179
v -1.037754 -0.079292 -0.415185
v -1.051743 -0.093278 -0.415180
v -1.013663 -0.142782 -0.431713
v -1.014647 -0.136551 -0.431719
v -1.010800 -0.148404 -0.431712
v -1.010800 -0.124698 -0.431712
v -0.988249 -0.155729 -0.431715
v -1.000719 -0.155729 -0.431715
v -1.006340 -0.152865 -0.431716
v -0.994484 -0.156716 -0.431715
v -0.988249 -0.117372 -0.431715
v -0.978167 -0.148404 -0.431717
v -0.982620 -0.152865 -0.431716
v -0.975304 -0.142782 -0.431716
v -0.974312 -0.136551 -0.431714
v -0.975304 -0.130319 -0.431716
v -0.978167 -0.124698 -0.431717
v -0.982620 -0.120237 -0.431716
v -0.994484 -0.116386 -0.431715
v -1.000719 -0.117372 -0.431715
v -1.006340 -0.120237 -0.431716
v -1.013663 -0.130319 -0.431713
v -0.951213 -0.193809 -0.415175
v -0.951322 -0.195959 -0.415176
v -0.937221 -0.179823 -0.415179
v -0.935075 -0.179713 -0.415180
v -0.925613 -0.186588 -0.415176
v -0.944447 -0.205421 -0.415178
v -0.925817 -0.157439 -0.415178
v -0.922727 -0.137903 -0.415174
v -0.924641 -0.159242 -0.415178
v -0.921052 -0.136551 -0.415176
v -0.913522 -0.162857 -0.415180
v -0.909359 -0.136551 -0.415183
v -0.926651 -0.113090 -0.415177
v -0.935636 -0.095466 -0.415182
v -0.924641 -0.113859 -0.415178
v -0.935075 -0.093388 -0.415180
v -0.913522 -0.110245 -0.415180
v -0.925613 -0.086514 -0.415176
v -1.035573 -0.195399 -0.415176
v -1.017944 -0.204379 -0.415183
v -1.037645 -0.195959 -0.415182
v -1.017180 -0.206389 -0.415182
v -1.044517 -0.205421 -0.415179
v -1.020790 -0.217513 -0.415183
v 0.835754 -0.136551 -0.314785
v 0.843810 -0.187431 -0.314794
v 1.000403 -0.136551 -0.314798
v 0.843810 -0.085671 -0.314794
v 0.867200 -0.039773 -0.314789
v 0.903625 -0.003347 -0.314790
v 0.949527 0.020040 -0.314792
v 1.000403 0.028099 -0.314798
v 1.051287 0.020040 -0.314792
v 1.097189 -0.003347 -0.314794
v 1.133606 -0.039772 -0.314794
v 1.156996 -0.085671 -0.314789
v 1.165056 -0.136551 -0.314787
v 1.156996 -0.187431 -0.314789
v 1.133606 -0.233329 -0.314794
v 1.097189 -0.269755 -0.314794
v 1.051287 -0.293141 -0.314792
v 1.000403 -0.301200 -0.314799
v 0.949527 -0.293141 -0.314792
v 0.903625 -0.269755 -0.314790
v 0.867200 -0.233329 -0.314789
v 0.949527 -0.293141 -0.314792
v 1.000403 -0.301200 -0.314799
v 0.949526 -0.293141 -0.431061
v 1.000398 -0.301200 -0.431061
v 0.835754 -0.136551 -0.314785
v 0.843810 -0.187431 -0.314794
v 0.835751 -0.136551 -0.431063
v 0.843813 -0.187431 -0.431061
v 1.051287 0.020040 -0.314792
v 1.000403 0.028099 -0.314798
v 1.051284 0.020040 -0.431055
v 1.000398 0.028099 -0.431061
v 0.867200 -0.233329 -0.314789
v 0.903625 -0.269755 -0.314790
v 0.867196 -0.233329 -0.431065
v 0.903628 -0.269755 -0.431062
v 1.097189 -0.269755 -0.314794
v 1.133606 -0.233329 -0.314794
v 1.097184 -0.269755 -0.431056
v 1.133608 -0.233329 -0.431062
v 1.133606 -0.039772 -0.314794
v 1.097189 -0.003347 -0.314794
v 1.133608 -0.039772 -0.431062
v 1.097184 -0.003347 -0.431056
v 0.903625 -0.003347 -0.314790
v 0.867200 -0.039773 -0.314789
v 0.903628 -0.003347 -0.431062
v 0.867196 -0.039773 -0.431065
v 1.000403 -0.301200 -0.314799
v 1.051287 -0.293141 -0.314792
v 1.000398 -0.301200 -0.431061
v 1.051284 -0.293141 -0.431055
v 1.165056 -0.136551 -0.314787
v 1.156996 -0.085671 -0.314789
v 1.165053 -0.136551 -0.431064
v 1.156997 -0.085671 -0.431056
v 1.000403 0.028099 -0.314798
v 0.949527 0.020040 -0.314792
v 1.000398 0.028099 -0.431061
v 0.949526 0.020040 -0.431061
v 0.843810 -0.187431 -0.314794
v 0.867200 -0.233329 -0.314789
v 0.843813 -0.187431 -0.431061
v 0.867196 -0.233329 -0.431065
v 0.903625 -0.269755 -0.314790
v 0.949527 -0.293141 -0.314792
v 0.903628 -0.269755 -0.431062
v 0.949526 -0.293141 -0.431061
v 1.133606 -0.233329 -0.314794
v 1.156996 -0.187431 -0.314789
v 1.133608 -0.233329 -0.431062
v 1.156997 -0.187431 -0.431056
v 1.097189 -0.003347 -0.314794
v 1.051287 0.020040 -0.314792
v 1.097184 -0.003347 -0.431056
v 1.051284 0.020040 -0.431055
v 0.867200 -0.039773 -0.314789
v 0.843810 -0.085671 -0.314794
v 0.867196 -0.039773 -0.431065
v 0.843813 -0.085671 -0.431061
v 1.051287 -0.293141 -0.314792
v 1.097189 -0.269755 -0.314794
v 1.051284 -0.293141 -0.431055
v 1.097184 -0.269755 -0.431056
v 1.156996 -0.085671 -0.314789
v 1.133606 -0.039772 -0.314794
v 1.156997 -0.085671 -0.431056
v 1.133608 -0.039772 -0.431062
v 0.949527 0.020040 -0.314792
v 0.903625 -0.003347 -0.314790
v 0.949526 0.020040 -0.431061
v 0.903628 -0.003347 -0.431062
v 0.919825 -0.078006 -0.437907
v 0.927652 -0.083696 -0.422344
v 0.941857 -0.055972 -0.437910
v 0.947551 -0.063803 -0.422340
v 0.905676 -0.167329 -0.437904
v 0.914889 -0.164339 -0.422340
v 0.900804 -0.136551 -0.437906
v 0.910485 -0.136551 -0.422343
v 0.969623 -0.231278 -0.437916
v 0.972610 -0.222071 -0.422347
v 0.941857 -0.217130 -0.437910
v 0.947551 -0.209299 -0.422340
v 1.095130 -0.167329 -0.437905
v 1.085928 -0.164339 -0.422342
v 1.080985 -0.195095 -0.437900
v 1.073156 -0.189406 -0.422350
v 0.941857 -0.055972 -0.437910
v 0.947551 -0.063803 -0.422340
v 0.969623 -0.041824 -0.437916
v 0.972610 -0.051030 -0.422347
v 1.058948 -0.055971 -0.437907
v 1.053252 -0.063802 -0.422347
v 1.080984 -0.078006 -0.437900
v 1.073156 -0.083696 -0.422350
v 1.058948 -0.217130 -0.437907
v 1.053252 -0.209299 -0.422347
v 1.031181 -0.231278 -0.437905
v 1.028191 -0.222071 -0.422343
v 1.095130 -0.105773 -0.437905
v 1.085928 -0.108763 -0.422342
v 1.100006 -0.136551 -0.437905
v 1.090324 -0.136551 -0.422334
v 0.910485 -0.136551 -0.422343
v 0.914889 -0.108764 -0.422340
v 0.900804 -0.136551 -0.437906
v 0.905676 -0.105773 -0.437904
v 0.969623 -0.041824 -0.437916
v 0.972610 -0.051030 -0.422347
v 1.000397 -0.036949 -0.437910
v 1.000412 -0.046629 -0.422343
v 1.100006 -0.136551 -0.437905
v 1.090324 -0.136551 -0.422334
v 1.095130 -0.167329 -0.437905
v 1.085928 -0.164339 -0.422342
v 0.914889 -0.108764 -0.422340
v 0.927652 -0.083696 -0.422344
v 0.905676 -0.105773 -0.437904
v 0.919825 -0.078006 -0.437907
v 1.078948 -0.162072 -0.422338
v 1.078950 -0.162072 -0.393836
v 1.067221 -0.185095 -0.422338
v 1.067225 -0.185095 -0.393832
v 1.000412 -0.226473 -0.422343
v 1.000412 -0.219139 -0.422343
v 0.972610 -0.222071 -0.422347
v 0.974887 -0.215096 -0.422345
v 0.951864 -0.203366 -0.422342
v 0.951856 -0.203366 -0.393842
v 0.933588 -0.185095 -0.422340
v 0.933592 -0.185095 -0.393834
v 0.933588 -0.088007 -0.422340
v 0.933585 -0.088007 -0.393830
v 0.951864 -0.069736 -0.422342
v 0.951856 -0.069736 -0.393842
v 0.974882 -0.215096 -0.393834
v 0.951856 -0.203366 -0.393842
v 0.974887 -0.215096 -0.422345
v 0.951864 -0.203366 -0.422342
v 1.067221 -0.088007 -0.422338
v 1.067225 -0.088007 -0.393832
v 1.078948 -0.111030 -0.422338
v 1.078950 -0.111030 -0.393836
v 1.000412 -0.219139 -0.422343
v 1.000407 -0.219139 -0.393832
v 0.974887 -0.215096 -0.422345
v 0.974882 -0.215096 -0.393834
v 0.917820 -0.136551 -0.422341
v 0.917812 -0.136551 -0.393841
v 0.921860 -0.111030 -0.422339
v 0.921858 -0.111030 -0.393829
v 1.025922 -0.215096 -0.422351
v 1.025927 -0.215096 -0.393828
v 1.000412 -0.219139 -0.422343
v 1.000407 -0.219139 -0.393832
v 1.025922 -0.058005 -0.422351
v 1.025927 -0.058005 -0.393828
v 1.048944 -0.069736 -0.422335
v 1.048948 -0.069736 -0.393829
v 1.048944 -0.203366 -0.422335
v 1.025922 -0.215096 -0.422351
v 1.048948 -0.203366 -0.393829
v 1.025927 -0.215096 -0.393828
v 1.000412 -0.053963 -0.422343
v 1.000407 -0.053963 -0.393832
v 1.025922 -0.058005 -0.422351
v 1.025927 -0.058005 -0.393828
v 1.067221 -0.185095 -0.422338
v 1.067225 -0.185095 -0.393832
v 1.048944 -0.203366 -0.422335
v 1.048948 -0.203366 -0.393829
v 0.921860 -0.162072 -0.422339
v 0.921858 -0.162072 -0.393829
v 0.917820 -0.136551 -0.422341
v 0.917812 -0.136551 -0.393841
v 0.974887 -0.058006 -0.422345
v 0.974882 -0.058006 -0.393834
v 1.000412 -0.053963 -0.422343
v 1.000407 -0.053963 -0.393832
v 0.848708 -0.185840 -0.435896
v 0.840902 -0.136551 -0.435900
v 0.843813 -0.187431 -0.431061
v 0.835751 -0.136551 -0.431063
v 0.871370 -0.230304 -0.435897
v 0.848708 -0.185840 -0.435896
v 0.867196 -0.233329 -0.431065
v 0.843813 -0.187431 -0.431061
v 0.949526 -0.293141 -0.431061
v 0.951115 -0.288247 -0.435904
v 0.903628 -0.269755 -0.431062
v 0.906650 -0.265591 -0.435898
v 1.000398 -0.301200 -0.431061
v 1.000408 -0.296054 -0.435903
v 0.949526 -0.293141 -0.431061
v 0.951115 -0.288247 -0.435904
v 1.049692 -0.288247 -0.435902
v 1.000408 -0.296054 -0.435903
v 1.051284 -0.293141 -0.431055
v 1.000398 -0.301200 -0.431061
v 1.097184 -0.269755 -0.431056
v 1.094158 -0.265591 -0.435908
v 1.051284 -0.293141 -0.431055
v 1.049692 -0.288247 -0.435902
v 1.133608 -0.233329 -0.431062
v 1.129438 -0.230304 -0.435909
v 1.097184 -0.269755 -0.431056
v 1.094158 -0.265591 -0.435908
v 1.156997 -0.187431 -0.431056
v 1.152104 -0.185840 -0.435899
v 1.133608 -0.233329 -0.431062
v 1.129438 -0.230304 -0.435909
v 1.165053 -0.136551 -0.431064
v 1.159906 -0.136551 -0.435902
v 1.156997 -0.187431 -0.431056
v 1.152104 -0.185840 -0.435899
v 1.152104 -0.087262 -0.435899
v 1.159906 -0.136551 -0.435902
v 1.156997 -0.085671 -0.431056
v 1.165053 -0.136551 -0.431064
v 1.133608 -0.039772 -0.431062
v 1.129438 -0.042798 -0.435909
v 1.156997 -0.085671 -0.431056
v 1.152104 -0.087262 -0.435899
v 1.097184 -0.003347 -0.431056
v 1.094158 -0.007510 -0.435908
v 1.133608 -0.039772 -0.431062
v 1.129438 -0.042798 -0.435909
v 1.051284 0.020040 -0.431055
v 1.049692 0.015146 -0.435902
v 1.097184 -0.003347 -0.431056
v 1.094158 -0.007510 -0.435908
v 0.903628 -0.003347 -0.431062
v 0.906650 -0.007511 -0.435898
v 0.949526 0.020040 -0.431061
v 0.951115 0.015146 -0.435904
v 0.867196 -0.039773 -0.431065
v 0.871370 -0.042798 -0.435897
v 0.903628 -0.003347 -0.431062
v 0.906650 -0.007511 -0.435898
v 0.848708 -0.087262 -0.435896
v 0.871370 -0.042798 -0.435897
v 0.843813 -0.085671 -0.431061
v 0.867196 -0.039773 -0.431065
v 0.840902 -0.136551 -0.435900
v 0.848708 -0.087262 -0.435896
v 0.835751 -0.136551 -0.431063
v 0.843813 -0.085671 -0.431061
v 1.053252 -0.209299 -0.422347
v 1.073156 -0.189406 -0.422350
v 1.028191 -0.222071 -0.422343
v 1.048944 -0.203366 -0.422335
v 1.025922 -0.215096 -0.422351
v 1.000412 -0.226473 -0.422343
v 1.000412 -0.219139 -0.422343
v 1.067221 -0.185095 -0.422338
v 1.078948 -0.162072 -0.422338
v 1.090324 -0.136551 -0.422334
v 1.082993 -0.136551 -0.422344
v 1.078948 -0.111030 -0.422338
v 1.073156 -0.083696 -0.422350
v 1.067221 -0.088007 -0.422338
v 1.048944 -0.069736 -0.422335
v 1.028191 -0.051030 -0.422343
v 1.025922 -0.058005 -0.422351
v 1.000412 -0.053963 -0.422343
v 0.972610 -0.051030 -0.422347
v 0.974887 -0.058006 -0.422345
v 0.951864 -0.069736 -0.422342
v 0.927652 -0.083696 -0.422344
v 0.933588 -0.088007 -0.422340
v 0.921860 -0.111030 -0.422339
v 0.910485 -0.136551 -0.422343
v 0.917820 -0.136551 -0.422341
v 0.921860 -0.162072 -0.422339
v 0.933588 -0.185095 -0.422340
v 0.927652 -0.189406 -0.422344
v 0.951864 -0.203366 -0.422342
v 0.914889 -0.164339 -0.422340
v 0.947551 -0.209299 -0.422340
v 0.972610 -0.222071 -0.422347
v 0.974887 -0.215096 -0.422345
v 0.914889 -0.108764 -0.422340
v 0.947551 -0.063803 -0.422340
v 1.000412 -0.046629 -0.422343
v 1.053252 -0.063802 -0.422347
v 1.085928 -0.108763 -0.422342
v 1.085928 -0.164339 -0.422342
v 0.921858 -0.162072 -0.393829
v 0.917812 -0.136551 -0.393841
v 0.933592 -0.185095 -0.393834
v 0.933585 -0.088007 -0.393830
v 1.025927 -0.215096 -0.393828
v 0.974882 -0.215096 -0.393834
v 0.951856 -0.203366 -0.393842
v 1.000407 -0.219139 -0.393832
v 1.048948 -0.203366 -0.393829
v 1.067225 -0.185095 -0.393832
v 1.025927 -0.058005 -0.393828
v 1.000407 -0.053963 -0.393832
v 1.082992 -0.136551 -0.393835
v 1.067225 -0.088007 -0.393832
v 1.048948 -0.069736 -0.393829
v 1.078950 -0.111030 -0.393836
v 1.078950 -0.162072 -0.393836
v 0.974882 -0.058006 -0.393834
v 0.951856 -0.069736 -0.393842
v 0.921858 -0.111030 -0.393829
v 1.000397 -0.036949 -0.437910
v 1.000408 0.022952 -0.435903
v 0.969623 -0.041824 -0.437916
v 0.951115 0.015146 -0.435904
v 0.941857 -0.055972 -0.437910
v 0.906650 -0.007511 -0.435898
v 0.919825 -0.078006 -0.437907
v 0.906650 -0.007511 -0.435898
v 0.871370 -0.042798 -0.435897
v 0.848708 -0.087262 -0.435896
v 0.905676 -0.105773 -0.437904
v 0.840902 -0.136551 -0.435900
v 0.900804 -0.136551 -0.437906
v 0.840902 -0.136551 -0.435900
v 0.905676 -0.167329 -0.437904
v 0.848708 -0.185840 -0.435896
v 0.848708 -0.185840 -0.435896
v 0.919825 -0.195095 -0.437907
v 0.871370 -0.230304 -0.435897
v 0.941857 -0.217130 -0.437910
v 0.969623 -0.231278 -0.437916
v 0.906650 -0.265591 -0.435898
v 0.906650 -0.265591 -0.435898
v 0.951115 -0.288247 -0.435904
v 1.000408 -0.296054 -0.435903
v 1.000397 -0.236153 -0.437910
v 1.031181 -0.231278 -0.437905
v 1.000408 -0.296054 -0.435903
v 1.049692 -0.288247 -0.435902
v 1.094158 -0.265591 -0.435908
v 1.058948 -0.217130 -0.437907
v 1.129438 -0.230304 -0.435909
v 1.080985 -0.195095 -0.437900
v 1.152104 -0.185840 -0.435899
v 1.095130 -0.167329 -0.437905
v 1.100006 -0.136551 -0.437905
v 1.152104 -0.185840 -0.435899
v 1.159906 -0.136551 -0.435902
v 1.095130 -0.105773 -0.437905
v 1.159906 -0.136551 -0.435902
v 1.152104 -0.087262 -0.435899
v 1.080984 -0.078006 -0.437900
v 1.152104 -0.087262 -0.435899
v 1.129438 -0.042798 -0.435909
v 1.058948 -0.055971 -0.437907
v 1.129438 -0.042798 -0.435909
v 1.094158 -0.007510 -0.435908
v 1.031181 -0.041824 -0.437905
v 1.094158 -0.007510 -0.435908
v 1.049692 0.015146 -0.435902
v 1.000397 -0.036949 -0.437910
v 0.941857 -0.217130 -0.437910
v 0.947551 -0.209299 -0.422340
v 0.919825 -0.195095 -0.437907
v 0.927652 -0.189406 -0.422344
v 1.015711 -0.188022 -0.415173
v 1.016612 -0.186419 -0.415173
v 1.001755 -0.190231 -0.415176
v 1.000401 -0.188986 -0.415179
v 1.000404 -0.180528 -0.422677
v 1.000404 -0.164600 -0.422677
v 1.013989 -0.178375 -0.422672
v 1.009074 -0.163227 -0.422675
v 1.000404 -0.164600 -0.422677
v 1.000404 -0.180528 -0.422677
v 0.991741 -0.163227 -0.422671
v 0.986817 -0.178375 -0.422674
v 0.984204 -0.186419 -0.415175
v 0.977714 -0.206389 -0.415172
v 0.982526 -0.187186 -0.415175
v 1.000401 -0.188986 -0.415179
v 1.000401 -0.209983 -0.415179
v 1.001755 -0.190231 -0.415176
v 1.001755 -0.208309 -0.415176
v 1.000401 -0.221679 -0.415179
v 0.974097 -0.217513 -0.415171
v 0.976948 -0.204379 -0.415174
v 0.946716 -0.135199 -0.415172
v 0.928648 -0.135199 -0.415171
v 0.947971 -0.136551 -0.415178
v 0.926972 -0.136551 -0.415168
v 0.950533 -0.152754 -0.415173
v 0.956424 -0.136551 -0.422680
v 0.958585 -0.150141 -0.422676
v 0.972357 -0.136551 -0.422668
v 0.973738 -0.145219 -0.422672
v 0.949769 -0.154425 -0.415172
v 0.930569 -0.159242 -0.415170
v 0.919438 -0.162857 -0.415175
v 0.932579 -0.160011 -0.415172
v 0.915280 -0.136551 -0.415175
v 0.946716 -0.135199 -0.415172
v 0.947971 -0.136551 -0.415178
v 0.948935 -0.121249 -0.415171
v 0.950533 -0.120348 -0.415173
v 0.958585 -0.122961 -0.422676
v 0.973738 -0.127884 -0.422672
v 0.956424 -0.136551 -0.422680
v 0.972357 -0.136551 -0.422668
v 0.928648 -0.135199 -0.415171
v 0.926972 -0.136551 -0.415168
v 0.931743 -0.115663 -0.415174
v 0.930569 -0.113859 -0.415170
v 0.919438 -0.110245 -0.415175
v 0.915280 -0.136551 -0.415175
v 0.985105 -0.085080 -0.415175
v 0.979518 -0.067888 -0.415174
v 0.984204 -0.086683 -0.415175
v 0.977714 -0.066713 -0.415171
v 0.969585 -0.094131 -0.415174
v 0.986817 -0.094726 -0.422674
v 0.974551 -0.100973 -0.422671
v 0.991741 -0.109875 -0.422671
v 0.983925 -0.113859 -0.422674
v 0.967766 -0.093917 -0.415167
v 0.957241 -0.077144 -0.415170
v 0.950363 -0.067681 -0.415177
v 0.957131 -0.079292 -0.415173
v 0.974097 -0.055590 -0.415171
v 1.021289 -0.205214 -0.415174
v 1.023102 -0.206389 -0.415177
v 1.001755 -0.208309 -0.415176
v 1.000401 -0.209983 -0.415179
v 1.000401 -0.221679 -0.415179
v 1.026710 -0.217513 -0.415176
v 1.043039 -0.169197 -0.415173
v 1.033054 -0.179185 -0.415174
v 1.042825 -0.167371 -0.415169
v 1.031224 -0.178972 -0.415170
v 1.035979 -0.162400 -0.422677
v 1.026255 -0.172129 -0.422670
v 1.023099 -0.153037 -0.422672
v 1.016889 -0.159243 -0.422677
v 1.015711 -0.188022 -0.415173
v 1.016612 -0.186419 -0.415173
v 1.021289 -0.205214 -0.415174
v 1.023102 -0.206389 -0.415177
v 1.043565 -0.195959 -0.415177
v 1.026710 -0.217513 -0.415176
v 1.050437 -0.205421 -0.415180
v 1.031224 -0.178972 -0.415170
v 1.043674 -0.193809 -0.415174
v 1.033054 -0.179185 -0.415174
v 1.026255 -0.172129 -0.422670
v 1.016889 -0.159243 -0.422677
v 1.013989 -0.178375 -0.422672
v 1.009074 -0.163227 -0.422675
v 1.051039 -0.118677 -0.415175
v 1.044625 -0.106093 -0.415177
v 1.050275 -0.120348 -0.415175
v 1.042825 -0.105731 -0.415169
v 1.042228 -0.122961 -0.422673
v 1.027077 -0.127884 -0.422678
v 1.035979 -0.110702 -0.422677
v 1.023099 -0.120065 -0.422672
v 1.023099 -0.120065 -0.422672
v 1.016889 -0.113859 -0.422677
v 1.035979 -0.110702 -0.422677
v 1.026255 -0.100973 -0.422670
v 1.042825 -0.105731 -0.415169
v 1.031224 -0.094131 -0.415170
v 1.059813 -0.093389 -0.415180
v 1.044625 -0.106093 -0.415177
v 1.059258 -0.095467 -0.415172
v 1.043565 -0.077144 -0.415177
v 1.069274 -0.086514 -0.415180
v 1.050437 -0.067681 -0.415180
v 1.041488 -0.077703 -0.415176
v 1.030860 -0.092328 -0.415172
v 1.009074 -0.109875 -0.422675
v 1.013989 -0.094726 -0.422672
v 1.016889 -0.113859 -0.422677
v 1.026255 -0.100973 -0.422670
v 1.031224 -0.094131 -0.415170
v 1.016612 -0.086683 -0.415173
v 1.030860 -0.092328 -0.415172
v 1.018280 -0.085916 -0.415172
v 1.000404 -0.108502 -0.422677
v 1.009074 -0.109875 -0.422675
v 1.000404 -0.092574 -0.422677
v 1.013989 -0.094726 -0.422672
v 1.000401 -0.084117 -0.415179
v 1.016612 -0.086683 -0.415173
v 1.000401 -0.063119 -0.415179
v 0.999053 -0.082871 -0.415167
v 0.999053 -0.064793 -0.415167
v 1.023094 -0.066713 -0.415172
v 1.000401 -0.051423 -0.415179
v 1.026710 -0.055589 -0.415176
v 1.023868 -0.068723 -0.415174
v 1.018280 -0.085916 -0.415172
v 0.999053 -0.082871 -0.415167
v 0.985105 -0.085080 -0.415175
v 1.000401 -0.084117 -0.415179
v 0.984204 -0.086683 -0.415175
v 1.000404 -0.092574 -0.422677
v 1.000404 -0.108502 -0.422677
v 0.986817 -0.094726 -0.422674
v 0.991741 -0.109875 -0.422671
v 1.023099 -0.153037 -0.422672
v 1.035979 -0.162400 -0.422677
v 1.027077 -0.145219 -0.422678
v 1.042228 -0.150141 -0.422673
v 1.050275 -0.152754 -0.415175
v 1.070238 -0.159243 -0.415173
v 1.051875 -0.151853 -0.415173
v 1.042825 -0.167371 -0.415169
v 1.059813 -0.179713 -0.415180
v 1.043039 -0.169197 -0.415173
v 1.057666 -0.179823 -0.415178
v 1.069274 -0.186588 -0.415180
v 1.081369 -0.162857 -0.415173
v 1.069069 -0.157439 -0.415177
v 0.977716 -0.153037 -0.422674
v 0.973738 -0.145219 -0.422672
v 0.964821 -0.162400 -0.422674
v 0.958585 -0.150141 -0.422676
v 0.957986 -0.167371 -0.415168
v 0.950533 -0.152754 -0.415173
v 0.956181 -0.167010 -0.415170
v 0.949769 -0.154425 -0.415172
v 1.051875 -0.151853 -0.415173
v 1.050275 -0.152754 -0.415175
v 1.054089 -0.137903 -0.415175
v 1.052835 -0.136551 -0.415169
v 1.044381 -0.136551 -0.422678
v 1.042228 -0.150141 -0.422673
v 1.028459 -0.136551 -0.422679
v 1.027077 -0.145219 -0.422678
v 0.977716 -0.153037 -0.422674
v 0.964821 -0.162400 -0.422674
v 0.983925 -0.159242 -0.422674
v 0.974551 -0.172129 -0.422671
v 0.969585 -0.178972 -0.415174
v 0.957986 -0.167371 -0.415168
v 0.957241 -0.195959 -0.415170
v 0.969946 -0.180774 -0.415175
v 0.959321 -0.195399 -0.415168
v 0.950363 -0.205421 -0.415177
v 0.941003 -0.179713 -0.415168
v 0.941556 -0.177635 -0.415179
v 0.931540 -0.186588 -0.415171
v 0.956181 -0.167010 -0.415170
v 0.977716 -0.120065 -0.422674
v 0.964821 -0.110702 -0.422674
v 0.983925 -0.113859 -0.422674
v 0.974551 -0.100973 -0.422671
v 0.969585 -0.094131 -0.415174
v 0.967766 -0.093917 -0.415167
v 0.957986 -0.105731 -0.415168
v 0.957767 -0.103905 -0.415174
v 1.027077 -0.127884 -0.422678
v 1.028459 -0.136551 -0.422679
v 1.042228 -0.122961 -0.422673
v 1.044381 -0.136551 -0.422678
v 1.050275 -0.120348 -0.415175
v 1.070238 -0.113859 -0.415173
v 1.051039 -0.118677 -0.415175
v 1.052835 -0.136551 -0.415169
v 1.054089 -0.137903 -0.415175
v 1.073835 -0.136551 -0.415180
v 1.072159 -0.137903 -0.415177
v 1.085528 -0.136551 -0.415173
v 1.081369 -0.110245 -0.415173
v 1.068228 -0.113091 -0.415176
v 0.982526 -0.187186 -0.415175
v 0.984204 -0.186419 -0.415175
v 0.969946 -0.180774 -0.415175
v 0.969585 -0.178972 -0.415174
v 0.974551 -0.172129 -0.422671
v 0.986817 -0.178375 -0.422674
v 0.983925 -0.159242 -0.422674
v 0.991741 -0.163227 -0.422671
v 0.973738 -0.127884 -0.422672
v 0.958585 -0.122961 -0.422676
v 0.977716 -0.120065 -0.422674
v 0.964821 -0.110702 -0.422674
v 0.957986 -0.105731 -0.415168
v 0.950533 -0.120348 -0.415173
v 0.941003 -0.093389 -0.415168
v 0.957767 -0.103905 -0.415174
v 0.943151 -0.093279 -0.415171
v 0.931540 -0.086514 -0.415171
v 0.930569 -0.113859 -0.415170
v 0.919438 -0.110245 -0.415175
v 0.931743 -0.115663 -0.415174
v 0.948935 -0.121249 -0.415171
v 1.009074 -0.163227 -0.422675
v 1.006631 -0.155729 -0.431713
v 1.000404 -0.164600 -0.422677
v 1.000403 -0.156716 -0.431716
v 1.006631 -0.117373 -0.431713
v 1.012259 -0.120237 -0.431716
v 1.009074 -0.109875 -0.422675
v 1.016889 -0.113859 -0.422677
v 1.012259 -0.152865 -0.431716
v 1.006631 -0.155729 -0.431713
v 1.016889 -0.159243 -0.422677
v 1.009074 -0.163227 -0.422675
v 1.023099 -0.153037 -0.422672
v 1.016725 -0.148404 -0.431708
v 1.016889 -0.159243 -0.422677
v 1.012259 -0.152865 -0.431716
v 0.981224 -0.142783 -0.431716
v 0.980247 -0.136551 -0.431712
v 0.973738 -0.145219 -0.422672
v 0.972357 -0.136551 -0.422668
v 1.027077 -0.145219 -0.422678
v 1.019589 -0.142783 -0.431706
v 1.023099 -0.153037 -0.422672
v 1.016725 -0.148404 -0.431708
v 0.977716 -0.153037 -0.422674
v 0.984088 -0.148404 -0.431714
v 0.973738 -0.145219 -0.422672
v 0.981224 -0.142783 -0.431716
v 0.983925 -0.113859 -0.422674
v 0.988553 -0.120237 -0.431706
v 0.991741 -0.109875 -0.422671
v 0.994181 -0.117373 -0.431709
v 1.020573 -0.136551 -0.431715
v 1.019589 -0.142783 -0.431706
v 1.028459 -0.136551 -0.422679
v 1.027077 -0.145219 -0.422678
v 0.983925 -0.159242 -0.422674
v 0.988553 -0.152865 -0.431706
v 0.977716 -0.153037 -0.422674
v 0.984088 -0.148404 -0.431714
v 0.984088 -0.124698 -0.431714
v 0.988553 -0.120237 -0.431706
v 0.977716 -0.120065 -0.422674
v 0.983925 -0.113859 -0.422674
v 1.027077 -0.127884 -0.422678
v 1.028459 -0.136551 -0.422679
v 1.019589 -0.130320 -0.431706
v 1.020573 -0.136551 -0.431715
v 0.991741 -0.163227 -0.422671
v 0.994181 -0.155729 -0.431709
v 0.983925 -0.159242 -0.422674
v 0.988553 -0.152865 -0.431706
v 0.981224 -0.130320 -0.431716
v 0.984088 -0.124698 -0.431714
v 0.973738 -0.127884 -0.422672
v 0.977716 -0.120065 -0.422674
v 1.023099 -0.120065 -0.422672
v 1.016725 -0.124698 -0.431708
v 1.027077 -0.127884 -0.422678
v 1.019589 -0.130320 -0.431706
v 1.000403 -0.156716 -0.431716
v 0.994181 -0.155729 -0.431709
v 1.000404 -0.164600 -0.422677
v 0.991741 -0.163227 -0.422671
v 0.980247 -0.136551 -0.431712
v 0.981224 -0.130320 -0.431716
v 0.972357 -0.136551 -0.422668
v 0.973738 -0.127884 -0.422672
v 1.016889 -0.113859 -0.422677
v 1.012259 -0.120237 -0.431716
v 1.023099 -0.120065 -0.422672
v 1.016725 -0.124698 -0.431708
v 0.959321 -0.195399 -0.415168
v 0.959325 -0.195399 -0.406277
v 0.969946 -0.180774 -0.415175
v 0.969943 -0.180774 -0.406280
v 1.001755 -0.190231 -0.415176
v 1.001752 -0.190231 -0.406281
v 1.015711 -0.188022 -0.415173
v 1.015708 -0.188022 -0.406278
v 0.932579 -0.160011 -0.415172
v 0.932576 -0.160011 -0.406277
v 0.949769 -0.154425 -0.415172
v 0.949766 -0.154425 -0.406278
v 0.957767 -0.103905 -0.415174
v 0.957764 -0.103905 -0.406279
v 0.943151 -0.093279 -0.415171
v 0.943149 -0.093279 -0.406276
v 1.033054 -0.179185 -0.415174
v 1.033055 -0.179185 -0.406277
v 1.043039 -0.169197 -0.415173
v 1.043036 -0.169197 -0.406278
v 0.928648 -0.135199 -0.415171
v 0.928644 -0.135199 -0.406275
v 0.931743 -0.115663 -0.415174
v 0.931742 -0.115663 -0.406276
v 1.068228 -0.113091 -0.415176
v 1.068234 -0.113091 -0.406281
v 1.051039 -0.118677 -0.415175
v 1.051044 -0.118677 -0.406281
v 1.051878 -0.151853 -0.406282
v 1.054087 -0.137903 -0.406280
v 1.051875 -0.151853 -0.415173
v 1.054089 -0.137903 -0.415175
v 0.943151 -0.093279 -0.415171
v 0.943149 -0.093279 -0.406276
v 0.957131 -0.079292 -0.415173
v 0.957137 -0.079292 -0.406278
v 0.982539 -0.187186 -0.406272
v 0.976945 -0.204379 -0.406279
v 0.982526 -0.187186 -0.415175
v 0.976948 -0.204379 -0.415174
v 0.941556 -0.177635 -0.415179
v 0.932579 -0.160011 -0.415172
v 0.941003 -0.179713 -0.415168
v 0.930569 -0.159242 -0.415170
v 0.931540 -0.186588 -0.415171
v 0.919438 -0.162857 -0.415175
v 1.057663 -0.179823 -0.406283
v 1.043036 -0.169197 -0.406278
v 1.043674 -0.193809 -0.406276
v 1.033055 -0.179185 -0.406277
v 1.021293 -0.205214 -0.406283
v 1.015708 -0.188022 -0.406278
v 1.001752 -0.208309 -0.406281
v 1.001752 -0.190231 -0.406281
v 0.928644 -0.135199 -0.406275
v 0.946724 -0.135199 -0.406279
v 0.931742 -0.115663 -0.406276
v 0.948932 -0.121249 -0.406276
v 1.044632 -0.106093 -0.406283
v 1.051044 -0.118677 -0.406281
v 1.059251 -0.095467 -0.406284
v 1.068234 -0.113091 -0.406281
v 0.976945 -0.204379 -0.406279
v 0.982539 -0.187186 -0.406272
v 0.959325 -0.195399 -0.406277
v 0.969943 -0.180774 -0.406280
v 1.072171 -0.137903 -0.406272
v 1.054087 -0.137903 -0.406280
v 1.069074 -0.157439 -0.406273
v 1.051878 -0.151853 -0.406282
v 1.043036 -0.169197 -0.406278
v 1.057663 -0.179823 -0.406283
v 1.043039 -0.169197 -0.415173
v 1.057666 -0.179823 -0.415178
v 0.969946 -0.180774 -0.415175
v 0.969943 -0.180774 -0.406280
v 0.982526 -0.187186 -0.415175
v 0.982539 -0.187186 -0.406272
v 0.956181 -0.167010 -0.415170
v 0.956179 -0.167010 -0.406275
v 0.941556 -0.177635 -0.415179
v 0.941556 -0.177635 -0.406281
v 0.999059 -0.064793 -0.406277
v 0.999059 -0.082871 -0.406277
v 0.999053 -0.064793 -0.415167
v 0.999053 -0.082871 -0.415167
v 0.949769 -0.154425 -0.415172
v 0.949766 -0.154425 -0.406278
v 0.956181 -0.167010 -0.415170
v 0.956179 -0.167010 -0.406275
v 1.054089 -0.137903 -0.415175
v 1.054087 -0.137903 -0.406280
v 1.072159 -0.137903 -0.415177
v 1.072171 -0.137903 -0.406272
v 1.043674 -0.193809 -0.415174
v 1.043674 -0.193809 -0.406276
v 1.033054 -0.179185 -0.415174
v 1.033055 -0.179185 -0.406277
v 0.941556 -0.177635 -0.415179
v 0.941556 -0.177635 -0.406281
v 0.932579 -0.160011 -0.415172
v 0.932576 -0.160011 -0.406277
v 1.069069 -0.157439 -0.415177
v 1.069074 -0.157439 -0.406273
v 1.051875 -0.151853 -0.415173
v 1.051878 -0.151853 -0.406282
v 1.018280 -0.085916 -0.415172
v 1.018279 -0.085916 -0.406274
v 1.023868 -0.068723 -0.415174
v 1.023865 -0.068723 -0.406279
v 0.976948 -0.204379 -0.415174
v 0.976945 -0.204379 -0.406279
v 0.959321 -0.195399 -0.415168
v 0.959325 -0.195399 -0.406277
v 0.957131 -0.079292 -0.415173
v 0.957137 -0.079292 -0.406278
v 0.967766 -0.093917 -0.415167
v 0.967761 -0.093917 -0.406272
v 1.015708 -0.188022 -0.406278
v 1.021293 -0.205214 -0.406283
v 1.015711 -0.188022 -0.415173
v 1.021289 -0.205214 -0.415174
v 1.021289 -0.205214 -0.415174
v 1.021293 -0.205214 -0.406283
v 1.001755 -0.208309 -0.415176
v 1.001752 -0.208309 -0.406281
v 0.985105 -0.085080 -0.415175
v 0.985102 -0.085080 -0.406280
v 0.979518 -0.067888 -0.415174
v 0.979524 -0.067888 -0.406279
v 1.041486 -0.077703 -0.406281
v 1.030867 -0.092328 -0.406278
v 1.041488 -0.077703 -0.415176
v 1.030860 -0.092328 -0.415172
v 1.057666 -0.179823 -0.415178
v 1.057663 -0.179823 -0.406283
v 1.043674 -0.193809 -0.415174
v 1.043674 -0.193809 -0.406276
v 0.948932 -0.121249 -0.406276
v 0.946724 -0.135199 -0.406279
v 0.948935 -0.121249 -0.415171
v 0.946716 -0.135199 -0.415172
v 0.946716 -0.135199 -0.415172
v 0.946724 -0.135199 -0.406279
v 0.928648 -0.135199 -0.415171
v 0.928644 -0.135199 -0.406275
v 1.072159 -0.137903 -0.415177
v 1.072171 -0.137903 -0.406272
v 1.069069 -0.157439 -0.415177
v 1.069074 -0.157439 -0.406273
v 0.967766 -0.093917 -0.415167
v 0.967761 -0.093917 -0.406272
v 0.957767 -0.103905 -0.415174
v 0.957764 -0.103905 -0.406279
v 1.001755 -0.208309 -0.415176
v 1.001752 -0.208309 -0.406281
v 1.001755 -0.190231 -0.415176
v 1.001752 -0.190231 -0.406281
v 1.059258 -0.095467 -0.415172
v 1.059251 -0.095467 -0.406284
v 1.068228 -0.113091 -0.415176
v 1.068234 -0.113091 -0.406281
v 0.999059 -0.082871 -0.406277
v 0.985102 -0.085080 -0.406280
v 0.999053 -0.082871 -0.415167
v 0.985105 -0.085080 -0.415175
v 1.044625 -0.106093 -0.415177
v 1.044632 -0.106093 -0.406283
v 1.059258 -0.095467 -0.415172
v 1.059251 -0.095467 -0.406284
v 1.023868 -0.068723 -0.415174
v 1.023865 -0.068723 -0.406279
v 1.041488 -0.077703 -0.415176
v 1.041486 -0.077703 -0.406281
v 1.030867 -0.092328 -0.406278
v 1.018279 -0.085916 -0.406274
v 1.030860 -0.092328 -0.415172
v 1.018280 -0.085916 -0.415172
v 0.931743 -0.115663 -0.415174
v 0.931742 -0.115663 -0.406276
v 0.948935 -0.121249 -0.415171
v 0.948932 -0.121249 -0.406276
v 0.979518 -0.067888 -0.415174
v 0.979524 -0.067888 -0.406279
v 0.999053 -0.064793 -0.415167
v 0.999059 -0.064793 -0.406277
v 1.051039 -0.118677 -0.415175
v 1.051044 -0.118677 -0.406281
v 1.044625 -0.106093 -0.415177
v 1.044632 -0.106093 -0.406283
v 0.950363 -0.067681 -0.415177
v 0.931540 -0.086514 -0.415171
v 0.957241 -0.077144 -0.415170
v 0.941003 -0.093389 -0.415168
v 0.957131 -0.079292 -0.415173
v 0.943151 -0.093279 -0.415171
v 0.981224 -0.142783 -0.431716
v 0.980247 -0.136551 -0.431712
v 0.984088 -0.148404 -0.431714
v 0.984088 -0.124698 -0.431714
v 1.006631 -0.155729 -0.431713
v 0.994181 -0.155729 -0.431709
v 0.988553 -0.152865 -0.431706
v 1.000403 -0.156716 -0.431716
v 1.006631 -0.117373 -0.431713
v 1.016725 -0.148404 -0.431708
v 1.012259 -0.152865 -0.431716
v 1.019589 -0.142783 -0.431706
v 1.020573 -0.136551 -0.431715
v 1.019589 -0.130320 -0.431706
v 1.016725 -0.124698 -0.431708
v 1.012259 -0.120237 -0.431716
v 1.000403 -0.116386 -0.431716
v 0.994181 -0.117373 -0.431709
v 0.988553 -0.120237 -0.431706
v 0.981224 -0.130320 -0.431716
v 1.043674 -0.193809 -0.415174
v 1.043565 -0.195959 -0.415177
v 1.057666 -0.179823 -0.415178
v 1.059813 -0.179713 -0.415180
v 1.069274 -0.186588 -0.415180
v 1.050437 -0.205421 -0.415180
v 1.069069 -0.157439 -0.415177
v 1.072159 -0.137903 -0.415177
v 1.070238 -0.159243 -0.415173
v 1.073835 -0.136551 -0.415180
v 1.081369 -0.162857 -0.415173
v 1.085528 -0.136551 -0.415173
v 1.068228 -0.113091 -0.415176
v 1.059258 -0.095467 -0.415172
v 1.070238 -0.113859 -0.415173
v 1.059813 -0.093389 -0.415180
v 1.081369 -0.110245 -0.415173
v 1.069274 -0.086514 -0.415180
v 0.959321 -0.195399 -0.415168
v 0.976948 -0.204379 -0.415174
v 0.957241 -0.195959 -0.415170
v 0.977714 -0.206389 -0.415172
v 0.950363 -0.205421 -0.415177
v 0.974097 -0.217513 -0.415171
v -0.829837 -0.136551 0.299206
v -0.837891 -0.187430 0.299213
v -0.837891 -0.085671 0.299213
v -0.994484 -0.136551 0.299204
v -0.861282 -0.039772 0.299208
v -0.897712 -0.003347 0.299204
v -0.943598 0.020040 0.299210
v -0.994484 0.028099 0.299204
v -1.045361 0.020041 0.299206
v -1.091262 -0.003346 0.299208
v -1.127679 -0.039772 0.299213
v -1.151075 -0.085671 0.299209
v -1.159124 -0.136550 0.299211
v -1.151075 -0.187430 0.299209
v -1.127679 -0.233329 0.299213
v -1.091262 -0.269755 0.299208
v -1.045361 -0.293141 0.299206
v -0.994484 -0.301200 0.299204
v -0.943598 -0.293141 0.299210
v -0.897712 -0.269755 0.299204
v -0.861282 -0.233329 0.299208
v -0.837891 -0.085671 0.299213
v -0.829837 -0.136551 0.299206
v -0.837891 -0.085671 0.415466
v -0.829831 -0.136551 0.415468
v -0.943598 -0.293141 0.299210
v -0.994484 -0.301200 0.299204
v -0.943601 -0.293141 0.415477
v -0.994480 -0.301200 0.415467
v -0.829837 -0.136551 0.299206
v -0.837891 -0.187430 0.299213
v -0.829831 -0.136551 0.415468
v -0.837891 -0.187430 0.415466
v -1.151075 -0.187430 0.299209
v -1.159124 -0.136550 0.299211
v -1.151070 -0.187430 0.415470
v -1.159134 -0.136550 0.415469
v -1.045361 0.020041 0.299206
v -0.994484 0.028099 0.299204
v -1.045371 0.020041 0.415464
v -0.994480 0.028099 0.415467
v -0.861282 -0.233329 0.299208
v -0.897712 -0.269755 0.299204
v -0.861274 -0.233329 0.415469
v -0.897701 -0.269755 0.415476
v -1.091262 -0.269755 0.299208
v -1.127679 -0.233329 0.299213
v -1.091256 -0.269755 0.415475
v -1.127685 -0.233329 0.415469
v -1.127679 -0.039772 0.299213
v -1.091262 -0.003346 0.299208
v -1.127685 -0.039772 0.415469
v -1.091256 -0.003346 0.415475
v -0.897712 -0.003347 0.299204
v -0.861282 -0.039772 0.299208
v -0.897701 -0.003347 0.415476
v -0.861274 -0.039772 0.415469
v -0.994484 -0.301200 0.299204
v -1.045361 -0.293141 0.299206
v -0.994480 -0.301200 0.415467
v -1.045371 -0.293141 0.415464
v -1.159124 -0.136550 0.299211
v -1.151075 -0.085671 0.299209
v -1.159134 -0.136550 0.415469
v -1.151070 -0.085671 0.415470
v -0.994484 0.028099 0.299204
v -0.943598 0.020040 0.299210
v -0.994480 0.028099 0.415467
v -0.943601 0.020041 0.415477
v -0.837891 -0.187430 0.299213
v -0.861282 -0.233329 0.299208
v -0.837891 -0.187430 0.415466
v -0.861274 -0.233329 0.415469
v -0.897712 -0.269755 0.299204
v -0.943598 -0.293141 0.299210
v -0.897701 -0.269755 0.415476
v -0.943601 -0.293141 0.415477
v -1.127679 -0.233329 0.299213
v -1.151075 -0.187430 0.299209
v -1.127685 -0.233329 0.415469
v -1.151070 -0.187430 0.415470
v -1.091262 -0.003346 0.299208
v -1.045361 0.020041 0.299206
v -1.091256 -0.003346 0.415475
v -1.045371 0.020041 0.415464
v -0.861282 -0.039772 0.299208
v -0.837891 -0.085671 0.299213
v -0.861274 -0.039772 0.415469
v -0.837891 -0.085671 0.415466
v -1.045361 -0.293141 0.299206
v -1.091262 -0.269755 0.299208
v -1.045371 -0.293141 0.415464
v -1.091256 -0.269755 0.415475
v -1.151075 -0.085671 0.299209
v -1.127679 -0.039772 0.299213
v -1.151070 -0.085671 0.415470
v -1.127685 -0.039772 0.415469
v -0.943598 0.020040 0.299210
v -0.897712 -0.003347 0.299204
v -0.943601 0.020041 0.415477
v -0.897701 -0.003347 0.415476
v -1.075064 -0.195095 0.422323
v -1.067234 -0.189405 0.406755
v -1.053021 -0.217130 0.422321
v -1.047339 -0.209299 0.406756
v -0.913898 -0.078006 0.422326
v -0.935935 -0.055971 0.422319
v -0.921741 -0.083696 0.406754
v -0.941629 -0.063802 0.406749
v -0.899749 -0.167329 0.422319
v -0.908962 -0.164338 0.406759
v -0.894875 -0.136551 0.422324
v -0.904564 -0.136551 0.406766
v -0.963702 -0.231277 0.422321
v -0.966697 -0.222071 0.406757
v -0.935935 -0.217130 0.422319
v -0.941629 -0.209299 0.406749
v -1.089213 -0.167329 0.422325
v -1.080003 -0.164338 0.406757
v -1.075064 -0.195095 0.422323
v -1.067234 -0.189405 0.406755
v -0.994477 -0.236152 0.422315
v -0.994483 -0.226472 0.406761
v -0.963702 -0.231277 0.422321
v -0.966697 -0.222071 0.406757
v -0.935935 -0.055971 0.422319
v -0.963702 -0.041824 0.422321
v -0.941629 -0.063802 0.406749
v -0.966691 -0.051030 0.406753
v -1.025254 -0.231277 0.422319
v -1.022272 -0.222071 0.406762
v -0.994477 -0.236152 0.422315
v -0.994483 -0.226472 0.406761
v -1.053021 -0.055971 0.422321
v -1.047339 -0.063802 0.406756
v -1.075064 -0.078006 0.422323
v -1.067234 -0.083696 0.406755
v -1.053021 -0.217130 0.422321
v -1.047339 -0.209299 0.406756
v -1.025254 -0.231277 0.422319
v -1.022272 -0.222071 0.406762
v -1.089213 -0.105772 0.422325
v -1.080003 -0.108763 0.406757
v -1.094086 -0.136550 0.422323
v -1.084391 -0.136550 0.406758
v -0.904564 -0.136551 0.406766
v -0.908962 -0.108764 0.406759
v -0.894875 -0.136551 0.422324
v -0.899749 -0.105772 0.422319
v -1.067234 -0.083696 0.406755
v -1.080003 -0.108763 0.406757
v -1.075064 -0.078006 0.422323
v -1.089213 -0.105772 0.422325
v -1.094086 -0.136550 0.422323
v -1.084391 -0.136550 0.406758
v -1.089213 -0.167329 0.422325
v -1.080003 -0.164338 0.406757
v -0.908962 -0.108764 0.406759
v -0.921741 -0.083696 0.406754
v -0.899749 -0.105772 0.422319
v -0.913898 -0.078006 0.422326
v -0.913898 -0.195095 0.422326
v -0.921741 -0.189405 0.406754
v -0.899749 -0.167329 0.422319
v -0.908962 -0.164338 0.406759
v -1.073028 -0.162072 0.406761
v -1.073025 -0.162072 0.378251
v -1.061300 -0.185094 0.406760
v -1.061299 -0.185094 0.378247
v -0.994483 -0.226472 0.406761
v -0.994483 -0.219138 0.406761
v -0.966697 -0.222071 0.406757
v -0.968960 -0.215096 0.406759
v -0.927661 -0.185094 0.406758
v -0.927665 -0.185094 0.378248
v -0.915942 -0.162072 0.406758
v -0.915937 -0.162072 0.378247
v -0.945935 -0.069736 0.378247
v -0.968957 -0.058005 0.378249
v -0.945939 -0.069736 0.406757
v -0.968960 -0.058005 0.406759
v -1.077072 -0.136550 0.406748
v -1.077065 -0.136551 0.378249
v -1.073028 -0.162072 0.406761
v -1.073025 -0.162072 0.378251
v -0.945939 -0.203366 0.406757
v -0.945935 -0.203366 0.378247
v -0.927661 -0.185094 0.406758
v -0.927665 -0.185094 0.378248
v -1.073028 -0.111029 0.406761
v -1.073025 -0.111029 0.378251
v -1.077072 -0.136550 0.406748
v -1.077065 -0.136551 0.378249
v -0.915942 -0.111029 0.406758
v -0.915937 -0.111029 0.378247
v -0.927661 -0.088007 0.406758
v -0.927665 -0.088007 0.378248
v -1.061300 -0.088007 0.406760
v -1.061299 -0.088007 0.378247
v -1.073028 -0.111029 0.406761
v -1.073025 -0.111029 0.378251
v -0.994483 -0.219138 0.406761
v -0.994482 -0.219138 0.378248
v -0.968960 -0.215096 0.406759
v -0.968957 -0.215096 0.378249
v -1.043024 -0.069735 0.406758
v -1.043023 -0.069735 0.378245
v -1.061300 -0.088007 0.406760
v -1.061299 -0.088007 0.378247
v -1.020001 -0.215096 0.406755
v -1.020000 -0.215096 0.378242
v -0.994483 -0.219138 0.406761
v -0.994482 -0.219138 0.378248
v -1.020001 -0.058005 0.406755
v -1.020000 -0.058005 0.378242
v -1.043024 -0.069735 0.406758
v -1.043023 -0.069735 0.378245
v -1.043024 -0.203366 0.406758
v -1.043023 -0.203366 0.378245
v -1.020001 -0.215096 0.406755
v -1.020000 -0.215096 0.378242
v -0.994483 -0.053963 0.406761
v -0.994482 -0.053963 0.378248
v -1.020001 -0.058005 0.406755
v -1.020000 -0.058005 0.378242
v -1.061300 -0.185094 0.406760
v -1.061299 -0.185094 0.378247
v -1.043024 -0.203366 0.406758
v -1.043023 -0.203366 0.378245
v -0.915942 -0.162072 0.406758
v -0.915937 -0.162072 0.378247
v -0.911893 -0.136551 0.406755
v -0.911892 -0.136551 0.378246
v -0.968960 -0.058005 0.406759
v -0.968957 -0.058005 0.378249
v -0.994483 -0.053963 0.406761
v -0.994482 -0.053963 0.378248
v -0.842791 -0.185840 0.420316
v -0.834975 -0.136551 0.420319
v -0.837891 -0.187430 0.415466
v -0.829831 -0.136551 0.415468
v -0.865441 -0.230304 0.420315
v -0.842791 -0.185840 0.420316
v -0.861274 -0.233329 0.415469
v -0.837891 -0.187430 0.415466
v -0.943601 -0.293141 0.415477
v -0.945189 -0.288247 0.420318
v -0.897701 -0.269755 0.415476
v -0.900731 -0.265591 0.420317
v -0.994480 -0.301200 0.415467
v -0.994485 -0.296053 0.420311
v -0.943601 -0.293141 0.415477
v -0.945189 -0.288247 0.420318
v -1.043777 -0.288247 0.420315
v -0.994485 -0.296053 0.420311
v -1.045371 -0.293141 0.415464
v -0.994480 -0.301200 0.415467
v -1.091256 -0.269755 0.415475
v -1.088235 -0.265591 0.420315
v -1.045371 -0.293141 0.415464
v -1.043777 -0.288247 0.420315
v -1.127685 -0.233329 0.415469
v -1.123523 -0.230304 0.420317
v -1.091256 -0.269755 0.415475
v -1.088235 -0.265591 0.420315
v -1.159134 -0.136550 0.415469
v -1.153984 -0.136550 0.420310
v -1.151070 -0.187430 0.415470
v -1.146177 -0.185840 0.420314
v -1.146177 -0.087261 0.420314
v -1.153984 -0.136550 0.420310
v -1.151070 -0.085671 0.415470
v -1.159134 -0.136550 0.415469
v -1.127685 -0.039772 0.415469
v -1.123523 -0.042797 0.420317
v -1.151070 -0.085671 0.415470
v -1.146177 -0.087261 0.420314
v -0.994485 0.022952 0.420311
v -1.043777 0.015146 0.420315
v -0.994480 0.028099 0.415467
v -1.045371 0.020041 0.415464
v -0.945189 0.015146 0.420318
v -0.994485 0.022952 0.420311
v -0.943601 0.020041 0.415477
v -0.994480 0.028099 0.415467
v -0.897701 -0.003347 0.415476
v -0.900731 -0.007510 0.420318
v -0.943601 0.020041 0.415477
v -0.945189 0.015146 0.420318
v -0.834975 -0.136551 0.420319
v -0.842791 -0.087261 0.420316
v -0.829831 -0.136551 0.415468
v -0.837891 -0.085671 0.415466
v -1.047339 -0.209299 0.406756
v -1.067234 -0.189405 0.406755
v -1.022272 -0.222071 0.406762
v -1.043024 -0.203366 0.406758
v -1.020001 -0.215096 0.406755
v -0.994483 -0.226472 0.406761
v -0.994483 -0.219138 0.406761
v -1.061300 -0.185094 0.406760
v -1.073028 -0.162072 0.406761
v -1.084391 -0.136550 0.406758
v -1.077072 -0.136550 0.406748
v -1.073028 -0.111029 0.406761
v -1.067234 -0.083696 0.406755
v -1.061300 -0.088007 0.406760
v -1.043024 -0.069735 0.406758
v -1.022272 -0.051030 0.406762
v -1.020001 -0.058005 0.406755
v -0.994483 -0.053963 0.406761
v -0.966691 -0.051030 0.406753
v -0.968960 -0.058005 0.406759
v -0.945939 -0.069736 0.406757
v -0.921741 -0.083696 0.406754
v -0.927661 -0.088007 0.406758
v -0.915942 -0.111029 0.406758
v -0.904564 -0.136551 0.406766
v -0.911893 -0.136551 0.406755
v -0.915942 -0.162072 0.406758
v -0.921741 -0.189405 0.406754
v -0.927661 -0.185094 0.406758
v -0.945939 -0.203366 0.406757
v -0.966697 -0.222071 0.406757
v -0.968960 -0.215096 0.406759
v -0.941629 -0.209299 0.406749
v -0.908962 -0.164338 0.406759
v -0.908962 -0.108764 0.406759
v -0.941629 -0.063802 0.406749
v -0.994483 -0.046629 0.406761
v -1.047339 -0.063802 0.406756
v -1.080003 -0.108763 0.406757
v -1.080003 -0.164338 0.406757
v -0.915937 -0.162072 0.378247
v -0.927665 -0.185094 0.378248
v -0.911892 -0.136551 0.378246
v -0.927665 -0.088007 0.378248
v -0.915937 -0.111029 0.378247
v -0.945935 -0.069736 0.378247
v -0.968957 -0.058005 0.378249
v -1.020000 -0.058005 0.378242
v -1.020000 -0.215096 0.378242
v -0.994482 -0.053963 0.378248
v -1.077065 -0.136551 0.378249
v -1.043023 -0.069735 0.378245
v -1.061299 -0.088007 0.378247
v -1.073025 -0.111029 0.378251
v -1.061299 -0.185094 0.378247
v -1.073025 -0.162072 0.378251
v -1.043023 -0.203366 0.378245
v -0.994482 -0.219138 0.378248
v -0.968957 -0.215096 0.378249
v -0.945935 -0.203366 0.378247
v -0.994477 -0.036949 0.422315
v -0.994485 0.022952 0.420311
v -0.963702 -0.041824 0.422321
v -0.945189 0.015146 0.420318
v -0.935935 -0.055971 0.422319
v -0.900731 -0.007510 0.420318
v -0.913898 -0.078006 0.422326
v -0.900731 -0.007510 0.420318
v -0.865441 -0.042797 0.420315
v -0.842791 -0.087261 0.420316
v -0.899749 -0.105772 0.422319
v -0.834975 -0.136551 0.420319
v -0.894875 -0.136551 0.422324
v -0.834975 -0.136551 0.420319
v -0.899749 -0.167329 0.422319
v -0.842791 -0.185840 0.420316
v -0.842791 -0.185840 0.420316
v -0.913898 -0.195095 0.422326
v -0.865441 -0.230304 0.420315
v -0.935935 -0.217130 0.422319
v -0.963702 -0.231277 0.422321
v -0.900731 -0.265591 0.420317
v -0.900731 -0.265591 0.420317
v -0.945189 -0.288247 0.420318
v -0.994485 -0.296053 0.420311
v -0.994477 -0.236152 0.422315
v -1.025254 -0.231277 0.422319
v -0.994485 -0.296053 0.420311
v -1.043777 -0.288247 0.420315
v -1.088235 -0.265591 0.420315
v -1.053021 -0.217130 0.422321
v -1.123523 -0.230304 0.420317
v -1.075064 -0.195095 0.422323
v -1.146177 -0.185840 0.420314
v -1.089213 -0.167329 0.422325
v -1.094086 -0.136550 0.422323
v -1.146177 -0.185840 0.420314
v -1.153984 -0.136550 0.420310
v -1.089213 -0.105772 0.422325
v -1.153984 -0.136550 0.420310
v -1.146177 -0.087261 0.420314
v -1.075064 -0.078006 0.422323
v -1.146177 -0.087261 0.420314
v -1.123523 -0.042797 0.420317
v -1.053021 -0.055971 0.422321
v -1.123523 -0.042797 0.420317
v -1.088235 -0.007510 0.420315
v -1.025254 -0.041824 0.422319
v -1.088235 -0.007510 0.420315
v -1.043777 0.015146 0.420315
v -0.994477 -0.036949 0.422315
v -1.009782 -0.188021 0.399591
v -1.010686 -0.186419 0.399589
v -0.995842 -0.190231 0.399586
v -0.994480 -0.188985 0.399583
v -0.994482 -0.180528 0.407086
v -0.994482 -0.164600 0.407086
v -1.008077 -0.178375 0.407095
v -1.003157 -0.163226 0.407095
v -0.994482 -0.164600 0.407086
v -0.994482 -0.180528 0.407086
v -0.985822 -0.163226 0.407090
v -0.980897 -0.178375 0.407092
v -0.978281 -0.186419 0.399583
v -0.971795 -0.206389 0.399591
v -0.976607 -0.187186 0.399580
v -0.994480 -0.188985 0.399583
v -0.994480 -0.209983 0.399583
v -0.995842 -0.190231 0.399586
v -0.995842 -0.208308 0.399586
v -0.994480 -0.221679 0.399583
v -0.968175 -0.217512 0.399593
v -0.971021 -0.204379 0.399593
v -0.940799 -0.135198 0.399592
v -0.922730 -0.135198 0.399590
v -0.942049 -0.136551 0.399583
v -0.921053 -0.136551 0.399587
v -0.944616 -0.152754 0.399589
v -0.950505 -0.136551 0.407085
v -0.952658 -0.150140 0.407091
v -0.966435 -0.136551 0.407090
v -0.967812 -0.145218 0.407088
v -0.943850 -0.154425 0.399592
v -0.924649 -0.159242 0.399593
v -0.926654 -0.160011 0.399587
v -0.913522 -0.162857 0.399586
v -0.909353 -0.136551 0.399589
v -0.940799 -0.135198 0.399592
v -0.942049 -0.136551 0.399583
v -0.943006 -0.121248 0.399589
v -0.944616 -0.120348 0.399589
v -0.952658 -0.122961 0.407091
v -0.967812 -0.127883 0.407088
v -0.950505 -0.136551 0.407085
v -0.966435 -0.136551 0.407090
v -0.922730 -0.135198 0.399590
v -0.921053 -0.136551 0.399587
v -0.925818 -0.115662 0.399589
v -0.924649 -0.113859 0.399593
v -0.913522 -0.110245 0.399586
v -0.909353 -0.136551 0.399589
v -0.979186 -0.085080 0.399580
v -0.973591 -0.067887 0.399588
v -0.978281 -0.086682 0.399583
v -0.971795 -0.066713 0.399591
v -0.963664 -0.094130 0.399579
v -0.980897 -0.094726 0.407092
v -0.968645 -0.100972 0.407088
v -0.985822 -0.109875 0.407090
v -0.977998 -0.113859 0.407088
v -0.961837 -0.093917 0.399585
v -0.951328 -0.077143 0.399579
v -0.944450 -0.067681 0.399586
v -0.951206 -0.079292 0.399588
v -0.968175 -0.055589 0.399593
v -1.037112 -0.169197 0.399587
v -1.027131 -0.179184 0.399590
v -1.036907 -0.167371 0.399588
v -1.025295 -0.178971 0.399588
v -1.030060 -0.162400 0.407083
v -1.020328 -0.172129 0.407085
v -1.017172 -0.153037 0.407090
v -1.010970 -0.159242 0.407082
v -1.009782 -0.188021 0.399591
v -1.010686 -0.186419 0.399589
v -1.015373 -0.205214 0.399585
v -1.017179 -0.206389 0.399584
v -1.037654 -0.195958 0.399587
v -1.020783 -0.217512 0.399591
v -1.044526 -0.205421 0.399590
v -1.025295 -0.178971 0.399588
v -1.037753 -0.193809 0.399579
v -1.027131 -0.179184 0.399590
v -1.020328 -0.172129 0.407085
v -1.010970 -0.159242 0.407082
v -1.008077 -0.178375 0.407095
v -1.003157 -0.163226 0.407095
v -1.045113 -0.118676 0.399591
v -1.038706 -0.106092 0.399596
v -1.044352 -0.120348 0.399582
v -1.036907 -0.105730 0.399588
v -1.036309 -0.122961 0.407092
v -1.021164 -0.127883 0.407087
v -1.030060 -0.110701 0.407083
v -1.017172 -0.120064 0.407090
v -1.017172 -0.120064 0.407090
v -1.010970 -0.113859 0.407082
v -1.030060 -0.110701 0.407083
v -1.020328 -0.100972 0.407085
v -1.036907 -0.105730 0.399588
v -1.025295 -0.094130 0.399588
v -1.053893 -0.093388 0.399585
v -1.038706 -0.106092 0.399596
v -1.053333 -0.095466 0.399587
v -1.037654 -0.077143 0.399587
v -1.063353 -0.086513 0.399585
v -1.044526 -0.067681 0.399590
v -1.035567 -0.077703 0.399581
v -1.024942 -0.092328 0.399591
v -1.003157 -0.109875 0.407095
v -1.008077 -0.094726 0.407095
v -1.010970 -0.113859 0.407082
v -1.020328 -0.100972 0.407085
v -1.025295 -0.094130 0.399588
v -1.010686 -0.086682 0.399589
v -1.024942 -0.092328 0.399591
v -1.012354 -0.085915 0.399587
v -0.994482 -0.108502 0.407086
v -1.003157 -0.109875 0.407095
v -0.994482 -0.092573 0.407086
v -1.008077 -0.094726 0.407095
v -0.994480 -0.084116 0.399583
v -1.010686 -0.086682 0.399589
v -0.994480 -0.063119 0.399583
v -0.993133 -0.082870 0.399590
v -0.993133 -0.064793 0.399590
v -1.017179 -0.066713 0.399585
v -0.994480 -0.051422 0.399583
v -1.020783 -0.055589 0.399591
v -1.017939 -0.068723 0.399592
v -1.012354 -0.085915 0.399587
v -0.993133 -0.082870 0.399590
v -0.979186 -0.085080 0.399580
v -0.994480 -0.084116 0.399583
v -0.978281 -0.086682 0.399583
v -0.994482 -0.092573 0.407086
v -0.994482 -0.108502 0.407086
v -0.980897 -0.094726 0.407092
v -0.985822 -0.109875 0.407090
v -1.017172 -0.153037 0.407090
v -1.030060 -0.162400 0.407083
v -1.021164 -0.145218 0.407087
v -1.036309 -0.150140 0.407092
v -1.044352 -0.152754 0.399582
v -1.064325 -0.159242 0.399582
v -1.045953 -0.151853 0.399578
v -1.036907 -0.167371 0.399588
v -1.053893 -0.179713 0.399585
v -1.037112 -0.169197 0.399587
v -1.051739 -0.179823 0.399597
v -1.063353 -0.186588 0.399585
v -1.075444 -0.162857 0.399588
v -1.063144 -0.157439 0.399596
v -0.971791 -0.153037 0.407090
v -0.967812 -0.145218 0.407088
v -0.958908 -0.162400 0.407087
v -0.952658 -0.150140 0.407091
v -0.952059 -0.167371 0.399583
v -0.950261 -0.167009 0.399588
v -0.944616 -0.152754 0.399589
v -0.943850 -0.154425 0.399592
v -1.045953 -0.151853 0.399578
v -1.044352 -0.152754 0.399582
v -1.048163 -0.137903 0.399589
v -1.046918 -0.136551 0.399589
v -1.038462 -0.136551 0.407084
v -1.036309 -0.150140 0.407092
v -1.022533 -0.136551 0.407093
v -1.021164 -0.145218 0.407087
v -0.971791 -0.153037 0.407090
v -0.958908 -0.162400 0.407087
v -0.977998 -0.159242 0.407088
v -0.968645 -0.172129 0.407088
v -0.963664 -0.178971 0.399579
v -0.952059 -0.167371 0.399583
v -0.951328 -0.195959 0.399579
v -0.964025 -0.180774 0.399580
v -0.953399 -0.195399 0.399590
v -0.944450 -0.205421 0.399586
v -0.935076 -0.179713 0.399587
v -0.935635 -0.177635 0.399584
v -0.925613 -0.186588 0.399586
v -0.950261 -0.167009 0.399588
v -0.971791 -0.120064 0.407090
v -0.958908 -0.110702 0.407087
v -0.977998 -0.113859 0.407088
v -0.968645 -0.100972 0.407088
v -0.963664 -0.094130 0.399579
v -0.961837 -0.093917 0.399585
v -0.952059 -0.105730 0.399583
v -0.951856 -0.103904 0.399584
v -1.021164 -0.127883 0.407087
v -1.022533 -0.136551 0.407093
v -1.036309 -0.122961 0.407092
v -1.038462 -0.136551 0.407084
v -1.044352 -0.120348 0.399582
v -1.064325 -0.113859 0.399582
v -1.045113 -0.118676 0.399591
v -1.046918 -0.136551 0.399589
v -1.048163 -0.137903 0.399589
v -1.067914 -0.136551 0.399584
v -1.066241 -0.137903 0.399596
v -1.079607 -0.136551 0.399591
v -1.075444 -0.110245 0.399588
v -1.062314 -0.113090 0.399584
v -0.976607 -0.187186 0.399580
v -0.978281 -0.186419 0.399583
v -0.964025 -0.180774 0.399580
v -0.963664 -0.178971 0.399579
v -0.968645 -0.172129 0.407088
v -0.980897 -0.178375 0.407092
v -0.977998 -0.159242 0.407088
v -0.985822 -0.163226 0.407090
v -0.967812 -0.127883 0.407088
v -0.952658 -0.122961 0.407091
v -0.971791 -0.120064 0.407090
v -0.958908 -0.110702 0.407087
v -0.952059 -0.105730 0.399583
v -0.944616 -0.120348 0.399589
v -0.935076 -0.093388 0.399587
v -0.951856 -0.103904 0.399584
v -0.937223 -0.093278 0.399589
v -0.925613 -0.086514 0.399586
v -0.924649 -0.113859 0.399593
v -0.913522 -0.110245 0.399586
v -0.925818 -0.115662 0.399589
v -0.943006 -0.121248 0.399589
v -1.003157 -0.163226 0.407095
v -1.000711 -0.155729 0.416118
v -0.994482 -0.164600 0.407086
v -0.994488 -0.156716 0.416128
v -1.000711 -0.117372 0.416118
v -1.006332 -0.120237 0.416130
v -1.003157 -0.109875 0.407095
v -1.010970 -0.113859 0.407082
v -1.006332 -0.152864 0.416130
v -1.000711 -0.155729 0.416118
v -1.010970 -0.159242 0.407082
v -1.003157 -0.163226 0.407095
v -0.994488 -0.116385 0.416128
v -1.000711 -0.117372 0.416118
v -0.994482 -0.108502 0.407086
v -1.003157 -0.109875 0.407095
v -1.017172 -0.153037 0.407090
v -1.010796 -0.148404 0.416126
v -1.010970 -0.159242 0.407082
v -1.006332 -0.152864 0.416130
v -0.975309 -0.142782 0.416125
v -0.974318 -0.136551 0.416129
v -0.967812 -0.145218 0.407088
v -0.966435 -0.136551 0.407090
v -0.988254 -0.117372 0.416127
v -0.994488 -0.116385 0.416128
v -0.985822 -0.109875 0.407090
v -0.994482 -0.108502 0.407086
v -1.021164 -0.145218 0.407087
v -1.013663 -0.142782 0.416120
v -1.017172 -0.153037 0.407090
v -1.010796 -0.148404 0.416126
v -0.971791 -0.153037 0.407090
v -0.978174 -0.148404 0.416122
v -0.967812 -0.145218 0.407088
v -0.975309 -0.142782 0.416125
v -0.977998 -0.113859 0.407088
v -0.982634 -0.120237 0.416125
v -0.985822 -0.109875 0.407090
v -0.988254 -0.117372 0.416127
v -1.014650 -0.136551 0.416122
v -1.013663 -0.142782 0.416120
v -1.022533 -0.136551 0.407093
v -1.021164 -0.145218 0.407087
v -0.977998 -0.159242 0.407088
v -0.982634 -0.152864 0.416125
v -0.971791 -0.153037 0.407090
v -0.978174 -0.148404 0.416122
v -0.978174 -0.124698 0.416122
v -0.982634 -0.120237 0.416125
v -0.971791 -0.120064 0.407090
v -0.977998 -0.113859 0.407088
v -1.021164 -0.127883 0.407087
v -1.013663 -0.130319 0.416120
v -1.022533 -0.136551 0.407093
v -1.014650 -0.136551 0.416122
v -0.985822 -0.163226 0.407090
v -0.988254 -0.155729 0.416127
v -0.977998 -0.159242 0.407088
v -0.982634 -0.152864 0.416125
v -0.975309 -0.130319 0.416125
v -0.978174 -0.124698 0.416122
v -0.967812 -0.127883 0.407088
v -0.971791 -0.120064 0.407090
v -1.017172 -0.120064 0.407090
v -1.010796 -0.124698 0.416126
v -1.021164 -0.127883 0.407087
v -1.013663 -0.130319 0.416120
v -0.994488 -0.156716 0.416128
v -0.988254 -0.155729 0.416127
v -0.994482 -0.164600 0.407086
v -0.985822 -0.163226 0.407090
v -0.974318 -0.136551 0.416129
v -0.966435 -0.136551 0.407090
v -0.975309 -0.130319 0.416125
v -0.967812 -0.127883 0.407088
v -1.010970 -0.113859 0.407082
v -1.006332 -0.120237 0.416130
v -1.017172 -0.120064 0.407090
v -1.010796 -0.124698 0.416126
v -0.953399 -0.195399 0.399590
v -0.953400 -0.195399 0.390692
v -0.964025 -0.180774 0.399580
v -0.964030 -0.180774 0.390689
v -0.995842 -0.190231 0.399586
v -0.995839 -0.190231 0.390691
v -1.009782 -0.188021 0.399591
v -1.009781 -0.188021 0.390693
v -0.951856 -0.103904 0.399584
v -0.951851 -0.103904 0.390688
v -0.937223 -0.093278 0.399589
v -0.937228 -0.093278 0.390694
v -0.922730 -0.135198 0.399590
v -0.922725 -0.135198 0.390694
v -0.925818 -0.115662 0.399589
v -0.925817 -0.115662 0.390691
v -1.062314 -0.113090 0.399584
v -1.062313 -0.113090 0.390690
v -1.045113 -0.118676 0.399591
v -1.045119 -0.118676 0.390700
v -1.045957 -0.151853 0.390691
v -1.048160 -0.137903 0.390694
v -1.045953 -0.151853 0.399578
v -1.048163 -0.137903 0.399589
v -0.937223 -0.093278 0.399589
v -0.937228 -0.093278 0.390694
v -0.951206 -0.079292 0.399588
v -0.951210 -0.079292 0.390693
v -0.976612 -0.187186 0.390690
v -0.971024 -0.204379 0.390684
v -0.976607 -0.187186 0.399580
v -0.971021 -0.204379 0.399593
v -1.017939 -0.068723 0.399592
v -1.035567 -0.077703 0.399581
v -1.017179 -0.066713 0.399585
v -1.037654 -0.077143 0.399587
v -1.020783 -0.055589 0.399591
v -1.044526 -0.067681 0.399590
v -0.935635 -0.177635 0.399584
v -0.926654 -0.160011 0.399587
v -0.935076 -0.179713 0.399587
v -0.924649 -0.159242 0.399593
v -0.925613 -0.186588 0.399586
v -0.913522 -0.162857 0.399586
v -0.973591 -0.067887 0.399588
v -0.993133 -0.064793 0.399590
v -0.971795 -0.066713 0.399591
v -0.994480 -0.063119 0.399583
v -0.968175 -0.055589 0.399593
v -0.994480 -0.051422 0.399583
v -0.935628 -0.177635 0.390700
v -0.950260 -0.167009 0.390694
v -0.926658 -0.160011 0.390696
v -0.943846 -0.154425 0.390696
v -0.979179 -0.085080 0.390688
v -0.993130 -0.082870 0.390695
v -0.973597 -0.067887 0.390698
v -0.993130 -0.064793 0.390695
v -1.051740 -0.179823 0.390691
v -1.037116 -0.169197 0.390696
v -1.037759 -0.193809 0.390688
v -1.027126 -0.179184 0.390695
v -1.012358 -0.085915 0.390696
v -1.024940 -0.092328 0.390697
v -1.017940 -0.068723 0.390694
v -1.035571 -0.077703 0.390694
v -1.015374 -0.205214 0.390688
v -1.009781 -0.188021 0.390693
v -0.995839 -0.208308 0.390691
v -0.995839 -0.190231 0.390691
v -0.922725 -0.135198 0.390694
v -0.940811 -0.135198 0.390688
v -0.925817 -0.115662 0.390691
v -0.943013 -0.121248 0.390695
v -1.038713 -0.106092 0.390688
v -1.045119 -0.118676 0.390700
v -1.053328 -0.095466 0.390692
v -1.062313 -0.113090 0.390690
v -0.971024 -0.204379 0.390684
v -0.976612 -0.187186 0.390690
v -0.953400 -0.195399 0.390692
v -0.964030 -0.180774 0.390689
v -0.951851 -0.103904 0.390688
v -0.961844 -0.093917 0.390692
v -0.937228 -0.093278 0.390694
v -0.951210 -0.079292 0.390693
v -1.066247 -0.137903 0.390689
v -1.048160 -0.137903 0.390694
v -1.063147 -0.157439 0.390687
v -1.045957 -0.151853 0.390691
v -1.037116 -0.169197 0.390696
v -1.051740 -0.179823 0.390691
v -1.037112 -0.169197 0.399587
v -1.051739 -0.179823 0.399597
v -0.964025 -0.180774 0.399580
v -0.964030 -0.180774 0.390689
v -0.976607 -0.187186 0.399580
v -0.976612 -0.187186 0.390690
v -0.950261 -0.167009 0.399588
v -0.950260 -0.167009 0.390694
v -0.935635 -0.177635 0.399584
v -0.935628 -0.177635 0.390700
v -0.993130 -0.064793 0.390695
v -0.993130 -0.082870 0.390695
v -0.993133 -0.064793 0.399590
v -0.993133 -0.082870 0.399590
v -0.943850 -0.154425 0.399592
v -0.943846 -0.154425 0.390696
v -0.950261 -0.167009 0.399588
v -0.950260 -0.167009 0.390694
v -1.048163 -0.137903 0.399589
v -1.048160 -0.137903 0.390694
v -1.066241 -0.137903 0.399596
v -1.066247 -0.137903 0.390689
v -1.037753 -0.193809 0.399579
v -1.037759 -0.193809 0.390688
v -1.027131 -0.179184 0.399590
v -1.027126 -0.179184 0.390695
v -0.935635 -0.177635 0.399584
v -0.935628 -0.177635 0.390700
v -0.926654 -0.160011 0.399587
v -0.926658 -0.160011 0.390696
v -1.063144 -0.157439 0.399596
v -1.063147 -0.157439 0.390687
v -1.045953 -0.151853 0.399578
v -1.045957 -0.151853 0.390691
v -1.012354 -0.085915 0.399587
v -1.012358 -0.085915 0.390696
v -1.017939 -0.068723 0.399592
v -1.017940 -0.068723 0.390694
v -0.971021 -0.204379 0.399593
v -0.971024 -0.204379 0.390684
v -0.953399 -0.195399 0.399590
v -0.953400 -0.195399 0.390692
v -0.951206 -0.079292 0.399588
v -0.951210 -0.079292 0.390693
v -0.961837 -0.093917 0.399585
v -0.961844 -0.093917 0.390692
v -1.009781 -0.188021 0.390693
v -1.015374 -0.205214 0.390688
v -1.009782 -0.188021 0.399591
v -1.015373 -0.205214 0.399585
v -1.015373 -0.205214 0.399585
v -1.015374 -0.205214 0.390688
v -0.995842 -0.208308 0.399586
v -0.995839 -0.208308 0.390691
v -0.979186 -0.085080 0.399580
v -0.979179 -0.085080 0.390688
v -0.973591 -0.067887 0.399588
v -0.973597 -0.067887 0.390698
v -1.051739 -0.179823 0.399597
v -1.051740 -0.179823 0.390691
v -1.037753 -0.193809 0.399579
v -1.037759 -0.193809 0.390688
v -0.940799 -0.135198 0.399592
v -0.940811 -0.135198 0.390688
v -0.922730 -0.135198 0.399590
v -0.922725 -0.135198 0.390694
v -1.066241 -0.137903 0.399596
v -1.066247 -0.137903 0.390689
v -1.063144 -0.157439 0.399596
v -1.063147 -0.157439 0.390687
v -0.961837 -0.093917 0.399585
v -0.961844 -0.093917 0.390692
v -0.951856 -0.103904 0.399584
v -0.951851 -0.103904 0.390688
v -0.995842 -0.208308 0.399586
v -0.995839 -0.208308 0.390691
v -0.995842 -0.190231 0.399586
v -0.995839 -0.190231 0.390691
v -1.053333 -0.095466 0.399587
v -1.053328 -0.095466 0.390692
v -1.062314 -0.113090 0.399584
v -1.062313 -0.113090 0.390690
v -0.993130 -0.082870 0.390695
v -0.979179 -0.085080 0.390688
v -0.993133 -0.082870 0.399590
v -0.979186 -0.085080 0.399580
v -1.038706 -0.106092 0.399596
v -1.038713 -0.106092 0.390688
v -1.053333 -0.095466 0.399587
v -1.053328 -0.095466 0.390692
v -1.017939 -0.068723 0.399592
v -1.017940 -0.068723 0.390694
v -1.035567 -0.077703 0.399581
v -1.035571 -0.077703 0.390694
v -1.024940 -0.092328 0.390697
v -1.012358 -0.085915 0.390696
v -1.024942 -0.092328 0.399591
v -1.012354 -0.085915 0.399587
v -0.925818 -0.115662 0.399589
v -0.925817 -0.115662 0.390691
v -0.943006 -0.121248 0.399589
v -0.943013 -0.121248 0.390695
v -0.973591 -0.067887 0.399588
v -0.973597 -0.067887 0.390698
v -0.993133 -0.064793 0.399590
v -0.993130 -0.064793 0.390695
v -0.944450 -0.067681 0.399586
v -0.925613 -0.086514 0.399586
v -0.951328 -0.077143 0.399579
v -0.935076 -0.093388 0.399587
v -0.951206 -0.079292 0.399588
v -0.937223 -0.093278 0.399589
v -0.975309 -0.142782 0.416125
v -0.974318 -0.136551 0.416129
v -0.978174 -0.148404 0.416122
v -0.978174 -0.124698 0.416122
v -1.000711 -0.155729 0.416118
v -0.988254 -0.155729 0.416127
v -0.982634 -0.152864 0.416125
v -0.994488 -0.156716 0.416128
v -1.010796 -0.148404 0.416126
v -1.000711 -0.117372 0.416118
v -1.006332 -0.152864 0.416130
v -1.010796 -0.124698 0.416126
v -0.994488 -0.116385 0.416128
v -1.006332 -0.120237 0.416130
v -1.014650 -0.136551 0.416122
v -1.013663 -0.130319 0.416120
v -1.013663 -0.142782 0.416120
v -0.988254 -0.117372 0.416127
v -0.982634 -0.120237 0.416125
v -0.975309 -0.130319 0.416125
v -1.063144 -0.157439 0.399596
v -1.066241 -0.137903 0.399596
v -1.064325 -0.159242 0.399582
v -1.067914 -0.136551 0.399584
v -1.075444 -0.162857 0.399588
v -1.079607 -0.136551 0.399591
v -1.062314 -0.113090 0.399584
v -1.053333 -0.095466 0.399587
v -1.064325 -0.113859 0.399582
v -1.053893 -0.093388 0.399585
v -1.075444 -0.110245 0.399588
v -1.063353 -0.086513 0.399585
v -0.953399 -0.195399 0.399590
v -0.971021 -0.204379 0.399593
v -0.951328 -0.195959 0.399579
v -0.971795 -0.206389 0.399591
v -0.944450 -0.205421 0.399586
v -0.968175 -0.217512 0.399593
v 1.165058 -0.136551 0.299215
v 1.156996 -0.187431 0.299213
v 1.156996 -0.085671 0.299213
v 1.000409 -0.136551 0.299210
v 1.133606 -0.039773 0.299204
v 1.097181 -0.003347 0.299214
v 1.051288 0.020040 0.299207
v 1.000409 0.028099 0.299210
v 0.949525 0.020040 0.299207
v 0.903625 -0.003347 0.299208
v 0.867195 -0.039772 0.299204
v 0.843817 -0.085671 0.299218
v 0.835756 -0.136551 0.299216
v 0.843817 -0.187430 0.299218
v 0.867195 -0.233329 0.299204
v 0.903625 -0.269755 0.299208
v 0.949525 -0.293141 0.299207
v 1.000409 -0.301200 0.299210
v 1.051288 -0.293141 0.299207
v 1.097181 -0.269755 0.299214
v 1.133606 -0.233329 0.299204
v 1.156996 -0.085671 0.299213
v 1.165058 -0.136551 0.299215
v 1.156994 -0.085671 0.415481
v 1.165050 -0.136551 0.415472
v 1.051288 -0.293141 0.299207
v 1.000409 -0.301200 0.299210
v 1.051287 -0.293141 0.415477
v 1.000403 -0.301200 0.415470
v 1.165058 -0.136551 0.299215
v 1.156996 -0.187431 0.299213
v 1.165050 -0.136551 0.415472
v 1.156994 -0.187430 0.415481
v 0.843817 -0.187430 0.299218
v 0.835756 -0.136551 0.299216
v 0.843816 -0.187430 0.415471
v 0.835761 -0.136551 0.415479
v 0.949525 0.020040 0.299207
v 1.000409 0.028099 0.299210
v 0.949522 0.020040 0.415475
v 1.000403 0.028099 0.415470
v 1.133606 -0.233329 0.299204
v 1.097181 -0.269755 0.299214
v 1.133610 -0.233329 0.415467
v 1.097187 -0.269755 0.415476
v 0.903625 -0.269755 0.299208
v 0.867195 -0.233329 0.299204
v 0.903631 -0.269755 0.415471
v 0.867206 -0.233329 0.415476
v 0.867195 -0.039772 0.299204
v 0.903625 -0.003347 0.299208
v 0.867206 -0.039772 0.415476
v 0.903631 -0.003347 0.415471
v 1.097181 -0.003347 0.299214
v 1.133606 -0.039773 0.299204
v 1.097187 -0.003347 0.415476
v 1.133610 -0.039773 0.415467
v 1.000409 -0.301200 0.299210
v 0.949525 -0.293141 0.299207
v 1.000403 -0.301200 0.415470
v 0.949523 -0.293141 0.415475
v 0.835756 -0.136551 0.299216
v 0.843817 -0.085671 0.299218
v 0.835761 -0.136551 0.415479
v 0.843816 -0.085671 0.415471
v 1.000409 0.028099 0.299210
v 1.051288 0.020040 0.299207
v 1.000403 0.028099 0.415470
v 1.051287 0.020040 0.415477
v 1.156996 -0.187431 0.299213
v 1.133606 -0.233329 0.299204
v 1.156994 -0.187430 0.415481
v 1.133610 -0.233329 0.415467
v 1.097181 -0.269755 0.299214
v 1.051288 -0.293141 0.299207
v 1.097187 -0.269755 0.415476
v 1.051287 -0.293141 0.415477
v 0.867195 -0.233329 0.299204
v 0.843817 -0.187430 0.299218
v 0.867206 -0.233329 0.415476
v 0.843816 -0.187430 0.415471
v 0.903625 -0.003347 0.299208
v 0.949525 0.020040 0.299207
v 0.903631 -0.003347 0.415471
v 0.949522 0.020040 0.415475
v 1.133606 -0.039773 0.299204
v 1.156996 -0.085671 0.299213
v 1.133610 -0.039773 0.415467
v 1.156994 -0.085671 0.415481
v 0.949525 -0.293141 0.299207
v 0.903625 -0.269755 0.299208
v 0.949523 -0.293141 0.415475
v 0.903631 -0.269755 0.415471
v 0.843817 -0.085671 0.299218
v 0.867195 -0.039772 0.299204
v 0.843816 -0.085671 0.415471
v 0.867206 -0.039772 0.415476
v 1.051288 0.020040 0.299207
v 1.097181 -0.003347 0.299214
v 1.051287 0.020040 0.415477
v 1.097187 -0.003347 0.415476
v 0.919822 -0.195095 0.422320
v 0.927659 -0.189406 0.406765
v 0.941860 -0.217130 0.422326
v 0.947548 -0.209299 0.406756
v 0.972627 -0.051030 0.406764
v 0.947548 -0.063802 0.406756
v 0.969627 -0.041824 0.422323
v 0.941860 -0.055971 0.422326
v 1.080983 -0.078006 0.422330
v 1.073154 -0.083696 0.406764
v 1.058954 -0.055972 0.422318
v 1.053262 -0.063803 0.406756
v 1.095130 -0.167329 0.422324
v 1.085925 -0.164338 0.406755
v 1.100011 -0.136551 0.422321
v 1.090330 -0.136551 0.406758
v 1.031185 -0.231277 0.422321
v 1.028190 -0.222071 0.406757
v 1.058954 -0.217130 0.422318
v 1.053262 -0.209299 0.406756
v 0.905676 -0.167329 0.422324
v 0.914886 -0.164338 0.406757
v 0.919822 -0.195095 0.422320
v 0.927659 -0.189406 0.406765
v 1.000409 -0.236152 0.422325
v 1.000403 -0.226473 0.406758
v 1.031185 -0.231277 0.422321
v 1.028190 -0.222071 0.406757
v 1.058954 -0.055972 0.422318
v 1.053262 -0.063803 0.406756
v 1.031185 -0.041824 0.422321
v 1.028190 -0.051030 0.406757
v 0.969627 -0.231277 0.422323
v 0.972627 -0.222071 0.406764
v 1.000409 -0.236152 0.422325
v 1.000403 -0.226473 0.406758
v 0.941860 -0.055971 0.422326
v 0.947548 -0.063802 0.406756
v 0.919822 -0.078006 0.422320
v 0.927659 -0.083696 0.406765
v 0.941860 -0.217130 0.422326
v 0.947548 -0.209299 0.406756
v 0.969627 -0.231277 0.422323
v 0.972627 -0.222071 0.406764
v 0.905676 -0.105772 0.422324
v 0.914886 -0.108763 0.406757
v 0.900802 -0.136551 0.422324
v 0.910488 -0.136551 0.406763
v 1.090330 -0.136551 0.406758
v 1.085925 -0.108764 0.406755
v 1.100011 -0.136551 0.422321
v 1.095130 -0.105772 0.422324
v 0.900802 -0.136551 0.422324
v 0.910488 -0.136551 0.406763
v 0.905676 -0.167329 0.422324
v 0.914886 -0.164338 0.406757
v 1.085925 -0.108764 0.406755
v 1.073154 -0.083696 0.406764
v 1.095130 -0.105772 0.422324
v 1.080983 -0.078006 0.422330
v 1.080983 -0.195095 0.422330
v 1.073154 -0.189406 0.406764
v 1.095130 -0.167329 0.422324
v 1.085925 -0.164338 0.406755
v 0.921860 -0.162072 0.406757
v 0.921862 -0.162072 0.378247
v 0.933591 -0.185095 0.406767
v 0.933590 -0.185095 0.378246
v 1.000403 -0.226473 0.406758
v 1.000403 -0.219139 0.406758
v 1.028190 -0.222071 0.406757
v 1.025927 -0.215096 0.406759
v 1.067218 -0.185095 0.406759
v 1.067221 -0.185095 0.378249
v 1.078944 -0.162072 0.406755
v 1.078949 -0.162072 0.378249
v 1.048953 -0.069736 0.378247
v 1.025930 -0.058006 0.378250
v 1.048950 -0.069736 0.406757
v 1.025927 -0.058006 0.406759
v 0.917817 -0.136551 0.406756
v 0.917824 -0.136551 0.378248
v 0.921860 -0.162072 0.406757
v 0.921862 -0.162072 0.378247
v 1.048950 -0.203366 0.406757
v 1.048953 -0.203366 0.378247
v 1.067218 -0.185095 0.406759
v 1.067221 -0.185095 0.378249
v 0.921860 -0.111030 0.406757
v 0.921862 -0.111030 0.378247
v 0.917817 -0.136551 0.406756
v 0.917824 -0.136551 0.378248
v 1.025930 -0.215096 0.378250
v 1.048953 -0.203366 0.378247
v 1.025927 -0.215096 0.406759
v 1.048950 -0.203366 0.406757
v 1.078944 -0.111030 0.406755
v 1.078949 -0.111030 0.378249
v 1.067218 -0.088007 0.406759
v 1.067221 -0.088007 0.378249
v 0.933591 -0.088007 0.406767
v 0.933590 -0.088007 0.378246
v 0.921860 -0.111030 0.406757
v 0.921862 -0.111030 0.378247
v 1.000403 -0.219139 0.406758
v 1.000405 -0.219139 0.378248
v 1.025927 -0.215096 0.406759
v 1.025930 -0.215096 0.378250
v 0.951857 -0.069736 0.406762
v 0.951858 -0.069736 0.378249
v 0.933591 -0.088007 0.406767
v 0.933590 -0.088007 0.378246
v 0.974880 -0.215096 0.406759
v 0.974881 -0.215096 0.378246
v 1.000403 -0.219139 0.406758
v 1.000405 -0.219139 0.378248
v 0.951857 -0.203366 0.406762
v 0.951858 -0.203366 0.378249
v 0.974880 -0.215096 0.406759
v 0.974881 -0.215096 0.378246
v 1.000403 -0.053963 0.406758
v 1.000405 -0.053963 0.378248
v 0.974880 -0.058005 0.406759
v 0.974881 -0.058005 0.378246
v 0.933591 -0.185095 0.406767
v 0.933590 -0.185095 0.378246
v 0.951857 -0.203366 0.406762
v 0.951858 -0.203366 0.378249
v 1.078944 -0.162072 0.406755
v 1.078949 -0.162072 0.378249
v 1.082986 -0.136551 0.406760
v 1.082989 -0.136551 0.378246
v 1.025927 -0.058006 0.406759
v 1.025930 -0.058006 0.378250
v 1.000403 -0.053963 0.406758
v 1.000405 -0.053963 0.378248
v 1.152099 -0.185840 0.420315
v 1.159906 -0.136551 0.420318
v 1.156994 -0.187430 0.415481
v 1.165050 -0.136551 0.415472
v 1.129445 -0.230304 0.420312
v 1.152099 -0.185840 0.420315
v 1.133610 -0.233329 0.415467
v 1.156994 -0.187430 0.415481
v 1.051287 -0.293141 0.415477
v 1.049699 -0.288247 0.420319
v 1.097187 -0.269755 0.415476
v 1.094157 -0.265591 0.420318
v 1.000403 -0.301200 0.415470
v 1.000406 -0.296054 0.420318
v 1.051287 -0.293141 0.415477
v 1.049699 -0.288247 0.420319
v 0.951116 -0.288247 0.420321
v 1.000406 -0.296054 0.420318
v 0.949523 -0.293141 0.415475
v 1.000403 -0.301200 0.415470
v 0.903631 -0.269755 0.415471
v 0.906651 -0.265591 0.420312
v 0.949523 -0.293141 0.415475
v 0.951116 -0.288247 0.420321
v 0.867206 -0.233329 0.415476
v 0.871362 -0.230304 0.420314
v 0.903631 -0.269755 0.415471
v 0.906651 -0.265591 0.420312
v 0.843816 -0.187430 0.415471
v 0.848710 -0.185840 0.420314
v 0.867206 -0.233329 0.415476
v 0.871362 -0.230304 0.420314
v 0.835761 -0.136551 0.415479
v 0.840899 -0.136551 0.420322
v 0.843816 -0.187430 0.415471
v 0.848710 -0.185840 0.420314
v 0.848710 -0.087262 0.420314
v 0.840899 -0.136551 0.420322
v 0.843816 -0.085671 0.415471
v 0.835761 -0.136551 0.415479
v 0.867206 -0.039772 0.415476
v 0.871362 -0.042798 0.420314
v 0.843816 -0.085671 0.415471
v 0.848710 -0.087262 0.420314
v 0.903631 -0.003347 0.415471
v 0.906651 -0.007510 0.420312
v 0.867206 -0.039772 0.415476
v 0.871362 -0.042798 0.420314
v 1.000406 0.022952 0.420318
v 0.951116 0.015146 0.420321
v 1.000403 0.028099 0.415470
v 0.949522 0.020040 0.415475
v 1.049699 0.015146 0.420319
v 1.000406 0.022952 0.420318
v 1.051287 0.020040 0.415477
v 1.000403 0.028099 0.415470
v 1.097187 -0.003347 0.415476
v 1.094157 -0.007511 0.420318
v 1.051287 0.020040 0.415477
v 1.049699 0.015146 0.420319
v 0.947548 -0.209299 0.406756
v 0.927659 -0.189406 0.406765
v 0.972627 -0.222071 0.406764
v 0.951857 -0.203366 0.406762
v 0.974880 -0.215096 0.406759
v 1.000403 -0.226473 0.406758
v 1.000403 -0.219139 0.406758
v 0.933591 -0.185095 0.406767
v 0.921860 -0.162072 0.406757
v 0.910488 -0.136551 0.406763
v 0.917817 -0.136551 0.406756
v 0.921860 -0.111030 0.406757
v 0.927659 -0.083696 0.406765
v 0.933591 -0.088007 0.406767
v 0.951857 -0.069736 0.406762
v 0.972627 -0.051030 0.406764
v 0.974880 -0.058005 0.406759
v 1.000403 -0.053963 0.406758
v 1.028190 -0.051030 0.406757
v 1.025927 -0.058006 0.406759
v 1.048950 -0.069736 0.406757
v 1.073154 -0.083696 0.406764
v 1.067218 -0.088007 0.406759
v 1.078944 -0.111030 0.406755
v 1.090330 -0.136551 0.406758
v 1.082986 -0.136551 0.406760
v 1.078944 -0.162072 0.406755
v 1.073154 -0.189406 0.406764
v 1.067218 -0.185095 0.406759
v 1.048950 -0.203366 0.406757
v 1.028190 -0.222071 0.406757
v 1.025927 -0.215096 0.406759
v 1.053262 -0.209299 0.406756
v 1.085925 -0.164338 0.406755
v 1.085925 -0.108764 0.406755
v 1.053262 -0.063803 0.406756
v 1.000403 -0.046629 0.406758
v 0.947548 -0.063802 0.406756
v 0.914886 -0.108763 0.406757
v 0.914886 -0.164338 0.406757
v 1.078949 -0.162072 0.378249
v 1.067221 -0.185095 0.378249
v 1.082989 -0.136551 0.378246
v 1.067221 -0.088007 0.378249
v 1.078949 -0.111030 0.378249
v 1.048953 -0.069736 0.378247
v 1.025930 -0.058006 0.378250
v 0.974881 -0.058005 0.378246
v 0.974881 -0.215096 0.378246
v 1.000405 -0.053963 0.378248
v 0.917824 -0.136551 0.378248
v 0.933590 -0.088007 0.378246
v 0.951858 -0.069736 0.378249
v 0.921862 -0.111030 0.378247
v 0.933590 -0.185095 0.378246
v 0.921862 -0.162072 0.378247
v 0.951858 -0.203366 0.378249
v 1.000405 -0.219139 0.378248
v 1.025930 -0.215096 0.378250
v 1.048953 -0.203366 0.378247
v 1.000409 -0.036949 0.422325
v 1.000406 0.022952 0.420318
v 1.031185 -0.041824 0.422321
v 1.049699 0.015146 0.420319
v 1.058954 -0.055972 0.422318
v 1.094157 -0.007511 0.420318
v 1.080983 -0.078006 0.422330
v 1.094157 -0.007511 0.420318
v 1.129445 -0.042798 0.420312
v 1.152099 -0.087262 0.420315
v 1.095130 -0.105772 0.422324
v 1.159906 -0.136551 0.420318
v 1.100011 -0.136551 0.422321
v 1.159906 -0.136551 0.420318
v 1.095130 -0.167329 0.422324
v 1.152099 -0.185840 0.420315
v 1.152099 -0.185840 0.420315
v 1.080983 -0.195095 0.422330
v 1.129445 -0.230304 0.420312
v 1.058954 -0.217130 0.422318
v 1.031185 -0.231277 0.422321
v 1.094157 -0.265591 0.420318
v 1.094157 -0.265591 0.420318
v 1.049699 -0.288247 0.420319
v 1.000406 -0.296054 0.420318
v 1.000409 -0.236152 0.422325
v 0.969627 -0.231277 0.422323
v 1.000406 -0.296054 0.420318
v 0.951116 -0.288247 0.420321
v 0.906651 -0.265591 0.420312
v 0.941860 -0.217130 0.422326
v 0.871362 -0.230304 0.420314
v 0.919822 -0.195095 0.422320
v 0.848710 -0.185840 0.420314
v 0.905676 -0.167329 0.422324
v 0.900802 -0.136551 0.422324
v 0.848710 -0.185840 0.420314
v 0.840899 -0.136551 0.420322
v 0.905676 -0.105772 0.422324
v 0.840899 -0.136551 0.420322
v 0.848710 -0.087262 0.420314
v 0.919822 -0.078006 0.422320
v 0.848710 -0.087262 0.420314
v 0.871362 -0.042798 0.420314
v 0.941860 -0.055971 0.422326
v 0.871362 -0.042798 0.420314
v 0.906651 -0.007510 0.420312
v 0.969627 -0.041824 0.422323
v 0.906651 -0.007510 0.420312
v 0.951116 0.015146 0.420321
v 1.000409 -0.036949 0.422325
v 1.058954 -0.217130 0.422318
v 1.053262 -0.209299 0.406756
v 1.080983 -0.195095 0.422330
v 1.073154 -0.189406 0.406764
v 0.985103 -0.188022 0.399588
v 0.984201 -0.186419 0.399589
v 0.999051 -0.190231 0.399596
v 1.000399 -0.188986 0.399588
v 1.000403 -0.180528 0.407083
v 1.000403 -0.164600 0.407083
v 0.986817 -0.178375 0.407091
v 0.991732 -0.163227 0.407094
v 1.000403 -0.164600 0.407083
v 1.000403 -0.180528 0.407083
v 1.009065 -0.163227 0.407091
v 1.013997 -0.178375 0.407088
v 1.016603 -0.186419 0.399593
v 1.023093 -0.206389 0.399591
v 1.018280 -0.187186 0.399594
v 1.000399 -0.188986 0.399588
v 1.000399 -0.209983 0.399588
v 0.999051 -0.190231 0.399596
v 0.999051 -0.208309 0.399596
v 1.000399 -0.221679 0.399588
v 1.026711 -0.217513 0.399590
v 1.023867 -0.204379 0.399589
v 1.054079 -0.135199 0.399593
v 1.072159 -0.135199 0.399590
v 1.052837 -0.136551 0.399597
v 1.073840 -0.136551 0.399597
v 1.050273 -0.152754 0.399588
v 1.044376 -0.136551 0.407089
v 1.042229 -0.150141 0.407091
v 1.028449 -0.136551 0.407088
v 1.027082 -0.145219 0.407097
v 1.051039 -0.154425 0.399591
v 1.070238 -0.159242 0.399589
v 1.068229 -0.160011 0.399591
v 1.081364 -0.162857 0.399583
v 1.085533 -0.136551 0.399590
v 1.054079 -0.135199 0.399593
v 1.052837 -0.136551 0.399597
v 1.051880 -0.121249 0.399586
v 1.050273 -0.120348 0.399588
v 1.042229 -0.122961 0.407091
v 1.027082 -0.127884 0.407097
v 1.044376 -0.136551 0.407089
v 1.028449 -0.136551 0.407088
v 1.072159 -0.135199 0.399590
v 1.073840 -0.136551 0.399597
v 1.069063 -0.115663 0.399594
v 1.070238 -0.113859 0.399589
v 1.081364 -0.110245 0.399583
v 1.085533 -0.136551 0.399590
v 1.015708 -0.085080 0.399591
v 1.021289 -0.067887 0.399592
v 1.016603 -0.086682 0.399593
v 1.023093 -0.066713 0.399591
v 1.031223 -0.094131 0.399593
v 1.013997 -0.094726 0.407088
v 1.026248 -0.100973 0.407094
v 1.009065 -0.109875 0.407091
v 1.016889 -0.113859 0.407088
v 1.033051 -0.093917 0.399581
v 1.043565 -0.077144 0.399589
v 1.050437 -0.067681 0.399586
v 1.043675 -0.079292 0.399592
v 1.026711 -0.055590 0.399590
v 0.979517 -0.205214 0.399593
v 0.977712 -0.206389 0.399591
v 0.999051 -0.208309 0.399596
v 1.000399 -0.209983 0.399588
v 1.000399 -0.221679 0.399588
v 0.974104 -0.217513 0.399591
v 0.957767 -0.169197 0.399592
v 0.967758 -0.179184 0.399590
v 0.957981 -0.167371 0.399588
v 0.969582 -0.178972 0.399590
v 0.964821 -0.162400 0.407087
v 0.974549 -0.172129 0.407091
v 0.977708 -0.153037 0.407091
v 0.983917 -0.159242 0.407096
v 0.985103 -0.188022 0.399588
v 0.984201 -0.186419 0.399589
v 0.979517 -0.205214 0.399593
v 0.977712 -0.206389 0.399591
v 0.957239 -0.195959 0.399593
v 0.974104 -0.217513 0.399591
v 0.950362 -0.205421 0.399586
v 0.969582 -0.178972 0.399590
v 0.957126 -0.193809 0.399584
v 0.967758 -0.179184 0.399590
v 0.974549 -0.172129 0.407091
v 0.983917 -0.159242 0.407096
v 0.986817 -0.178375 0.407091
v 0.991732 -0.163227 0.407094
v 0.949767 -0.118677 0.399595
v 0.956176 -0.106093 0.399586
v 0.950536 -0.120348 0.399583
v 0.957981 -0.105731 0.399588
v 0.958578 -0.122961 0.407092
v 0.973731 -0.127884 0.407096
v 0.964821 -0.110702 0.407087
v 0.977708 -0.120065 0.407091
v 0.977708 -0.120065 0.407091
v 0.983917 -0.113859 0.407096
v 0.964821 -0.110702 0.407087
v 0.974549 -0.100973 0.407091
v 0.957981 -0.105731 0.399588
v 0.969582 -0.094131 0.399590
v 0.940996 -0.093389 0.399585
v 0.956176 -0.106093 0.399586
v 0.941557 -0.095467 0.399587
v 0.957239 -0.077143 0.399593
v 0.931533 -0.086514 0.399582
v 0.950362 -0.067681 0.399586
v 0.959314 -0.077703 0.399585
v 0.969946 -0.092328 0.399591
v 0.991732 -0.109875 0.407094
v 0.986817 -0.094726 0.407091
v 0.983917 -0.113859 0.407096
v 0.974549 -0.100973 0.407091
v 0.969582 -0.094131 0.399590
v 0.984201 -0.086682 0.399589
v 0.969946 -0.092328 0.399591
v 0.982535 -0.085916 0.399587
v 1.000403 -0.108502 0.407083
v 0.991732 -0.109875 0.407094
v 1.000403 -0.092574 0.407083
v 0.986817 -0.094726 0.407091
v 1.000399 -0.084117 0.399588
v 0.984201 -0.086682 0.399589
v 1.000399 -0.063119 0.399588
v 1.001753 -0.082871 0.399587
v 1.001753 -0.064793 0.399587
v 0.977712 -0.066713 0.399591
v 1.000399 -0.051423 0.399588
v 0.974104 -0.055589 0.399591
v 0.976948 -0.068723 0.399592
v 0.982535 -0.085916 0.399587
v 1.001753 -0.082871 0.399587
v 1.015708 -0.085080 0.399591
v 1.000399 -0.084117 0.399588
v 1.016603 -0.086682 0.399593
v 1.000403 -0.092574 0.407083
v 1.000403 -0.108502 0.407083
v 1.013997 -0.094726 0.407088
v 1.009065 -0.109875 0.407091
v 0.977708 -0.153037 0.407091
v 0.964821 -0.162400 0.407087
v 0.973731 -0.145219 0.407096
v 0.958578 -0.150141 0.407092
v 0.950536 -0.152754 0.399583
v 0.930568 -0.159242 0.399593
v 0.948933 -0.151853 0.399592
v 0.957981 -0.167371 0.399588
v 0.940996 -0.179713 0.399585
v 0.957767 -0.169197 0.399592
v 0.943148 -0.179823 0.399593
v 0.931533 -0.186588 0.399582
v 0.919445 -0.162857 0.399588
v 0.931738 -0.157439 0.399582
v 1.023090 -0.153037 0.407094
v 1.027082 -0.145219 0.407097
v 1.035985 -0.162400 0.407093
v 1.042229 -0.150141 0.407091
v 1.042820 -0.167371 0.399588
v 1.044625 -0.167010 0.399590
v 1.050273 -0.152754 0.399588
v 1.051039 -0.154425 0.399591
v 0.948933 -0.151853 0.399592
v 0.950536 -0.152754 0.399583
v 0.946725 -0.137903 0.399589
v 0.947969 -0.136551 0.399589
v 0.956423 -0.136551 0.407099
v 0.958578 -0.150141 0.407092
v 0.972357 -0.136551 0.407093
v 0.973731 -0.145219 0.407096
v 1.023090 -0.153037 0.407094
v 1.035985 -0.162400 0.407093
v 1.016889 -0.159242 0.407088
v 1.026248 -0.172129 0.407094
v 1.031223 -0.178972 0.399593
v 1.042820 -0.167371 0.399588
v 1.043565 -0.195959 0.399589
v 1.030860 -0.180774 0.399595
v 1.041485 -0.195399 0.399588
v 1.050437 -0.205421 0.399586
v 1.059803 -0.179713 0.399588
v 1.059244 -0.177635 0.399589
v 1.069274 -0.186588 0.399586
v 1.044625 -0.167010 0.399590
v 1.023090 -0.120065 0.407094
v 1.035985 -0.110702 0.407093
v 1.016889 -0.113859 0.407088
v 1.026248 -0.100973 0.407094
v 1.031223 -0.094131 0.399593
v 1.033051 -0.093917 0.399581
v 1.042820 -0.105731 0.399588
v 1.043037 -0.103905 0.399590
v 0.973731 -0.127884 0.407096
v 0.972357 -0.136551 0.407093
v 0.958578 -0.122961 0.407092
v 0.956423 -0.136551 0.407099
v 0.950536 -0.120348 0.399583
v 0.930568 -0.113859 0.399593
v 0.949767 -0.118677 0.399595
v 0.947969 -0.136551 0.399589
v 0.946725 -0.137903 0.399589
v 0.926979 -0.136551 0.399590
v 0.928645 -0.137903 0.399593
v 0.915272 -0.136551 0.399596
v 0.919445 -0.110245 0.399588
v 0.932572 -0.113091 0.399581
v 1.018280 -0.187186 0.399594
v 1.016603 -0.186419 0.399593
v 1.030860 -0.180774 0.399595
v 1.031223 -0.178972 0.399593
v 1.026248 -0.172129 0.407094
v 1.013997 -0.178375 0.407088
v 1.016889 -0.159242 0.407088
v 1.009065 -0.163227 0.407091
v 1.027082 -0.127884 0.407097
v 1.042229 -0.122961 0.407091
v 1.023090 -0.120065 0.407094
v 1.035985 -0.110702 0.407093
v 1.042820 -0.105731 0.399588
v 1.050273 -0.120348 0.399588
v 1.059803 -0.093389 0.399588
v 1.043037 -0.103905 0.399590
v 1.057656 -0.093279 0.399589
v 1.069274 -0.086514 0.399586
v 1.070238 -0.113859 0.399589
v 1.081364 -0.110245 0.399583
v 1.069063 -0.115663 0.399594
v 1.051880 -0.121249 0.399586
v 0.991732 -0.163227 0.407094
v 0.994169 -0.155729 0.416122
v 1.000403 -0.164600 0.407083
v 1.000404 -0.156716 0.416122
v 0.994169 -0.117372 0.416122
v 0.988547 -0.120237 0.416135
v 0.991732 -0.109875 0.407094
v 0.983917 -0.113859 0.407096
v 0.988547 -0.152865 0.416135
v 0.994169 -0.155729 0.416122
v 0.983917 -0.159242 0.407096
v 0.991732 -0.163227 0.407094
v 1.000404 -0.116386 0.416122
v 1.000403 -0.108502 0.407083
v 0.994169 -0.117372 0.416122
v 0.991732 -0.109875 0.407094
v 0.977708 -0.153037 0.407091
v 0.984089 -0.148404 0.416123
v 0.983917 -0.159242 0.407096
v 0.988547 -0.152865 0.416135
v 1.019576 -0.142783 0.416122
v 1.020568 -0.136551 0.416126
v 1.027082 -0.145219 0.407097
v 1.028449 -0.136551 0.407088
v 1.006632 -0.117372 0.416125
v 1.000404 -0.116386 0.416122
v 1.009065 -0.109875 0.407091
v 1.000403 -0.108502 0.407083
v 0.973731 -0.145219 0.407096
v 0.981225 -0.142783 0.416121
v 0.977708 -0.153037 0.407091
v 0.984089 -0.148404 0.416123
v 1.023090 -0.153037 0.407094
v 1.016717 -0.148404 0.416129
v 1.027082 -0.145219 0.407097
v 1.019576 -0.142783 0.416122
v 1.016889 -0.113859 0.407088
v 1.012253 -0.120237 0.416126
v 1.009065 -0.109875 0.407091
v 1.006632 -0.117372 0.416125
v 1.016889 -0.159242 0.407088
v 1.012253 -0.152865 0.416126
v 1.023090 -0.153037 0.407094
v 1.016717 -0.148404 0.416129
v 1.016717 -0.124698 0.416129
v 1.012253 -0.120237 0.416126
v 1.023090 -0.120065 0.407094
v 1.016889 -0.113859 0.407088
v 0.973731 -0.127884 0.407096
v 0.981225 -0.130320 0.416121
v 0.972357 -0.136551 0.407093
v 0.980234 -0.136551 0.416120
v 1.009065 -0.163227 0.407091
v 1.006632 -0.155729 0.416125
v 1.016889 -0.159242 0.407088
v 1.012253 -0.152865 0.416126
v 1.019576 -0.130320 0.416122
v 1.016717 -0.124698 0.416129
v 1.027082 -0.127884 0.407097
v 1.023090 -0.120065 0.407094
v 0.977708 -0.120065 0.407091
v 0.984089 -0.124698 0.416123
v 0.973731 -0.127884 0.407096
v 0.981225 -0.130320 0.416121
v 1.000404 -0.156716 0.416122
v 1.006632 -0.155729 0.416125
v 1.000403 -0.164600 0.407083
v 1.009065 -0.163227 0.407091
v 1.020568 -0.136551 0.416126
v 1.019576 -0.130320 0.416122
v 1.028449 -0.136551 0.407088
v 1.027082 -0.127884 0.407097
v 0.983917 -0.113859 0.407096
v 0.988547 -0.120237 0.416135
v 0.977708 -0.120065 0.407091
v 0.984089 -0.124698 0.416123
v 1.041485 -0.195399 0.399588
v 1.041488 -0.195399 0.390693
v 1.030860 -0.180774 0.399595
v 1.030863 -0.180774 0.390700
v 0.999051 -0.190231 0.399596
v 0.999048 -0.190231 0.390691
v 0.985103 -0.188022 0.399588
v 0.985100 -0.188022 0.390697
v 1.043037 -0.103905 0.399590
v 1.043040 -0.103905 0.390699
v 1.057656 -0.093279 0.399589
v 1.057659 -0.093279 0.390694
v 1.072159 -0.135199 0.399590
v 1.072162 -0.135199 0.390695
v 1.069063 -0.115663 0.399594
v 1.069064 -0.115663 0.390695
v 0.932572 -0.113091 0.399581
v 0.932580 -0.113091 0.390696
v 0.949767 -0.118677 0.399595
v 0.949768 -0.118677 0.390697
v 0.948936 -0.151853 0.390697
v 0.946728 -0.137903 0.390694
v 0.948933 -0.151853 0.399592
v 0.946725 -0.137903 0.399589
v 1.057656 -0.093279 0.399589
v 1.057659 -0.093279 0.390694
v 1.043675 -0.079292 0.399592
v 1.043676 -0.079292 0.390694
v 0.976948 -0.068723 0.399592
v 0.959314 -0.077703 0.399585
v 0.977712 -0.066713 0.399591
v 0.957239 -0.077143 0.399593
v 0.974104 -0.055589 0.399591
v 0.950362 -0.067681 0.399586
v 1.059244 -0.177635 0.399589
v 1.068229 -0.160011 0.399591
v 1.059803 -0.179713 0.399588
v 1.070238 -0.159242 0.399589
v 1.069274 -0.186588 0.399586
v 1.081364 -0.162857 0.399583
v 1.021289 -0.067887 0.399592
v 1.001753 -0.064793 0.399587
v 1.023093 -0.066713 0.399591
v 1.000399 -0.063119 0.399588
v 1.026711 -0.055590 0.399590
v 1.000399 -0.051423 0.399588
v 1.059259 -0.177635 0.390696
v 1.044628 -0.167010 0.390695
v 1.068229 -0.160011 0.390692
v 1.051036 -0.154425 0.390686
v 1.015698 -0.085080 0.390690
v 1.001756 -0.082871 0.390692
v 1.021290 -0.067887 0.390694
v 1.001756 -0.064793 0.390692
v 0.943139 -0.179823 0.390692
v 0.957770 -0.169197 0.390697
v 0.957132 -0.193809 0.390695
v 0.967759 -0.179184 0.390692
v 0.982527 -0.085916 0.390693
v 0.969947 -0.092328 0.390693
v 0.976942 -0.068723 0.390698
v 0.959316 -0.077703 0.390690
v 0.979514 -0.205214 0.390689
v 0.985100 -0.188022 0.390697
v 0.999048 -0.208309 0.390691
v 0.999048 -0.190231 0.390691
v 1.072162 -0.135199 0.390695
v 1.054082 -0.135199 0.390698
v 1.069064 -0.115663 0.390695
v 1.051874 -0.121249 0.390696
v 0.956182 -0.106093 0.390698
v 0.949768 -0.118677 0.390697
v 0.941559 -0.095467 0.390692
v 0.932580 -0.113091 0.390696
v 1.043040 -0.103905 0.390699
v 1.033045 -0.093917 0.390691
v 1.057659 -0.093279 0.390694
v 1.043676 -0.079292 0.390694
v 0.928648 -0.137903 0.390698
v 0.946728 -0.137903 0.390694
v 0.931744 -0.157439 0.390694
v 0.948936 -0.151853 0.390697
v 0.957770 -0.169197 0.390697
v 0.943139 -0.179823 0.390692
v 0.957767 -0.169197 0.399592
v 0.943148 -0.179823 0.399593
v 1.030860 -0.180774 0.399595
v 1.030863 -0.180774 0.390700
v 1.018280 -0.187186 0.399594
v 1.018281 -0.187186 0.390696
v 1.044625 -0.167010 0.399590
v 1.044628 -0.167010 0.390695
v 1.059244 -0.177635 0.399589
v 1.059259 -0.177635 0.390696
v 1.001756 -0.064793 0.390692
v 1.001756 -0.082871 0.390692
v 1.001753 -0.064793 0.399587
v 1.001753 -0.082871 0.399587
v 1.051039 -0.154425 0.399591
v 1.051036 -0.154425 0.390686
v 1.044625 -0.167010 0.399590
v 1.044628 -0.167010 0.390695
v 0.946725 -0.137903 0.399589
v 0.946728 -0.137903 0.390694
v 0.928645 -0.137903 0.399593
v 0.928648 -0.137903 0.390698
v 0.957126 -0.193809 0.399584
v 0.957132 -0.193809 0.390695
v 0.967758 -0.179184 0.399590
v 0.967759 -0.179184 0.390692
v 1.059244 -0.177635 0.399589
v 1.059259 -0.177635 0.390696
v 1.068229 -0.160011 0.399591
v 1.068229 -0.160011 0.390692
v 0.931738 -0.157439 0.399582
v 0.931744 -0.157439 0.390694
v 0.948933 -0.151853 0.399592
v 0.948936 -0.151853 0.390697
v 0.982535 -0.085916 0.399587
v 0.982527 -0.085916 0.390693
v 0.976948 -0.068723 0.399592
v 0.976942 -0.068723 0.390698
v 1.023867 -0.204379 0.399589
v 1.023861 -0.204379 0.390699
v 1.041485 -0.195399 0.399588
v 1.041488 -0.195399 0.390693
v 1.043675 -0.079292 0.399592
v 1.043676 -0.079292 0.390694
v 1.033051 -0.093917 0.399581
v 1.033045 -0.093917 0.390691
v 0.985100 -0.188022 0.390697
v 0.979514 -0.205214 0.390689
v 0.985103 -0.188022 0.399588
v 0.979517 -0.205214 0.399593
v 0.979517 -0.205214 0.399593
v 0.979514 -0.205214 0.390689
v 0.999051 -0.208309 0.399596
v 0.999048 -0.208309 0.390691
v 1.015708 -0.085080 0.399591
v 1.015698 -0.085080 0.390690
v 1.021289 -0.067887 0.399592
v 1.021290 -0.067887 0.390694
v 0.959316 -0.077703 0.390690
v 0.969947 -0.092328 0.390693
v 0.959314 -0.077703 0.399585
v 0.969946 -0.092328 0.399591
v 0.943148 -0.179823 0.399593
v 0.943139 -0.179823 0.390692
v 0.957126 -0.193809 0.399584
v 0.957132 -0.193809 0.390695
v 1.051874 -0.121249 0.390696
v 1.054082 -0.135199 0.390698
v 1.051880 -0.121249 0.399586
v 1.054079 -0.135199 0.399593
v 1.054079 -0.135199 0.399593
v 1.054082 -0.135199 0.390698
v 1.072159 -0.135199 0.399590
v 1.072162 -0.135199 0.390695
v 0.928645 -0.137903 0.399593
v 0.928648 -0.137903 0.390698
v 0.931738 -0.157439 0.399582
v 0.931744 -0.157439 0.390694
v 1.033051 -0.093917 0.399581
v 1.033045 -0.093917 0.390691
v 1.043037 -0.103905 0.399590
v 1.043040 -0.103905 0.390699
v 0.999051 -0.208309 0.399596
v 0.999048 -0.208309 0.390691
v 0.999051 -0.190231 0.399596
v 0.999048 -0.190231 0.390691
v 1.001756 -0.082871 0.390692
v 1.015698 -0.085080 0.390690
v 1.001753 -0.082871 0.399587
v 1.015708 -0.085080 0.399591
v 0.956176 -0.106093 0.399586
v 0.956182 -0.106093 0.390698
v 0.941557 -0.095467 0.399587
v 0.941559 -0.095467 0.390692
v 0.976948 -0.068723 0.399592
v 0.976942 -0.068723 0.390698
v 0.959314 -0.077703 0.399585
v 0.959316 -0.077703 0.390690
v 0.969947 -0.092328 0.390693
v 0.969946 -0.092328 0.399591
v 0.982527 -0.085916 0.390693
v 0.982535 -0.085916 0.399587
v 1.069063 -0.115663 0.399594
v 1.069064 -0.115663 0.390695
v 1.051880 -0.121249 0.399586
v 1.051874 -0.121249 0.390696
v 1.021289 -0.067887 0.399592
v 1.021290 -0.067887 0.390694
v 1.001753 -0.064793 0.399587
v 1.001756 -0.064793 0.390692
v 0.949767 -0.118677 0.399595
v 0.949768 -0.118677 0.390697
v 0.956176 -0.106093 0.399586
v 0.956182 -0.106093 0.390698
v 1.050437 -0.067681 0.399586
v 1.069274 -0.086514 0.399586
v 1.043565 -0.077144 0.399589
v 1.059803 -0.093389 0.399588
v 1.043675 -0.079292 0.399592
v 1.057656 -0.093279 0.399589
v 1.019576 -0.142783 0.416122
v 1.020568 -0.136551 0.416126
v 1.016717 -0.148404 0.416129
v 1.016717 -0.124698 0.416129
v 0.994169 -0.155729 0.416122
v 1.006632 -0.155729 0.416125
v 1.012253 -0.152865 0.416126
v 1.000404 -0.156716 0.416122
v 0.994169 -0.117372 0.416122
v 0.984089 -0.148404 0.416123
v 0.988547 -0.152865 0.416135
v 0.981225 -0.142783 0.416121
v 0.980234 -0.136551 0.416120
v 0.981225 -0.130320 0.416121
v 0.984089 -0.124698 0.416123
v 0.988547 -0.120237 0.416135
v 1.000404 -0.116386 0.416122
v 1.006632 -0.117372 0.416125
v 1.012253 -0.120237 0.416126
v 1.019576 -0.130320 0.416122
v 0.957126 -0.193809 0.399584
v 0.957239 -0.195959 0.399593
v 0.943148 -0.179823 0.399593
v 0.940996 -0.179713 0.399585
v 0.931533 -0.186588 0.399582
v 0.950362 -0.205421 0.399586
v 0.931738 -0.157439 0.399582
v 0.928645 -0.137903 0.399593
v 0.930568 -0.159242 0.399593
v 0.926979 -0.136551 0.399590
v 0.919445 -0.162857 0.399588
v 0.915272 -0.136551 0.399596
v 0.932572 -0.113091 0.399581
v 0.941557 -0.095467 0.399587
v 0.930568 -0.113859 0.399593
v 0.940996 -0.093389 0.399585
v 0.919445 -0.110245 0.399588
v 0.931533 -0.086514 0.399582
v 1.041485 -0.195399 0.399588
v 1.023867 -0.204379 0.399589
v 1.043565 -0.195959 0.399589
v 1.023093 -0.206389 0.399591
v 1.050437 -0.205421 0.399586
v 1.026711 -0.217513 0.399590
v -1.963848 -0.023870 -0.428230
v -1.984080 -0.023870 -0.422784
v -1.963724 0.089290 -0.428238
v -1.984047 0.089290 -0.422777
v -1.998936 0.089290 -0.407908
v -1.998896 -0.023870 -0.407904
v -2.004376 0.089290 -0.387575
v -2.004310 -0.023870 -0.387576
v -2.004376 0.089290 -0.387575
v -2.004310 -0.023870 -0.387576
v -2.004373 0.083281 -0.349000
v -2.004365 0.064907 -0.325817
v -2.004349 0.033713 -0.308535
v -2.004314 -0.023870 -0.289775
v -1.964450 -0.023870 0.412782
v -1.964329 0.089289 0.412778
v -1.984685 -0.023870 0.407341
v -1.984651 0.089289 0.407335
v -1.999496 -0.023870 0.392456
v -1.999530 0.089289 0.392463
v -2.004918 -0.023870 0.372124
v -2.004976 0.089289 0.372131
v -2.004976 0.089289 0.372131
v -2.004971 0.083281 0.333566
v -2.004918 -0.023870 0.372124
v -2.004957 0.064907 0.310369
v -2.004916 -0.023870 0.274338
v -2.004950 0.033713 0.293098
v 1.897161 -0.104538 -0.365863
v 1.897162 -0.091272 -0.365811
v 1.897162 -0.115075 -0.360631
v 1.897166 -0.080773 -0.360505
v 1.897166 -0.119477 -0.347921
v 1.897169 -0.076462 -0.347764
v 1.897166 -0.134033 -0.214648
v 1.897164 -0.078488 -0.220122
v 1.897162 -0.129722 -0.201902
v 1.897166 -0.082891 -0.207411
v 1.897166 -0.119223 -0.196597
v 1.897167 -0.093428 -0.202179
v 1.897159 -0.119222 0.180963
v 1.897170 -0.093428 0.186551
v 1.897169 -0.129722 0.186278
v 1.897163 -0.134032 0.199025
v 1.897163 -0.082891 0.191788
v 1.897161 -0.078488 0.204488
v 1.897163 -0.119477 0.332280
v 1.897170 -0.076462 0.332135
v 1.897162 -0.115075 0.344997
v 1.897172 -0.080773 0.344877
v 1.897168 -0.104538 0.350222
v 1.897168 -0.091272 0.350187
vn -0.0011 -0.0000 -1.0000
vn -0.0012 -0.0000 -1.0000
vn -0.0013 0.0001 -1.0000
vn -0.0012 -0.0001 -1.0000
vn -0.0014 -0.0002 -1.0000
vn -0.0014 0.0001 -1.0000
vn -0.0015 0.0002 -1.0000
vn 0.0015 -0.0001 1.0000
vn 0.0016 -0.0001 1.0000
vn 0.0013 -0.0000 1.0000
vn 0.0012 -0.0000 1.0000
vn 0.0014 -0.0000 1.0000
vn 0.0011 -0.0000 1.0000
vn 0.0015 0.0001 1.0000
vn 0.0012 0.0001 1.0000
vn -0.0013 -0.0000 -1.0000
vn -0.0014 -0.0000 -1.0000
vn -0.0014 -0.0001 -1.0000
vn -0.0015 -0.0000 -1.0000
vn -0.9689 -0.0001 -0.2474
vn -0.9689 -0.0005 -0.2473
vn -0.9679 -0.0001 -0.2514
vn -0.9679 0.0003 -0.2513
vn -0.9679 -0.0000 -0.2512
vn -0.9679 -0.0000 -0.2515
vn -0.9679 0.0001 -0.2514
vn -0.9679 0.0001 -0.2512
vn -0.9680 -0.0000 -0.2511
vn -0.9679 -0.0001 -0.2513
vn -0.9678 -0.0000 -0.2515
vn -0.9679 -0.0002 -0.2514
vn -0.9690 -0.0001 -0.2472
vn -0.9679 -0.0001 -0.2512
vn -0.9690 0.0002 -0.2471
vn -0.9679 -0.0003 -0.2515
vn -0.9679 0.0002 -0.2512
vn -0.9680 0.0003 -0.2509
vn -0.9680 0.0002 -0.2510
vn -0.9679 -0.0001 -0.2515
vn -0.9680 -0.0002 -0.2510
vn -0.9682 -0.0000 0.2502
vn -0.9683 -0.0001 0.2498
vn -0.9683 -0.0001 0.2499
vn -0.9682 -0.0001 0.2501
vn -0.9683 -0.0002 0.2499
vn -0.9682 0.0001 0.2502
vn -0.9682 -0.0000 0.2500
vn -0.9683 0.0001 0.2498
vn -0.9683 0.0001 0.2496
vn -0.9683 -0.0000 0.2498
vn -0.9683 0.0002 0.2496
vn -0.9684 0.0003 0.2495
vn -0.9683 -0.0001 0.2497
vn -0.9683 -0.0002 0.2498
vn -0.9682 -0.0002 0.2500
vn -0.9684 -0.0004 0.2495
vn -0.9684 0.0002 0.2495
vn -0.9684 0.0004 0.2495
vn -0.9684 0.0006 0.2494
vn 1.0000 0.0002 0.0007
vn 1.0000 -0.0000 0.0007
vn 1.0000 -0.0000 0.0005
vn 1.0000 -0.0000 -0.0002
vn 1.0000 -0.0000 0.0008
vn 1.0000 -0.0000 0.0006
vn 1.0000 0.0001 0.0005
vn 1.0000 0.0006 0.0001
vn 1.0000 0.0003 -0.0000
vn 1.0000 0.0004 0.0003
vn 1.0000 0.0002 0.0006
vn 1.0000 0.0001 0.0006
vn 1.0000 -0.0001 0.0012
vn 1.0000 -0.0001 0.0007
vn 1.0000 -0.0002 0.0004
vn 1.0000 -0.0002 0.0006
vn 1.0000 -0.0007 -0.0001
vn 1.0000 -0.0004 0.0004
vn 1.0000 -0.0000 0.0004
vn 1.0000 -0.0002 0.0008
vn 1.0000 0.0001 0.0008
vn 1.0000 0.0002 -0.0000
vn 1.0000 0.0001 0.0004
vn 1.0000 0.0004 0.0006
vn 1.0000 0.0003 0.0007
vn 1.0000 -0.0000 0.0010
vn 1.0000 0.0003 0.0001
vn 1.0000 0.0001 0.0002
vn 1.0000 -0.0001 0.0001
vn 1.0000 -0.0001 -0.0002
vn 1.0000 0.0001 0.0007
vn 1.0000 0.0003 0.0006
vn 1.0000 0.0006 -0.0001
vn 1.0000 0.0002 0.0013
vn 1.0000 0.0006 0.0010
vn 0.0013 -0.0001 1.0000
vn 0.0013 0.0001 1.0000
vn 0.0014 0.0001 1.0000
vn 0.0012 -0.0001 1.0000
vn 0.0011 0.0001 1.0000
vn -0.0013 -0.0001 -1.0000
vn -0.0011 0.0001 -1.0000
vn -0.0012 0.0001 -1.0000
vn -0.0013 0.0002 -1.0000
vn -0.0010 0.0002 -1.0000
vn -0.0015 -0.0001 -1.0000
vn -0.0009 -0.0000 -1.0000
vn -0.0276 -0.0000 -0.9996
vn -0.0539 0.0076 -0.9985
vn -0.0011 -0.0001 -1.0000
vn -0.0010 -0.0000 -1.0000
vn 0.0073 -0.0000 -1.0000
vn 0.0553 -0.0000 -0.9985
vn 0.0015 -0.0000 1.0000
vn 0.0010 -0.0000 1.0000
vn 0.0008 -0.0000 1.0000
vn 0.0015 0.0004 1.0000
vn 0.0011 -0.0001 1.0000
vn -0.0019 1.0000 0.0011
vn -0.0019 -1.0000 0.0011
vn -1.0000 -0.0000 -0.0006
vn -1.0000 -0.0000 -0.0002
vn -1.0000 -0.0000 -0.0009
vn -1.0000 -0.0000 -0.0007
vn 0.9645 -0.0040 0.2639
vn 0.9645 -0.0113 0.2639
vn 0.9798 0.0077 0.1998
vn 0.9799 0.0055 0.1996
vn 0.9633 -0.0000 0.2683
vn 0.9645 -0.0039 0.2641
vn -0.0095 0.9999 -0.0120
vn 0.0094 -1.0000 0.0034
vn 0.0094 -0.9999 0.0034
vn 0.0170 -0.9998 -0.0099
vn 0.0170 -0.9998 -0.0100
vn -0.2062 -0.5807 0.7876
vn -0.1526 -0.7775 0.6101
vn -0.2555 -0.0756 0.9638
vn -0.2556 -0.0751 0.9639
vn -0.2580 0.0304 0.9657
vn -0.2579 0.0307 0.9657
vn -0.9596 0.0148 -0.2809
vn -0.9597 0.0074 -0.2810
vn -0.9796 -0.0076 -0.2006
vn -0.9804 -0.0077 -0.1967
vn -0.9585 0.0078 -0.2851
vn 0.9690 0.0038 0.2471
vn 0.9679 -0.0039 0.2514
vn 0.9679 -0.0038 0.2514
vn 0.9679 -0.0037 0.2514
vn 0.9689 -0.0038 0.2472
vn 0.9679 0.0037 0.2514
vn 0.9679 0.0038 0.2514
vn 0.9689 -0.0037 0.2473
vn -0.0133 -0.9986 0.0514
vn -0.0132 -0.9986 0.0513
vn 0.0133 -0.9986 -0.0512
vn -0.1987 -0.6034 0.7723
vn -0.1499 -0.7990 0.5824
vn -0.2494 -0.0193 0.9682
vn -0.2495 -0.0192 0.9682
vn -0.0978 0.9239 0.3700
vn -0.0132 0.9986 0.0512
vn -0.0134 0.9986 0.0513
vn 0.0133 0.9986 -0.0514
vn 0.0132 0.9986 -0.0514
vn 0.1989 0.6012 -0.7740
vn 0.1503 0.7970 -0.5850
vn 0.2496 0.0225 -0.9681
vn 0.2494 0.0226 -0.9681
vn 0.2495 -0.0230 -0.9681
vn 0.2281 -0.3829 -0.8952
vn 0.2282 -0.3827 -0.8952
vn 0.2495 -0.0227 -0.9681
vn 0.0986 -0.9243 -0.3688
vn 0.0133 -0.9986 -0.0514
vn 0.0132 -0.9986 -0.0513
vn 0.0984 -0.9243 -0.3688
vn 0.2494 0.0227 -0.9681
vn 0.2495 0.0227 -0.9681
vn 0.2496 -0.0227 -0.9681
vn -0.9689 -0.0000 -0.2474
vn -0.9678 -0.0000 -0.2517
vn -0.9679 -0.0000 -0.2514
vn -0.9689 -0.0000 -0.2473
vn -0.9679 -0.0000 -0.2513
vn -0.2324 0.3816 0.8946
vn -0.2491 0.0190 0.9683
vn -0.2494 0.0188 0.9682
vn -0.2323 0.3816 0.8946
vn -0.2495 -0.0189 0.9682
vn -0.2495 -0.0188 0.9682
vn 0.9645 -0.0040 0.2641
vn 0.9797 0.0078 0.2003
vn 0.9797 0.0056 0.2006
vn 0.9645 -0.0038 0.2641
vn -0.0094 0.9999 -0.0119
vn 0.0094 -1.0000 0.0033
vn 0.0171 -0.9998 -0.0099
vn -0.2061 -0.5806 0.7876
vn -0.2556 -0.0756 0.9638
vn -0.2579 0.0304 0.9657
vn -0.2575 0.0310 0.9658
vn -0.9796 -0.0078 -0.2008
vn -0.9804 -0.0077 -0.1969
vn -0.9585 0.0079 -0.2851
vn -0.9992 0.0377 0.0093
vn -0.8198 0.5725 0.0113
vn -0.9056 0.4241 -0.0000
vn -0.9995 0.0302 0.0001
vn -0.9030 0.0223 0.4291
vn -0.8195 0.3503 0.4536
vn -0.5735 0.0264 0.8188
vn -0.3531 0.4509 0.8198
vn -0.4523 0.8184 0.3545
vn -0.4251 0.9051 0.0100
vn -0.5745 0.8185 0.0026
vn -0.8204 0.5716 -0.0146
vn -0.4219 0.9066 -0.0088
vn -0.9993 0.0376 -0.0083
vn -0.8194 0.3520 -0.4524
vn -0.9037 0.0228 -0.4275
vn -0.4540 0.8201 -0.3484
vn -0.5716 0.0303 -0.8199
vn -0.3546 0.4509 -0.8191
vn -0.0012 0.4205 -0.9073
vn -0.0100 0.0302 -0.9995
vn -0.0076 0.0302 0.9995
vn -0.0041 0.4235 0.9059
vn -0.4250 0.9051 0.0101
vn -0.0020 0.9998 0.0186
vn -0.0096 0.9999 -0.0033
vn -0.5743 0.8186 0.0025
vn -0.4522 0.8184 0.3545
vn -0.0050 0.8197 0.5727
vn -0.3529 0.4510 0.8198
vn -0.0042 0.4235 0.9059
vn -0.0076 0.0305 0.9995
vn 0.0012 0.0303 0.9995
vn -0.0014 0.5664 0.8242
vn 0.0009 0.9025 0.4307
vn 0.0167 0.1947 0.9807
vn 0.0474 0.4930 0.8688
vn 0.0297 0.0906 0.9954
vn 0.1834 0.4662 0.8655
vn 0.0146 0.0113 0.9998
vn 0.3811 0.3260 0.8651
vn 0.6758 0.5359 0.5061
vn 0.3380 0.7957 0.5025
vn 0.0904 0.8563 0.5085
vn 0.5479 0.1951 0.8135
vn 0.8563 0.3029 0.4183
vn 0.0364 0.0151 0.9992
vn 0.9435 0.3308 0.0171
vn 0.8547 0.5187 0.0193
vn 0.9428 0.3335 0.0006
vn 0.7378 0.6751 0.0007
vn 0.3345 0.9424 -0.0022
vn 0.4724 0.8812 0.0158
vn 0.1424 0.9897 0.0157
vn 0.0019 0.9999 0.0165
vn 0.4734 0.8807 -0.0145
vn 0.8544 0.5193 -0.0168
vn 0.1443 0.9894 -0.0159
vn 0.3389 0.7969 -0.5001
vn 0.0938 0.8549 -0.5102
vn 0.6761 0.5361 -0.5055
vn 0.9429 0.3324 -0.0190
vn 0.8564 0.3024 -0.4185
vn 0.5457 0.1909 -0.8160
vn 0.3806 0.3245 -0.8659
vn 0.1823 0.4677 -0.8649
vn 0.0339 0.0303 -0.9990
vn 0.0316 0.0904 -0.9954
vn 0.0117 0.0076 -0.9999
vn 0.0472 0.4910 -0.8699
vn 0.0140 0.1948 -0.9807
vn 0.0014 0.5664 -0.8242
vn -0.0012 0.0302 -0.9995
vn -0.0012 0.4206 -0.9072
vn -0.0007 0.8189 -0.5739
vn -0.3545 0.4511 -0.8191
vn -0.4538 0.8201 -0.3485
vn -0.0026 0.9010 -0.4337
vn -0.0020 0.9999 -0.0164
vn -0.4217 0.9067 -0.0089
vn -0.0018 0.9999 -0.0164
vn 0.0012 0.0301 0.9995
vn 0.0145 0.0113 0.9998
vn 0.0297 0.0904 0.9955
vn 0.0167 0.1946 0.9807
vn 0.0363 0.0151 0.9992
vn -0.0077 0.0302 0.9995
vn -0.0031 -0.0000 1.0000
vn -0.5735 0.0263 0.8188
vn -0.4218 0.0038 0.9067
vn -0.9030 0.0221 0.4290
vn -0.8190 -0.0000 0.5738
vn -0.9993 0.0376 0.0093
vn -0.9996 -0.0000 0.0300
vn -0.9995 0.0301 0.0001
vn -1.0000 -0.0000 -0.0000
vn -0.9995 -0.0000 -0.0314
vn -0.9037 0.0227 -0.4275
vn -0.8183 -0.0000 -0.5749
vn -0.5717 0.0302 -0.8199
vn -0.4206 -0.0000 -0.9073
vn -0.0015 0.0001 -1.0000
vn 0.0337 0.0302 -0.9990
vn 0.0315 0.0904 -0.9954
vn -0.0019 0.9998 0.0185
vn 0.0019 0.9999 0.0163
vn -0.0020 1.0000 0.0012
vn -0.0095 0.9999 -0.0033
vn 0.0794 0.9968 0.0021
vn 0.4723 0.8813 0.0157
vn 0.3343 0.9425 -0.0021
vn 0.4734 0.8808 -0.0144
vn 0.1444 0.9894 -0.0158
vn -0.0019 0.9999 -0.0163
vn -0.0020 -1.0000 0.0012
vn -1.0000 -0.0000 0.0002
vn -1.0000 -0.0000 -0.0003
vn -1.0000 -0.0000 -0.0008
vn 1.0000 -0.0000 0.0001
vn -1.0000 -0.0000 -0.0004
vn 0.9799 0.0075 -0.1993
vn 0.9648 -0.0076 -0.2629
vn 0.9648 -0.0076 -0.2628
vn 0.9800 0.0072 -0.1990
vn 0.9637 -0.0073 -0.2667
vn 0.9637 -0.0000 -0.2668
vn -0.0094 0.9999 0.0055
vn 0.0131 -0.9999 0.0098
vn 0.0094 -0.9999 -0.0055
vn -0.1529 -0.7789 -0.6083
vn -0.2033 -0.5785 -0.7899
vn -0.2559 -0.0754 -0.9638
vn -0.2549 -0.0755 -0.9640
vn -0.2564 0.0303 -0.9661
vn -0.2565 0.0302 -0.9661
vn 0.9682 0.0001 -0.2501
vn 0.9682 -0.0000 -0.2500
vn 0.9683 -0.0001 -0.2498
vn 0.9684 0.0002 -0.2495
vn 0.9682 -0.0000 -0.2501
vn 0.9684 -0.0002 -0.2495
vn 0.9684 -0.0000 -0.2493
vn 0.9683 -0.0001 -0.2500
vn 0.0131 -0.9985 0.0534
vn -0.0131 -0.9985 -0.0536
vn -0.0138 -0.9985 -0.0534
vn -0.0955 -0.9238 -0.3707
vn -0.2478 -0.0227 -0.9685
vn -0.2478 -0.0227 -0.9686
vn -0.2297 -0.3820 -0.8952
vn -0.2301 -0.3823 -0.8949
vn -0.0138 0.9985 -0.0533
vn -0.0132 0.9985 -0.0535
vn -0.1491 0.7976 -0.5845
vn -0.1985 0.6027 -0.7729
vn 0.0132 0.9985 0.0534
vn 0.0138 0.9985 0.0533
vn 0.0954 0.9241 0.3700
vn 0.0956 0.9238 0.3708
vn 0.2478 0.0231 0.9685
vn 0.2478 0.0228 0.9686
vn 0.2297 0.3822 0.8951
vn 0.2299 0.3822 0.8950
vn 0.2302 -0.3818 0.8951
vn 0.2299 -0.3817 0.8952
vn 0.2478 -0.0224 0.9686
vn 0.2478 -0.0226 0.9686
vn 0.0133 -0.9985 0.0536
vn 0.0132 -0.9985 0.0536
vn 0.0956 -0.9238 0.3707
vn 0.2478 0.0226 0.9686
vn -0.9683 -0.0000 0.2497
vn -0.9684 -0.0000 0.2494
vn -0.9681 -0.0000 0.2506
vn -0.9683 -0.0000 0.2496
vn -0.9682 -0.0000 0.2504
vn -0.9682 -0.0000 0.2501
vn -0.9684 -0.0000 0.2495
vn -0.9683 -0.0000 0.2499
vn -0.2494 0.0227 -0.9681
vn -0.2478 0.0227 -0.9685
vn -0.1986 0.6023 -0.7732
vn 0.9800 0.0075 -0.1990
vn 0.9648 -0.0076 -0.2627
vn 0.9649 -0.0076 -0.2626
vn 0.9802 0.0072 -0.1978
vn 0.9637 -0.0074 -0.2668
vn 0.9637 0.0001 -0.2669
vn -0.0094 0.9999 0.0054
vn 0.0133 -0.9999 0.0098
vn 0.0132 -0.9999 0.0098
vn -0.2034 -0.5785 -0.7899
vn -0.2559 -0.0755 -0.9638
vn -0.2562 0.0303 -0.9661
vn -0.2564 0.0302 -0.9661
vn -0.9588 0.0073 0.2838
vn -0.9600 0.0152 0.2796
vn -0.9596 0.0231 0.2805
vn -0.9588 0.0074 0.2838
vn -0.9589 -0.0000 0.2836
vn -0.9797 -0.0075 0.2004
vn -0.0002 -0.9896 0.1437
vn -0.0000 -0.9896 0.1437
vn 0.0018 -0.9970 0.0773
vn -0.0000 -0.6277 0.7785
vn 0.0001 -0.8157 0.5785
vn -0.0004 -0.1909 0.9816
vn -0.0004 0.1910 0.9816
vn -0.0004 0.1909 0.9816
vn -0.0017 0.8159 0.5782
vn 0.0002 0.6274 0.7787
vn -0.0000 0.9997 0.0251
vn 0.0018 0.9997 0.0252
vn -0.0000 0.6276 0.7786
vn -0.0019 0.9987 -0.0512
vn -0.0000 0.9987 -0.0514
vn -0.0010 0.6256 -0.7802
vn 0.0006 0.8145 -0.5802
vn -0.0010 0.6255 -0.7803
vn -0.0000 0.2533 -0.9674
vn -0.0002 0.2532 -0.9674
vn 0.0006 0.8144 -0.5803
vn -0.0015 0.0076 -1.0000
vn -0.0001 0.0074 -1.0000
vn -0.0001 -0.8143 -0.5804
vn -0.0001 -0.6257 -0.7801
vn 0.0017 -0.9970 0.0772
vn 0.0018 -0.9970 0.0775
vn -0.0018 -0.9970 -0.0773
vn 0.0002 -0.9896 -0.1437
vn -0.0000 -0.9896 -0.1437
vn 0.0007 -0.8143 -0.5804
vn -0.0010 -0.6256 -0.7801
vn -0.0001 -0.1871 -0.9823
vn -0.0000 -0.1874 -0.9823
vn -0.0000 0.1874 -0.9823
vn -0.0002 0.1872 -0.9823
vn 0.0005 0.8142 -0.5806
vn -0.0000 0.9997 -0.0252
vn -0.0017 0.9997 -0.0253
vn 0.0007 0.8144 -0.5803
vn -0.0010 0.6255 -0.7802
vn 0.0019 0.9987 0.0513
vn -0.0000 0.9987 0.0514
vn 0.0001 0.6275 0.7786
vn -0.0000 0.2564 0.9666
vn -0.0003 0.2564 0.9666
vn -0.0018 0.8157 0.5785
vn 0.0014 0.0075 1.0000
vn -0.0001 0.0075 1.0000
vn 0.0002 -0.6276 0.7785
vn -0.0017 -0.8157 0.5785
vn -0.0018 -0.9970 -0.0775
vn -1.0000 -0.0001 -0.0006
vn -1.0000 -0.0000 0.0034
vn -0.9998 0.0075 0.0210
vn -0.9997 -0.0226 0.0044
vn -0.9999 0.0152 -0.0005
vn -0.9997 0.0154 0.0213
vn -0.9979 0.0597 0.0245
vn -0.9997 0.0223 0.0129
vn -0.8195 0.3519 -0.4524
vn -0.9038 0.0151 -0.4277
vn -0.9997 0.0227 -0.0046
vn -0.8181 0.5750 -0.0046
vn -0.3546 0.4510 -0.8191
vn -0.5753 0.0229 -0.8176
vn -0.0057 0.0227 -0.9997
vn 0.0038 0.5723 -0.8200
vn 0.0032 0.0228 -0.9997
vn 0.4560 0.3530 -0.8170
vn 0.4258 0.0154 -0.9047
vn 0.8199 0.4537 -0.3491
vn 0.8179 0.0225 -0.5749
vn 0.3529 0.8182 -0.4538
vn 0.8196 0.4537 -0.3498
vn 0.0045 0.9068 -0.4215
vn 0.5755 0.8178 -0.0008
vn 0.9077 0.4195 -0.0025
vn 0.9997 0.0226 -0.0085
vn 0.8177 0.0223 -0.5753
vn 0.9996 0.0265 0.0045
vn 0.8192 0.5734 0.0064
vn 0.4217 0.9067 0.0007
vn 0.4539 0.8202 0.3483
vn 0.8193 0.3526 0.4521
vn 0.0057 1.0000 -0.0034
vn 0.0020 1.0000 0.0077
vn 0.0011 0.8182 0.5749
vn -0.0027 0.9054 0.4245
vn -0.0057 1.0000 0.0033
vn -0.3538 0.8188 0.4521
vn -0.8193 0.4539 0.3503
vn -0.9058 0.4237 0.0063
vn -0.4544 0.3489 0.8196
vn -0.9997 0.0226 0.0085
vn -0.8184 0.0220 0.5743
vn -0.9997 0.0228 -0.0046
vn -0.8182 0.5750 -0.0045
vn -0.4236 0.9058 -0.0039
vn -0.4539 0.8202 -0.3483
vn -0.8193 0.3526 -0.4521
vn -0.0019 1.0000 -0.0076
vn -0.0005 0.8189 -0.5739
vn 0.0044 0.9069 -0.4214
vn -0.0007 0.8188 -0.5741
vn -0.4538 0.8202 -0.3484
vn -0.8179 0.0220 0.5750
vn -0.4261 0.0151 0.9045
vn -0.8189 0.4541 0.3511
vn -0.0032 0.0229 0.9997
vn -0.0038 0.5723 0.8200
vn -0.0027 0.9052 0.4249
vn 0.0011 0.8182 0.5750
vn 0.0005 0.4233 0.9060
vn 0.3546 0.4510 0.8191
vn 0.4536 0.8204 0.3481
vn 0.8194 0.3523 0.4522
vn 0.5754 0.0188 0.8176
vn 0.9038 0.0149 0.4277
vn 0.9996 0.0264 0.0046
vn 0.8193 0.5734 0.0067
vn 0.0057 0.0228 0.9997
vn 0.9063 -0.0000 -0.4226
vn 0.8180 0.0225 -0.5748
vn 0.9997 0.0227 -0.0085
vn 1.0000 -0.0038 -0.0037
vn 0.5767 -0.0000 -0.8169
vn 0.4259 0.0152 -0.9046
vn 0.0075 -0.0000 -1.0000
vn 0.0031 0.0227 -0.9997
vn -0.0016 0.0001 -1.0000
vn -0.0058 0.0226 -0.9997
vn -0.4206 -0.0000 -0.9072
vn -0.5754 0.0226 -0.8176
vn -0.8182 -0.0000 -0.5749
vn -0.9039 0.0150 -0.4275
vn -1.0000 -0.0000 -0.0096
vn -0.9997 0.0226 -0.0046
vn -1.0000 -0.0000 0.0035
vn 0.0019 1.0000 0.0077
vn 0.0057 1.0000 -0.0033
vn -0.0019 1.0000 -0.0077
vn -0.9063 -0.0001 0.4227
vn -0.8180 0.0219 0.5748
vn -0.9997 0.0226 0.0083
vn -1.0000 -0.0000 0.0040
vn -0.5765 -0.0000 0.8171
vn -0.4260 0.0150 0.9046
vn -0.0074 -0.0000 1.0000
vn -0.0032 0.0226 0.9997
vn 0.0058 0.0226 0.9997
vn 0.4205 0.0038 0.9073
vn 0.5754 0.0189 0.8177
vn 0.8183 0.0038 0.5747
vn 0.9038 0.0151 0.4278
vn 1.0000 -0.0000 0.0094
vn 0.9996 0.0265 0.0046
vn -0.0583 -0.9918 -0.1141
vn -0.0840 -0.9954 -0.0451
vn -0.1020 -0.9945 -0.0238
vn -0.0732 -0.9848 -0.1573
vn -0.0283 -0.9982 -0.0534
vn -0.0396 -0.9985 -0.0381
vn 0.0019 -1.0000 -0.0011
vn -0.0973 -0.9953 0.0017
vn -0.1047 -0.9945 -0.0027
vn -0.0274 -0.9982 0.0529
vn -0.0643 -0.9976 0.0241
vn -0.0614 -0.9913 0.1160
vn -0.0633 -0.9949 0.0779
vn -0.0736 -0.9851 0.1557
vn -0.1039 -0.9943 0.0251
vn -0.0473 -0.9989 0.0012
vn -0.0472 -0.9989 0.0010
vn -0.0577 -0.9983 0.0007
vn -0.0018 -1.0000 0.0010
vn -0.1020 -0.9945 -0.0239
vn -0.0012 -0.0002 -1.0000
vn 0.0014 -0.0001 1.0000
vn 0.0014 0.0002 1.0000
vn 0.0012 0.0003 1.0000
vn 0.4903 -0.8716 -0.0000
vn 0.1067 -0.9943 -0.0028
vn 0.2415 -0.9704 -0.0024
vn 0.6110 -0.7916 0.0010
vn -0.2756 -0.9613 0.0028
vn -0.1397 -0.9902 -0.0021
vn -0.6118 -0.7910 -0.0022
vn -0.5188 -0.8549 -0.0011
vn -0.8822 -0.4708 0.0027
vn -0.7966 -0.6045 0.0016
vn -0.9889 -0.1486 0.0008
vn -0.9741 -0.2261 -0.0013
vn -0.9977 -0.0677 -0.0011
vn -0.9977 -0.0676 -0.0012
vn 0.9969 -0.0791 -0.0003
vn 0.9731 -0.2305 -0.0005
vn 0.9883 -0.1525 -0.0018
vn 0.8123 -0.5833 0.0004
vn 0.8860 -0.4636 0.0038
vn 0.4218 -0.9067 0.0006
vn 0.5857 -0.8106 -0.0000
vn 0.9974 -0.0719 -0.0000
vn 0.9793 -0.2026 0.0009
vn 0.9909 -0.1343 -0.0017
vn 0.9974 -0.0716 0.0006
vn 0.8375 -0.5464 0.0013
vn 0.9133 -0.4073 0.0016
vn 0.4904 -0.8715 -0.0010
vn 0.6112 -0.7915 -0.0000
vn -0.9977 -0.0676 -0.0009
vn -0.9889 -0.1485 0.0008
vn -0.9977 -0.0677 -0.0006
vn -0.8504 -0.5261 0.0002
vn -0.9109 -0.4126 -0.0029
vn -0.5495 -0.8355 0.0001
vn -0.6598 -0.7514 0.0021
vn -0.1677 -0.9858 0.0011
vn -0.3078 -0.9514 -0.0022
vn 0.1434 -0.9897 -0.0001
vn 0.0435 -0.9991 0.0010
vn 0.5856 -0.8106 0.0017
vn 0.4217 -0.9067 -0.0000
vn 0.9974 -0.0715 0.0008
vn 0.9974 -0.0717 0.0004
vn 0.9132 -0.4074 0.0016
vn 0.9883 -0.1525 -0.0017
vn 0.5857 -0.8105 -0.0000
vn -0.9741 -0.2261 -0.0012
vn -0.9977 -0.0676 -0.0011
vn -0.7966 -0.6045 0.0018
vn -0.8822 -0.4708 0.0028
vn -0.5188 -0.8549 -0.0012
vn -0.2757 -0.9612 0.0027
vn 0.2415 -0.9704 -0.0025
vn 0.4902 -0.8716 -0.0000
vn -0.9977 -0.0676 -0.0010
vn -0.8504 -0.5261 0.0001
vn -0.5495 -0.8355 -0.0000
vn -0.1678 -0.9858 0.0012
vn 0.0434 -0.9991 0.0010
vn 0.4216 -0.9068 -0.0000
vn 1.0000 -0.0000 0.0003
vn -1.0000 -0.0000 -0.0005
vn 0.5810 0.1429 0.8013
vn 0.8885 0.1946 0.4155
vn 0.8081 0.2132 0.5492
vn 0.4398 0.1316 0.8884
vn 0.9700 0.2416 0.0279
vn 0.9705 0.2411 0.0093
vn 0.9927 0.1199 0.0106
vn 0.9928 0.1196 0.0015
vn 0.9705 0.2412 -0.0000
vn 0.9927 0.1199 -0.0120
vn 0.9697 0.2438 -0.0158
vn 0.8869 0.1963 -0.4181
vn 0.8075 0.2133 -0.5499
vn 0.5817 0.1410 -0.8011
vn 0.4379 0.1349 -0.8889
vn 0.9697 0.2437 -0.0157
vn 0.4560 0.3531 -0.8169
vn 0.8196 0.4538 -0.3498
vn 0.9056 0.4240 -0.0118
vn 0.9697 0.2444 0.0031
vn 0.8181 0.5751 -0.0018
vn 0.5735 0.8191 -0.0119
vn 0.4218 0.9067 0.0006
vn 0.3529 0.8183 -0.4538
vn 0.5761 0.8173 0.0154
vn 0.9059 0.4233 0.0106
vn 0.8191 0.4514 0.3540
vn 0.3516 0.8176 0.4560
vn 0.4543 0.3546 0.8172
vn 0.0018 -1.0000 -0.0010
vn 1.0000 -0.0000 -0.0004
vn 1.0000 -0.0000 -0.0001
vn -1.0000 -0.0000 -0.0001
vn -0.0018 1.0000 0.0010
vn 1.0000 -0.0000 0.0009
vn 0.0020 -1.0000 -0.0011
vn 0.9962 -0.0866 -0.0014
vn 0.9963 -0.0865 -0.0012
vn 0.9963 -0.0865 -0.0013
vn 0.9962 -0.0866 -0.0015
vn -1.0000 -0.0000 -0.0011
vn -0.9854 -0.1702 0.0022
vn -0.9854 -0.1702 0.0023
vn 0.0014 -0.0002 1.0000
vn 0.0016 -0.0000 1.0000
vn -0.0020 1.0000 0.0011
vn -0.0010 0.0001 -1.0000
vn -0.0017 0.0001 -1.0000
vn -0.9972 0.0751 -0.0001
vn -0.9972 0.0752 -0.0001
vn -0.9972 0.0750 -0.0002
vn -0.9972 0.0749 -0.0002
vn -0.9972 0.0752 -0.0003
vn -0.9972 0.0753 -0.0003
vn -0.9972 0.0752 -0.0002
vn 0.0017 -0.0002 1.0000
vn 0.0017 -0.0000 1.0000
vn -0.0017 0.0002 -1.0000
vn -0.0011 -0.0002 -1.0000
vn -0.9990 0.0451 0.0010
vn -0.9981 0.0601 0.0155
vn -0.9973 0.0675 -0.0275
vn -0.9831 0.0747 0.1671
vn -0.9942 0.0898 0.0595
vn -0.9926 0.1194 0.0208
vn -0.9953 0.0972 -0.0013
vn -0.9900 0.1412 -0.0011
vn -0.9941 0.0900 -0.0599
vn -0.9927 0.1193 -0.0194
vn -0.9953 0.0973 -0.0014
vn -0.9900 0.1413 -0.0011
vn -0.9899 0.1416 -0.0101
vn -0.9941 0.0900 -0.0598
vn -0.9942 0.0899 0.0594
vn -0.9899 0.1412 0.0080
vn -0.7659 0.6429 0.0102
vn -0.8667 0.4989 -0.0000
vn -0.8951 0.1131 0.4313
vn -0.7856 0.4232 0.4514
vn -0.3801 0.8544 0.3543
vn -0.3114 0.4862 0.8165
vn -0.3462 0.9381 0.0070
vn -0.0088 0.4237 0.9057
vn -0.0110 0.8212 0.5705
vn -0.0025 0.8284 0.5602
vn 0.0018 0.9999 0.0164
vn -0.0095 0.9999 0.0143
vn -0.0246 0.9997 -0.0032
vn -0.5005 0.8657 -0.0010
vn -0.0019 0.9999 -0.0165
vn -0.0057 0.9999 -0.0142
vn -0.3453 0.9384 -0.0085
vn 0.0208 0.9997 0.0142
vn 0.0209 0.9997 -0.0121
vn 0.4217 0.9067 0.0006
vn 0.5759 0.8174 0.0154
vn 0.5734 0.8192 -0.0118
vn 0.0091 0.9065 -0.4222
vn -0.0003 0.8945 -0.4471
vn 0.3528 0.8183 -0.4538
vn 0.0085 0.5724 -0.8199
vn 0.0014 0.5548 -0.8320
vn 0.3527 0.8183 -0.4539
vn 0.4559 0.3531 -0.8170
vn 0.4378 0.1349 -0.8889
vn 0.0084 0.0604 -0.9981
vn 0.5813 0.1409 -0.8014
vn 0.0554 -0.0000 -0.9985
vn 0.0009 0.0905 -0.9959
vn -0.0011 0.0377 -0.9993
vn -0.0001 0.4408 -0.8976
vn -0.0539 0.0075 -0.9985
vn -0.0310 0.0604 -0.9977
vn -0.0083 0.4275 -0.9040
vn -0.0031 0.8274 -0.5616
vn -0.0095 0.8197 -0.5728
vn -0.5659 0.0980 -0.8186
vn -0.3133 0.4843 -0.8169
vn -0.8943 0.1128 -0.4330
vn -0.7852 0.4200 -0.4550
vn -0.9941 0.0900 -0.0600
vn -0.9899 0.1414 -0.0100
vn -0.8909 0.0678 -0.4490
vn -0.5496 0.0458 -0.8342
vn -0.8911 0.0678 -0.4487
vn -0.8173 0.0603 -0.5731
vn -0.9824 0.0753 -0.1709
vn -0.8172 0.0603 -0.5732
vn -0.4204 0.0226 -0.9070
vn -0.0277 -0.0000 -0.9996
vn -0.0097 0.8197 -0.5727
vn -0.3132 0.4844 -0.8168
vn -0.3808 0.8556 -0.3507
vn -0.0083 0.4276 -0.9039
vn -0.7853 0.4200 -0.4548
vn -0.7665 0.6421 -0.0107
vn -0.8943 0.1131 -0.4328
vn 0.0065 0.9060 0.4231
vn 0.0011 0.8940 0.4481
vn 0.3515 0.8176 0.4560
vn -0.9825 0.0753 -0.1706
vn -0.9981 0.0601 -0.0152
vn -0.9979 0.0600 0.0242
vn -0.9990 0.0451 0.0009
vn -0.9999 0.0151 -0.0005
vn -0.9993 0.0376 0.0005
vn -0.9986 0.0526 0.0016
vn -0.9981 0.0602 0.0156
vn -0.0509 0.0037 0.9987
vn -0.0466 -0.0038 0.9989
vn 0.0146 -0.0037 0.9999
vn -0.4880 0.0038 0.8728
vn -0.6720 -0.0038 0.7405
vn -0.9027 -0.0000 0.4304
vn -0.9577 -0.0000 0.2879
vn -1.0000 -0.0000 0.0081
vn -1.0000 -0.0000 0.0082
vn -1.0000 -0.0000 0.0001
vn -0.9966 0.0825 0.0008
vn 0.0018 -1.0000 -0.0011
vn -0.0018 1.0000 0.0011
vn 1.0000 -0.0000 0.0002
vn 1.0000 -0.0000 0.0013
vn 0.0013 -0.0002 1.0000
vn 0.0539 0.0037 0.9985
vn 0.0451 -0.0038 0.9990
vn -0.0510 0.0037 0.9987
vn -0.0378 0.0038 0.9993
vn 0.0233 -0.0038 0.9997
vn 0.0450 -0.0038 0.9990
vn 0.4973 -0.0528 0.8660
vn 0.3310 -0.0377 0.9429
vn 0.7994 -0.0566 0.5982
vn 0.9039 -0.0000 0.4278
vn 0.0279 -0.1201 0.9924
vn -0.2960 -0.2815 0.9128
vn -0.2831 -0.3994 0.8720
vn 0.4721 -0.1132 0.8743
vn 0.0280 -0.1204 0.9923
vn 0.4721 -0.1130 0.8743
vn 0.4981 -0.0000 0.8671
vn 0.9112 -0.0000 0.4120
vn 0.8306 -0.0038 0.5569
vn 0.0145 -0.0038 0.9999
vn -0.8914 0.0710 0.4476
vn -0.9831 0.0747 0.1672
vn -0.8164 0.0629 0.5741
vn -0.9942 0.0898 0.0596
vn -0.8913 0.0710 0.4478
vn -0.8950 0.1131 0.4315
vn -0.9900 0.1412 0.0078
vn -0.5489 0.0457 0.8347
vn -0.5640 0.0971 0.8200
vn -0.0511 0.0038 0.9987
vn -0.0301 0.0566 0.9979
vn -0.4221 0.0263 0.9062
vn -0.0379 0.0037 0.9993
vn -0.8914 0.0710 0.4477
vn -0.8163 0.0628 0.5742
vn -0.3115 0.4859 0.8166
vn -0.7856 0.4231 0.4515
vn -0.0086 0.4235 0.9059
vn -0.0003 0.4403 0.8978
vn -0.0026 0.8282 0.5604
vn -0.0110 0.8210 0.5708
vn 0.0011 0.0377 0.9993
vn -0.0002 0.5511 0.8344
vn 0.0012 0.8939 0.4483
vn 0.0088 0.5754 0.8179
vn 0.0064 0.9059 0.4234
vn 0.4541 0.3548 0.8172
vn 0.3515 0.8176 0.4561
vn 0.4397 0.1318 0.8884
vn 0.0048 0.0603 0.9982
vn 0.0539 0.0038 0.9985
vn 0.5809 0.1429 0.8013
vn -0.0009 0.0904 0.9959
vn 0.0014 0.0003 1.0000
vn -0.9997 -0.0222 0.0040
vn -0.9967 -0.0151 -0.0791
vn -0.9992 -0.0299 -0.0262
vn -1.0000 0.0004 -0.0007
vn -0.8004 0.1936 -0.5674
vn -0.9005 0.1048 -0.4221
vn -0.3637 0.4914 -0.7914
vn -0.3199 0.8222 -0.4708
vn -0.2144 0.5601 -0.8002
vn -0.1657 0.7655 -0.6218
vn -0.6763 -0.0374 0.7357
vn -0.6057 0.1504 0.7813
vn -0.0375 0.0038 0.9993
vn -0.6387 -0.7448 -0.1932
vn -0.9652 -0.2608 -0.0195
vn -0.8248 -0.3656 -0.4313
vn -0.6846 -0.3953 -0.6125
vn -0.5676 -0.8233 -0.0000
vn -0.5674 -0.8235 -0.0000
vn -0.6390 -0.7437 0.1963
vn -0.9853 -0.1699 0.0157
vn -0.6843 -0.3908 0.6156
vn -0.9983 -0.0375 0.0443
vn -0.9968 -0.0376 0.0703
vn -0.9983 -0.0376 0.0444
vn -0.6842 -0.3908 0.6158
vn -0.6741 -0.3261 0.6628
vn -0.9652 -0.2608 -0.0194
vn -0.9996 -0.0151 -0.0224
vn -0.8251 -0.3654 -0.4308
vn -1.0000 -0.0004 -0.0004
vn -1.0000 -0.0002 -0.0006
vn -0.9854 -0.1698 0.0159
vn -0.9983 -0.0376 0.0443
vn -0.9968 -0.0377 0.0705
vn -0.9972 0.0751 -0.0002
vn -0.0016 -0.0000 -1.0000
vn -0.2225 -0.5219 -0.8235
vn -0.5429 -0.3542 -0.7614
vn -0.4204 0.0227 -0.9070
vn -0.0276 0.0007 -0.9996
vn -0.9051 -0.0906 -0.4155
vn -0.8173 0.0600 -0.5731
vn -0.9984 0.0226 -0.0527
vn -0.9824 0.0752 -0.1708
vn -0.9997 0.0227 0.0129
vn -0.9979 0.0602 0.0244
vn -1.0000 -0.0079 -0.0007
vn -0.9901 -0.1189 0.0744
vn -0.9917 -0.1266 0.0223
vn -0.9977 -0.0305 -0.0610
vn -0.8180 0.0896 0.5681
vn -0.9099 -0.0073 0.4148
vn -0.2738 0.8304 0.4852
vn -0.5516 0.3168 0.7716
vn -0.6054 0.1503 0.7816
vn -0.9990 0.0450 0.0009
vn -0.9990 0.0450 0.0010
vn -0.9997 0.0226 -0.0091
vn -0.9973 0.0674 -0.0276
vn -1.0000 -0.0002 -0.0004
vn -1.0000 -0.0000 -0.0095
vn -0.9997 0.0226 -0.0090
vn -1.0000 -0.0002 0.0001
vn -1.0000 -0.0005 -0.0001
vn -1.0000 -0.0075 -0.0007
vn -1.0000 -0.0001 0.0006
vn -1.0000 -0.0005 -0.0005
vn 1.0000 -0.0000 0.0016
vn -1.0000 -0.0002 -0.0005
vn -1.0000 -0.0005 -0.0000
vn -0.9999 0.0150 -0.0005
vn -1.0000 -0.0000 0.0036
vn -0.9990 0.0451 0.0011
vn -0.9979 0.0601 0.0244
vn -0.0451 -0.0000 -0.9990
vn -0.0495 -0.0000 -0.9988
vn 0.0074 -0.0000 -1.0000
vn 0.0117 -0.0000 -0.9999
vn -0.6709 -0.0000 -0.7415
vn -0.4867 -0.0000 -0.8736
vn -0.9572 -0.0000 -0.2894
vn -0.9021 -0.0000 -0.4316
vn -1.0000 -0.0000 -0.0094
vn -1.0000 -0.0000 0.0080
vn -1.0000 -0.0001 -0.0004
vn 0.9854 0.1704 -0.0024
vn 0.9853 0.1707 -0.0023
vn 0.9853 0.1706 -0.0023
vn 1.0000 -0.0000 0.0011
vn 0.8182 -0.0038 0.5749
vn 0.9076 -0.0000 0.4199
vn 0.5755 -0.0038 0.8178
vn 0.4206 -0.0038 0.9072
vn 0.9999 -0.0000 0.0140
vn 0.9999 -0.0000 0.0139
vn 1.0000 -0.0000 -0.0000
vn 0.9999 -0.0038 -0.0169
vn 0.9999 -0.0038 -0.0168
vn 0.8165 -0.0000 -0.5773
vn 0.9063 -0.0000 -0.4225
vn 0.4179 -0.0000 -0.9085
vn 0.5732 -0.0000 -0.8194
vn 0.4204 -0.0038 0.9073
vn 0.5754 -0.0038 0.8179
vn 0.0452 -0.0038 0.9990
vn 0.8885 0.1946 0.4156
vn 0.9999 0.0003 0.0139
vn 0.9928 0.1197 0.0105
vn 0.9927 0.1198 -0.0119
vn 0.9064 -0.0000 -0.4225
vn 0.8869 0.1963 -0.4182
vn 0.5730 -0.0000 -0.8195
vn 0.5814 0.1409 -0.8014
vn 0.4178 -0.0000 -0.9085
vn -1.0000 -0.0000 -0.0012
vn 1.0000 -0.0000 0.0012
vn -0.9966 0.0824 0.0009
vn -0.9959 0.0899 0.0017
vn -0.9966 0.0825 0.0006
vn -0.0017 1.0000 0.0010
vn 0.9981 -0.0568 0.0243
vn 0.9983 0.0076 0.0576
vn 0.9039 -0.0000 0.4277
vn 0.7994 -0.0566 0.5981
vn 0.9998 0.0189 -0.0039
vn 0.9986 -0.0528 -0.0017
vn 0.9999 -0.0151 0.0005
vn 0.9983 -0.0529 -0.0237
vn 0.9998 0.0189 0.0048
vn 0.9990 0.0452 -0.0010
vn 0.9983 0.0113 -0.0563
vn 0.7973 -0.0586 -0.6007
vn 0.9026 0.0038 -0.4304
vn -0.0016 -0.0001 -1.0000
vn 0.0029 -0.0000 -1.0000
vn 0.3292 -0.0378 -0.9435
vn 0.5007 -0.0528 -0.8640
vn 0.9025 0.0038 -0.4306
vn 0.7972 -0.0586 -0.6008
vn 0.0289 -0.1205 -0.9923
vn 0.4750 -0.1127 -0.8727
vn -0.2841 -0.4032 -0.8699
vn -0.2983 -0.2825 -0.9117
vn 0.0291 -0.1204 -0.9923
vn 0.4998 -0.0000 -0.8662
vn 0.4748 -0.1125 -0.8729
vn 0.8289 -0.0000 -0.5593
vn 0.9117 -0.0038 -0.4107
vn 0.9113 -0.0000 0.4118
vn 0.9988 -0.0000 0.0487
vn 0.8306 -0.0038 0.5568
vn 0.9999 0.0038 -0.0125
vn 0.9989 -0.0038 -0.0474
vn 0.9118 -0.0038 -0.4106
vn 0.8290 -0.0000 -0.5592
vn -0.1911 -0.7848 0.5895
vn -0.1755 -0.8295 0.5302
vn 0.4722 -0.1127 0.8743
vn -0.2830 -0.3990 0.8722
vn -0.0837 -0.9601 0.2669
vn -0.0624 -0.9810 0.1838
vn -0.0237 -0.9968 0.0769
vn -0.0094 -0.9995 0.0317
vn -0.0282 -0.9964 -0.0794
vn -0.0094 -0.9995 -0.0295
vn -0.0859 -0.9599 -0.2667
vn -0.0617 -0.9799 -0.1898
vn -0.1915 -0.7854 -0.5886
vn -0.1734 -0.8292 -0.5313
vn -0.2842 -0.4030 -0.8700
vn 0.4749 -0.1124 -0.8728
vn -0.0020 -1.0000 0.0011
vn 0.0116 -0.0000 -0.9999
vn 0.8863 0.4390 0.1475
vn 0.8855 0.4366 0.1590
vn 0.8706 0.4189 0.2581
vn 0.9293 0.3267 0.1723
vn 0.9983 0.0076 0.0574
vn 0.9643 0.2637 -0.0251
vn 0.9998 0.0190 -0.0040
vn 0.9625 0.2710 -0.0093
vn 0.9999 -0.0150 0.0005
vn 0.9625 0.2713 0.0002
vn 0.9990 0.0454 -0.0010
vn 0.9624 0.2717 0.0002
vn 0.9625 0.2714 0.0002
vn 0.9999 -0.0149 0.0005
vn 0.9623 0.2717 0.0096
vn 0.9998 0.0189 0.0047
vn 0.9984 0.0114 -0.0561
vn 0.9639 0.2654 0.0221
vn 0.9027 0.0038 -0.4304
vn 0.9301 0.3254 -0.1706
vn 0.8848 0.4384 -0.1582
vn 0.8728 0.4146 -0.2577
vn 0.8869 0.4372 -0.1494
vn -0.9931 0.1122 -0.0341
vn -0.9856 0.1039 0.1335
vn -0.9831 0.0746 0.1670
vn -0.9973 0.0676 -0.0275
vn -0.8105 -0.0882 0.5791
vn -0.8164 0.0628 0.5741
vn -0.3770 -0.4069 0.8321
vn -0.4221 0.0266 0.9062
vn -0.6766 -0.0377 0.7354
vn -0.0379 0.0036 0.9993
vn -0.9973 0.0675 -0.0274
vn -0.9997 0.0228 -0.0092
vn -0.9940 0.0752 -0.0796
vn -0.9931 0.1119 -0.0340
vn -0.9945 0.0451 -0.0950
vn -1.0000 -0.0075 -0.0011
vn -0.9977 -0.0301 -0.0615
vn -0.4286 0.9035 0.0036
vn -0.4944 0.8692 0.0015
vn -0.4286 0.9035 0.0037
vn -0.4288 0.9034 0.0037
vn -0.4287 0.9034 0.0036
vn -0.4966 0.8680 -0.0097
vn -0.4947 0.8691 0.0016
vn -0.4285 0.9035 0.0037
vn -0.4946 0.8691 0.0016
vn -0.5006 0.8657 -0.0009
vn -0.5059 0.8626 -0.0022
vn -0.5023 0.8647 0.0040
vn -0.5022 0.8647 0.0041
vn -0.4579 0.8798 0.1276
vn -0.3694 0.9119 0.1785
vn -0.3034 0.9210 0.2445
vn -0.1523 0.9301 0.3344
vn -0.2738 0.8305 0.4852
vn 0.0015 0.0002 1.0000
vn -0.3723 0.9102 -0.1815
vn -0.4609 0.8785 -0.1258
vn -0.3033 0.9216 -0.2421
vn -0.3197 0.8223 -0.4707
vn -0.1520 0.9289 -0.3377
vn -0.1657 0.7654 -0.6218
vn -0.0019 -1.0000 0.0012
vn -0.0018 -1.0000 0.0011
vn -0.0019 -1.0000 0.0010
vn -0.0727 -0.9974 0.0007
vn -0.0726 -0.9974 0.0007
vn -0.0727 -0.9974 0.0006
vn -0.9656 0.2602 -0.0007
vn -0.9986 -0.0525 0.0016
vn -0.9986 0.0526 0.0017
vn -0.9340 0.3574 -0.0007
vn -0.2571 -0.9664 0.0008
vn 0.0519 -0.9987 -0.0017
vn -0.0539 -0.9985 -0.0016
vn -0.3588 -0.9334 0.0014
vn -0.9986 -0.0526 0.0017
vn -0.9340 -0.3574 -0.0006
vn -0.9656 -0.2602 -0.0007
vn -0.9986 0.0525 0.0017
vn 0.9653 -0.2613 0.0002
vn 0.9986 0.0527 -0.0018
vn 0.9986 -0.0529 -0.0017
vn 0.9347 -0.3555 0.0018
vn 0.2582 0.9661 0.0009
vn -0.0538 0.9986 -0.0016
vn 0.0521 0.9986 -0.0016
vn 0.3606 0.9327 0.0018
vn -0.7759 -0.6308 -0.0010
vn -0.5444 -0.8388 0.0013
vn -0.6280 -0.7782 -0.0008
vn -0.8402 -0.5423 -0.0000
vn 0.6274 -0.7787 -0.0003
vn 0.8393 -0.5437 -0.0015
vn 0.7754 -0.6315 -0.0000
vn 0.5455 -0.8381 0.0005
vn 0.7754 0.6314 0.0001
vn 0.5454 0.8382 0.0006
vn 0.6274 0.7787 -0.0003
vn 0.8393 0.5437 -0.0016
vn -0.6280 0.7782 -0.0008
vn -0.8401 0.5424 0.0001
vn -0.7760 0.6308 -0.0010
vn -0.5444 0.8389 0.0014
vn 0.0521 -0.9986 -0.0016
vn 0.3607 -0.9327 0.0018
vn 0.2581 -0.9661 0.0009
vn -0.0538 -0.9986 -0.0016
vn 0.9986 0.0529 -0.0017
vn 0.9346 0.3556 0.0018
vn 0.9653 0.2613 0.0002
vn 0.9986 -0.0526 -0.0017
vn -0.0539 0.9985 -0.0016
vn -0.3588 0.9334 0.0014
vn -0.2571 0.9664 0.0009
vn 0.0519 0.9987 -0.0017
vn -0.9339 -0.3574 -0.0006
vn -0.7761 -0.6306 -0.0010
vn -0.8403 -0.5422 0.0001
vn -0.9655 -0.2603 -0.0007
vn -0.5442 -0.8389 0.0013
vn -0.2573 -0.9663 0.0008
vn -0.3590 -0.9333 0.0015
vn -0.6279 -0.7783 -0.0008
vn 0.8394 -0.5435 -0.0015
vn 0.9652 -0.2613 0.0002
vn 0.9346 -0.3556 0.0018
vn 0.7756 -0.6313 -0.0000
vn 0.5453 0.8382 0.0005
vn 0.2583 0.9661 0.0009
vn 0.3607 0.9327 0.0018
vn 0.6272 0.7788 -0.0004
vn -0.8402 0.5422 -0.0000
vn -0.9655 0.2603 -0.0007
vn -0.9339 0.3575 -0.0006
vn -0.7760 0.6307 -0.0009
vn 0.3608 -0.9327 0.0018
vn 0.6273 -0.7788 -0.0003
vn 0.5453 -0.8382 0.0005
vn 0.2583 -0.9661 0.0009
vn 0.7756 0.6312 0.0001
vn 0.8394 0.5436 -0.0016
vn 0.9652 0.2613 0.0002
vn -0.3589 0.9334 0.0015
vn -0.6279 0.7783 -0.0008
vn -0.5443 0.8389 0.0013
vn -0.2573 0.9663 0.0008
vn 0.5335 -0.6628 -0.5254
vn 0.4582 -0.7134 -0.5302
vn 0.6858 -0.4987 -0.5301
vn 0.6857 -0.4988 -0.5301
vn 0.4634 0.7122 -0.5273
vn 0.5349 0.6591 -0.5286
vn 0.3047 0.7916 -0.5297
vn 0.2227 0.8198 -0.5276
vn -0.7124 0.4619 -0.5284
vn -0.6581 0.5396 -0.5251
vn -0.7908 0.3106 -0.5274
vn -0.8188 0.2239 -0.5286
vn 0.3033 -0.7953 -0.5249
vn 0.2176 -0.8205 -0.5286
vn 0.4579 -0.7135 -0.5303
vn 0.5333 -0.6629 -0.5256
vn -0.0434 0.8471 -0.5297
vn 0.0468 0.8498 -0.5250
vn -0.2160 0.8219 -0.5270
vn -0.3034 0.7919 -0.5300
vn -0.6872 -0.5012 -0.5259
vn -0.6872 -0.5013 -0.5259
vn -0.4980 -0.6883 -0.5275
vn -0.3035 0.7918 -0.5301
vn -0.2162 0.8218 -0.5272
vn -0.4577 0.7161 -0.5270
vn -0.5332 0.6606 -0.5285
vn -0.8490 -0.0453 -0.5265
vn -0.8490 0.0452 -0.5264
vn -0.8089 -0.2602 -0.5271
vn -0.8090 -0.2602 -0.5271
vn 0.8480 -0.0000 -0.5300
vn 0.7926 -0.3031 -0.5291
vn 0.8230 -0.2167 -0.5251
vn 0.8479 -0.0001 -0.5301
vn -0.7909 0.3103 -0.5274
vn -0.8490 0.0453 -0.5265
vn -0.8490 -0.0451 -0.5265
vn 0.7925 -0.3031 -0.5292
vn 0.6861 -0.4985 -0.5299
vn 0.6860 -0.4985 -0.5300
vn 0.8228 -0.2169 -0.5253
vn 0.7925 0.3032 -0.5291
vn 0.8229 0.2168 -0.5252
vn 0.7129 0.4585 -0.5305
vn 0.6603 0.5338 -0.5282
vn -0.8403 0.5422 -0.0000
vn -0.7761 0.6306 0.0001
vn -0.9339 0.3574 -0.0006
vn -0.9655 0.2603 -0.0000
vn -0.0008 -0.0000 -1.0000
vn 0.5871 -0.8095 -0.0032
vn 0.3117 -0.9502 0.0003
vn 0.3117 -0.9502 -0.0000
vn -0.9340 0.3573 -0.0000
vn -0.9986 -0.0524 -0.0000
vn 0.7754 0.6315 0.0001
vn 0.8393 0.5437 0.0001
vn 0.5872 0.8094 -0.0032
vn 0.5871 0.8095 -0.0033
vn 0.5872 -0.8094 -0.0031
vn 0.5873 -0.8094 -0.0031
vn 0.7754 -0.6314 0.0001
vn 0.8393 -0.5437 -0.0000
vn 0.3117 0.9502 -0.0000
vn 0.5871 0.8095 -0.0032
vn 0.3117 0.9502 0.0003
vn 0.8394 -0.5436 -0.0016
vn 0.7755 -0.6313 0.0001
vn 0.9323 -0.3617 -0.0022
vn 0.9653 -0.2613 -0.0000
vn 0.3116 0.9502 0.0003
vn 0.3115 0.9502 -0.0000
vn -0.0538 0.9986 -0.0000
vn 0.9653 -0.2611 0.0002
vn 0.9324 -0.3615 -0.0000
vn 0.9986 0.0526 -0.0000
vn 0.0519 0.9987 -0.0001
vn -0.3587 0.9334 -0.0000
vn -0.6278 -0.7783 -0.0000
vn -0.3590 -0.9334 0.0015
vn -0.2573 -0.9663 0.0001
vn -0.3589 0.9334 0.0014
vn -0.2572 0.9664 0.0001
vn -0.5442 0.8389 0.0013
vn -0.6279 0.7783 0.0001
vn -0.2571 -0.9664 0.0009
vn -0.3588 -0.9334 0.0001
vn 0.0519 -0.9986 -0.0000
vn -0.5444 0.8388 0.0001
vn -0.7759 0.6308 -0.0010
vn -0.8401 0.5424 0.0002
vn -0.0539 -0.9985 -0.0000
vn 0.3115 -0.9502 0.0002
vn 0.3115 -0.9502 -0.0000
vn -0.6626 -0.1800 -0.7270
vn -0.6867 0.0377 -0.7260
vn -0.1147 -0.0076 -0.9934
vn -0.1056 -0.0376 -0.9937
vn -0.5540 -0.4032 -0.7284
vn -0.6625 -0.1800 -0.7271
vn -0.1056 -0.0375 -0.9937
vn -0.0834 -0.0605 -0.9947
vn -0.5539 -0.4033 -0.7284
vn -0.0610 -0.0753 -0.9953
vn -0.3731 -0.5737 -0.7292
vn -0.3729 -0.5740 -0.7290
vn -0.0610 -0.0759 -0.9953
vn -0.0493 -0.1275 -0.9906
vn -0.1784 -0.6602 -0.7296
vn 0.2116 -0.6522 -0.7279
vn 0.0008 -0.6854 -0.7282
vn -0.0017 -0.1207 -0.9927
vn 0.0319 -0.0973 -0.9947
vn 0.2117 -0.6526 -0.7276
vn 0.0319 -0.0981 -0.9947
vn 0.0625 -0.0982 -0.9932
vn 0.4291 -0.5324 -0.7297
vn 0.4294 -0.5325 -0.7294
vn 0.0629 -0.0985 -0.9931
vn 0.0873 -0.0754 -0.9933
vn 0.5748 -0.3763 -0.7266
vn 0.5747 -0.3763 -0.7267
vn 0.0868 -0.0752 -0.9934
vn 0.0951 -0.0378 -0.9947
vn 0.6644 -0.1799 -0.7254
vn 0.6641 -0.1798 -0.7257
vn 0.0946 -0.0376 -0.9948
vn 0.1382 -0.0000 -0.9904
vn 0.6851 -0.0000 -0.7284
vn 0.6520 0.2132 -0.7277
vn 0.0853 0.0300 -0.9959
vn 0.0964 0.0679 -0.9930
vn 0.5349 0.4316 -0.7264
vn 0.5344 0.4316 -0.7267
vn 0.0960 0.0679 -0.9931
vn 0.0708 0.0902 -0.9934
vn 0.3743 0.5754 -0.7272
vn 0.3740 0.5757 -0.7271
vn 0.0706 0.0905 -0.9934
vn 0.0435 0.1350 -0.9899
vn 0.2120 0.6520 -0.7280
vn -0.2128 0.6502 -0.7293
vn 0.0329 0.6832 -0.7295
vn -0.0066 0.1127 -0.9936
vn -0.0336 0.0982 -0.9946
vn -0.2129 0.6501 -0.7294
vn -0.0336 0.0981 -0.9946
vn -0.0563 0.0830 -0.9950
vn -0.4333 0.5302 -0.7288
vn -0.4333 0.5304 -0.7287
vn -0.0562 0.0832 -0.9949
vn -0.1128 0.0826 -0.9902
vn -0.5540 0.4028 -0.7286
vn -0.6390 0.2465 -0.7287
vn -0.5540 0.4031 -0.7284
vn -0.1128 0.0831 -0.9901
vn -0.1102 0.0302 -0.9935
vn -0.6867 0.0378 -0.7260
vn -0.6389 0.2464 -0.7288
vn -0.1101 0.0301 -0.9935
vn -0.1148 -0.0075 -0.9934
vn -0.0015 0.0003 -1.0000
vn -0.0005 -0.0000 -1.0000
vn -0.0005 -0.0001 -1.0000
vn -0.0013 -0.0003 -1.0000
vn -0.0013 -0.0010 -1.0000
vn -0.0005 0.0005 -1.0000
vn -0.0012 0.0003 -1.0000
vn -0.0016 0.0009 -1.0000
vn -0.0018 -0.0009 -1.0000
vn -0.0007 0.0002 -1.0000
vn -0.0013 -0.0004 -1.0000
vn -0.0014 0.0004 -1.0000
vn -0.0014 0.0002 -1.0000
vn -0.0015 -0.0002 -1.0000
vn -0.0006 -0.0007 -1.0000
vn -0.0017 0.0009 -1.0000
vn -0.0017 -0.0000 -1.0000
vn -0.0008 0.0003 -1.0000
vn -0.0018 0.0004 -1.0000
vn -0.0015 -0.0003 -1.0000
vn 0.0028 -0.0000 -1.0000
vn -0.0009 0.0001 -1.0000
vn -0.0015 -0.0004 -1.0000
vn -0.0100 0.0303 -0.9995
vn -0.0337 0.0979 -0.9946
vn -0.0065 0.1129 -0.9936
vn 0.0031 0.0303 -0.9995
vn -0.0184 0.0302 -0.9994
vn -0.0275 0.0226 -0.9994
vn -0.1128 0.0830 -0.9901
vn -0.0187 0.0302 -0.9994
vn -0.0320 0.0150 -0.9994
vn -0.1102 0.0302 -0.9934
vn -0.0320 -0.0000 -0.9995
vn -0.0321 -0.0076 -0.9995
vn -0.1057 -0.0377 -0.9937
vn -0.0320 -0.0001 -0.9995
vn -0.0275 -0.0226 -0.9994
vn -0.0834 -0.0604 -0.9947
vn -0.0320 -0.0076 -0.9995
vn -0.0187 -0.0302 -0.9994
vn -0.0610 -0.0755 -0.9953
vn -0.0099 -0.0303 -0.9995
vn -0.0492 -0.1278 -0.9906
vn -0.0610 -0.0754 -0.9953
vn -0.0184 -0.0302 -0.9994
vn -0.0013 -0.0303 -0.9995
vn -0.0016 -0.1204 -0.9927
vn 0.0119 -0.0302 -0.9995
vn 0.0320 -0.0980 -0.9947
vn -0.0016 -0.1205 -0.9927
vn -0.0011 -0.0303 -0.9995
vn 0.0205 -0.0226 -0.9995
vn 0.0625 -0.0979 -0.9932
vn 0.0292 -0.0152 -0.9995
vn 0.0876 -0.0754 -0.9933
vn 0.0335 -0.0075 -0.9994
vn 0.0950 -0.0378 -0.9948
vn 0.0335 -0.0000 -0.9994
vn 0.1378 0.0001 -0.9905
vn 0.0949 -0.0377 -0.9948
vn 0.0335 -0.0077 -0.9994
vn 0.0335 0.0075 -0.9994
vn 0.0861 0.0303 -0.9958
vn 0.1379 -0.0000 -0.9904
vn 0.0335 -0.0001 -0.9994
vn 0.0299 0.0154 -0.9994
vn 0.0959 0.0679 -0.9931
vn 0.0335 0.0076 -0.9994
vn 0.0205 0.0227 -0.9995
vn 0.0709 0.0904 -0.9934
vn 0.0291 0.0153 -0.9995
vn 0.0119 0.0302 -0.9995
vn 0.0433 0.1353 -0.9899
vn 0.0709 0.0905 -0.9934
vn 0.0205 0.0226 -0.9995
vn 0.0032 0.0302 -0.9995
vn 0.6601 0.5340 -0.5282
vn 0.7129 0.4587 -0.5304
vn 0.5351 0.6590 -0.5286
vn 0.4634 0.7121 -0.5274
vn 0.0029 -0.0006 -1.0000
vn -0.0019 -0.4345 -0.9007
vn 0.0617 -0.1862 -0.9806
vn -0.0011 0.0034 -1.0000
vn -0.0018 -0.2096 -0.9778
vn 0.1321 -0.4114 -0.9018
vn -0.0008 -0.0001 -1.0000
vn -0.0018 -0.2094 -0.9778
vn -0.1329 -0.4086 -0.9030
vn -0.0021 -0.4342 -0.9008
vn -0.0616 -0.1875 -0.9803
vn -0.0009 -0.0005 -1.0000
vn -0.0020 -0.0002 -1.0000
vn 0.0026 -0.0000 -1.0000
vn -0.2011 -0.0008 -0.9796
vn -0.0014 0.0006 -1.0000
vn -0.0015 0.0035 -1.0000
vn 0.0030 -0.0044 -1.0000
vn -0.3817 -0.1052 -0.9183
vn -0.0011 -0.0025 -1.0000
vn -0.0014 0.0021 -1.0000
vn -0.4324 -0.0000 -0.9017
vn -0.3071 -0.1207 -0.9440
vn -0.0014 -0.0003 -1.0000
vn -0.4157 0.1356 -0.8994
vn -0.2013 -0.0001 -0.9795
vn 0.0024 -0.0002 -1.0000
vn -0.1999 0.0680 -0.9774
vn -0.0016 0.0003 -1.0000
vn -0.0015 -0.0006 -1.0000
vn -0.0004 0.0007 -1.0000
vn -0.0653 0.1946 -0.9787
vn -0.0010 -0.0001 -1.0000
vn -0.0003 0.0003 -1.0000
vn -0.0027 -0.0004 -1.0000
vn -0.2109 0.3258 -0.9216
vn -0.1056 0.3320 -0.9373
vn -0.2382 0.2902 -0.9268
vn -0.0018 -0.0007 -1.0000
vn -0.0014 -0.0004 -1.0000
vn -0.0007 0.0005 -1.0000
vn 0.2567 -0.3548 -0.8990
vn 0.3208 -0.2158 -0.9223
vn -0.0033 -0.0013 -1.0000
vn 0.1258 -0.1725 -0.9769
vn 0.2518 -0.2088 -0.9450
vn 0.0613 -0.1871 -0.9804
vn -0.0002 -0.0007 -1.0000
vn -0.0027 0.0010 -1.0000
vn 0.2562 -0.3552 -0.8990
vn -0.0012 -0.0003 -1.0000
vn -0.0010 -0.0008 -1.0000
vn -0.0018 -0.0000 -1.0000
vn 0.1321 -0.4115 -0.9018
vn 0.1255 -0.1726 -0.9770
vn 0.3608 0.1349 -0.9228
vn 0.3051 0.2444 -0.9204
vn -0.0020 0.0013 -1.0000
vn -0.0010 -0.0004 -1.0000
vn 0.2810 0.0756 -0.9567
vn 0.2779 0.1795 -0.9437
vn -0.0014 0.0003 -1.0000
vn -0.0013 -0.0002 -1.0000
vn 0.2545 0.3484 -0.9021
vn 0.2778 0.1793 -0.9437
vn 0.1161 0.1653 -0.9794
vn 0.3052 0.2431 -0.9207
vn -0.0013 0.0005 -1.0000
vn -0.0010 0.0016 -1.0000
vn -0.0016 -0.0047 -1.0000
vn -0.0013 0.0003 -1.0000
vn -0.0015 0.0006 -1.0000
vn 0.0822 0.3168 -0.9449
vn 0.0915 0.2458 -0.9650
vn 0.1160 0.1650 -0.9794
vn -0.0013 -0.0007 -1.0000
vn -0.0013 0.2460 -0.9693
vn 0.0820 0.3168 -0.9449
vn 0.0005 0.4271 -0.9042
vn 0.0914 0.2455 -0.9651
vn -0.0022 -0.0000 -1.0000
vn -0.0002 -0.0000 -1.0000
vn -0.0023 0.0004 -1.0000
vn 0.0006 0.4272 -0.9042
vn -0.0649 0.1941 -0.9788
vn -0.0012 -0.0027 -1.0000
vn -0.0014 0.0007 -1.0000
vn -0.0014 0.2458 -0.9693
vn -0.1056 0.3321 -0.9373
vn 0.3524 -0.1352 -0.9260
vn 0.2519 -0.2088 -0.9450
vn 0.2467 -0.0676 -0.9667
vn 0.3212 -0.2155 -0.9222
vn 0.0029 0.0013 -1.0000
vn -0.0009 0.0016 -1.0000
vn -0.0020 -0.0021 -1.0000
vn -0.2259 -0.1876 -0.9559
vn -0.3071 -0.1204 -0.9440
vn -0.3244 -0.2107 -0.9221
vn -0.3813 -0.1045 -0.9185
vn -0.0024 -0.0028 -1.0000
vn -0.0004 0.0022 -1.0000
vn 0.2468 -0.0676 -0.9667
vn 0.2578 0.0150 -0.9661
vn 0.0029 0.0008 -1.0000
vn 0.3526 -0.1353 -0.9259
vn 0.3290 -0.0228 -0.9441
vn -0.1427 -0.2021 -0.9689
vn -0.2259 -0.1877 -0.9559
vn -0.1806 -0.2463 -0.9522
vn -0.3240 -0.2103 -0.9224
vn -0.0023 0.0007 -1.0000
vn -0.0005 -0.0011 -1.0000
vn -0.0018 0.0012 -1.0000
vn -0.0007 -0.0014 -1.0000
vn -0.2774 0.1802 -0.9437
vn -0.2384 0.2900 -0.9269
vn -0.0011 0.0002 -1.0000
vn -0.2027 0.1642 -0.9654
vn -0.2106 0.3269 -0.9213
vn -0.0022 -0.0025 -1.0000
vn -0.0005 0.0034 -1.0000
vn 0.2810 0.0754 -0.9567
vn 0.3289 -0.0226 -0.9441
vn 0.3608 0.1351 -0.9228
vn 0.2579 0.0156 -0.9660
vn -0.0009 0.0010 -1.0000
vn -0.0015 -0.0019 -1.0000
vn -0.0014 0.0023 -1.0000
vn -0.0018 0.0005 -1.0000
vn -0.1806 -0.2464 -0.9522
vn -0.0613 -0.1876 -0.9803
vn -0.0006 -0.0012 -1.0000
vn -0.1426 -0.2027 -0.9688
vn -0.1330 -0.4087 -0.9029
vn -0.1999 0.0682 -0.9774
vn -0.2774 0.1803 -0.9437
vn -0.4157 0.1355 -0.8993
vn -0.2023 0.1657 -0.9652
vn -0.0010 -0.0003 -1.0000
vn -0.0018 0.0014 -1.0000
vn -0.0009 0.0025 -1.0000
vn -0.0014 -0.0013 -1.0000
vn 0.0007 -0.7557 -0.6550
vn 0.0007 -0.7556 -0.6550
vn 0.2304 -0.7168 -0.6581
vn 0.2305 -0.7168 -0.6580
vn 0.2614 0.7077 -0.6564
vn 0.4440 0.6107 -0.6557
vn 0.4445 0.6107 -0.6553
vn 0.1893 0.7314 -0.6551
vn 0.4442 -0.6108 -0.6554
vn 0.2306 -0.7168 -0.6581
vn 0.2308 -0.7167 -0.6581
vn 0.4443 -0.6106 -0.6555
vn 0.4444 -0.6107 -0.6554
vn 0.4445 -0.6107 -0.6553
vn 0.5806 -0.4817 -0.6564
vn 0.6270 -0.4166 -0.6583
vn -0.7159 -0.2316 -0.6586
vn -0.7533 0.0304 -0.6570
vn -0.7530 -0.0458 -0.6564
vn -0.7158 -0.2326 -0.6585
vn -0.2315 0.7164 -0.6582
vn 0.0327 0.7535 -0.6567
vn -0.0473 0.7542 -0.6549
vn -0.2316 0.7160 -0.6585
vn 0.6271 -0.4166 -0.6582
vn 0.7183 -0.2348 -0.6549
vn 0.7184 -0.2348 -0.6548
vn -0.7160 -0.2313 -0.6587
vn -0.6373 -0.4023 -0.6573
vn -0.5916 -0.4700 -0.6551
vn -0.2316 0.7164 -0.6581
vn -0.2319 0.7158 -0.6587
vn -0.4425 0.6102 -0.6572
vn -0.4422 0.6107 -0.6568
vn 0.7545 -0.0001 -0.6563
vn 0.7184 -0.2346 -0.6549
vn 0.7184 -0.2347 -0.6548
vn 0.7546 -0.0001 -0.6562
vn -0.5914 -0.4703 -0.6551
vn -0.6369 -0.4031 -0.6572
vn -0.4823 -0.5800 -0.6565
vn -0.4174 -0.6276 -0.6572
vn -0.5913 0.4704 -0.6550
vn -0.4427 0.6099 -0.6573
vn -0.4423 0.6106 -0.6569
vn -0.6369 0.4032 -0.6571
vn 0.7545 0.0001 -0.6563
vn 0.7546 0.0001 -0.6562
vn 0.7305 0.1863 -0.6570
vn 0.7091 0.2638 -0.6540
vn -0.4170 -0.6282 -0.6568
vn -0.4822 -0.5802 -0.6564
vn -0.2316 -0.7165 -0.6581
vn -0.2317 -0.7163 -0.6582
vn 0.7089 0.2639 -0.6541
vn 0.7305 0.1866 -0.6569
vn 0.6386 0.4040 -0.6550
vn 0.5925 0.4689 -0.6551
vn 0.0006 -0.7557 -0.6549
vn -0.2315 -0.7164 -0.6581
vn -0.2315 -0.7164 -0.6582
vn -0.7533 0.0305 -0.6570
vn -0.7060 0.2612 -0.6583
vn -0.7297 0.1876 -0.6575
vn -0.7531 -0.0453 -0.6564
vn 0.5925 0.4692 -0.6548
vn 0.6388 0.4038 -0.6548
vn 0.4444 0.6108 -0.6553
vn 0.4443 0.6109 -0.6553
vn 0.8072 -0.5903 -0.0022
vn 0.8102 -0.5861 0.0031
vn 0.8073 -0.5902 -0.0020
vn 0.1565 -0.9877 -0.0033
vn 0.1565 -0.9877 -0.0031
vn 0.1566 -0.9877 -0.0032
vn 0.3116 -0.9502 0.0003
vn 0.3114 -0.9503 0.0004
vn 0.5872 0.8094 -0.0031
vn 0.5873 0.8094 -0.0030
vn 0.7061 -0.7081 0.0006
vn 0.7062 -0.7080 0.0007
vn 0.7061 -0.7081 0.0005
vn 0.9877 -0.1561 0.0016
vn 0.9877 -0.1561 0.0015
vn 0.9877 -0.1562 0.0016
vn -0.3105 0.9506 0.0014
vn -0.3079 0.9514 -0.0020
vn -0.3106 0.9505 0.0014
vn 0.9877 -0.1561 0.0018
vn 0.9877 -0.1562 0.0018
vn 0.7062 -0.7081 0.0004
vn 0.7061 -0.7081 0.0003
vn 0.7062 -0.7080 0.0005
vn 0.7062 -0.7080 0.0008
vn -0.9518 0.3067 -0.0013
vn -0.9518 0.3067 -0.0015
vn -0.9518 0.3067 -0.0014
vn -0.9518 0.3066 -0.0012
vn -0.0009 -0.0003 -1.0000
vn -0.0020 -0.0009 -1.0000
vn -0.0022 -0.0006 -1.0000
vn -0.0006 0.0007 -1.0000
vn -0.5896 -0.8077 -0.0010
vn -0.5894 -0.8079 -0.0011
vn -0.5897 -0.8076 -0.0011
vn -0.4542 -0.8909 -0.0003
vn -0.4540 -0.8910 0.0002
vn -0.4541 -0.8909 -0.0001
vn -0.5894 0.8078 -0.0011
vn -0.5896 0.8077 -0.0011
vn -0.8912 -0.4536 -0.0017
vn -0.8912 -0.4536 -0.0018
vn -0.8911 -0.4537 -0.0013
vn -0.8912 -0.4536 -0.0014
vn 0.8072 0.5903 -0.0021
vn 0.8919 0.4523 0.0027
vn 0.8918 0.4525 0.0027
vn 0.8917 0.4526 0.0025
vn 0.9505 -0.3108 -0.0011
vn 0.9505 -0.3109 -0.0012
vn 0.9505 -0.3108 -0.0009
vn 0.4554 0.8903 0.0024
vn 0.4554 0.8903 0.0023
vn -0.8078 -0.5895 0.0012
vn -0.8078 -0.5895 0.0011
vn -0.8077 -0.5896 0.0013
vn -0.8076 -0.5897 0.0014
vn -0.9518 -0.3066 -0.0012
vn -0.9519 -0.3065 -0.0015
vn -0.9519 -0.3065 -0.0013
vn -0.9519 -0.3066 -0.0012
vn -0.1574 0.9875 0.0017
vn -0.1574 0.9875 0.0016
vn 0.9505 0.3107 -0.0010
vn 0.9505 0.3108 -0.0012
vn -0.8077 0.5896 0.0014
vn -0.8077 0.5895 0.0011
vn -0.8076 0.5897 0.0013
vn -0.7068 0.7074 -0.0016
vn -0.7067 0.7075 -0.0017
vn -0.7068 0.7074 -0.0014
vn -0.9878 0.1559 -0.0017
vn -0.9878 0.1558 -0.0018
vn -0.9878 0.1558 -0.0017
vn -0.9878 0.1557 -0.0018
vn -0.7067 0.7076 -0.0015
vn -0.7067 0.7075 -0.0013
vn -0.7069 0.7073 -0.0018
vn -0.8912 -0.4536 -0.0016
vn -0.8911 -0.4537 -0.0014
vn -0.8911 -0.4538 -0.0013
vn -0.1575 0.9875 0.0017
vn 0.5870 -0.8095 -0.0033
vn 0.5869 -0.8096 -0.0034
vn 0.5873 -0.8094 -0.0030
vn 0.5873 -0.8094 -0.0029
vn -0.4544 -0.8908 -0.0005
vn -0.4544 -0.8908 -0.0004
vn -0.4543 -0.8909 -0.0003
vn -0.4543 -0.8909 -0.0005
vn 0.4555 0.8902 0.0024
vn -0.3105 -0.9506 0.0014
vn -0.3104 -0.9506 0.0014
vn 0.1566 -0.9877 -0.0031
vn 0.8918 0.4524 0.0025
vn 0.8918 0.4524 0.0026
vn -0.0017 -0.0001 -1.0000
vn -0.0004 -0.0004 -1.0000
vn -0.0022 0.0001 -1.0000
vn -0.0007 0.0001 -1.0000
vn -0.0012 0.0006 -1.0000
vn 0.0025 -0.0000 -1.0000
vn -0.0012 -0.0007 -1.0000
vn -0.0005 -0.0002 -1.0000
vn -0.0024 0.0013 -1.0000
vn -0.0018 -0.0001 -1.0000
vn -0.0010 0.0005 -1.0000
vn -0.0009 0.0004 -1.0000
vn -0.0020 -0.0003 -1.0000
vn -0.0032 -0.0009 -1.0000
vn -0.0022 -0.0005 -1.0000
vn -0.0007 -0.0007 -1.0000
vn -0.9340 -0.3572 -0.0007
vn -0.9986 0.0524 0.0017
vn 0.2581 0.9661 0.0009
vn -0.5443 -0.8389 0.0013
vn -0.6281 -0.7782 -0.0008
vn 0.8392 -0.5438 -0.0015
vn 0.7754 -0.6315 0.0001
vn 0.5455 -0.8381 0.0006
vn 0.5455 0.8381 0.0006
vn 0.8393 0.5437 -0.0015
vn -0.6281 0.7782 -0.0008
vn -0.8402 0.5423 0.0001
vn 0.9324 0.3615 -0.0021
vn 0.9653 0.2612 0.0002
vn -0.2571 0.9664 0.0008
vn -0.7760 -0.6307 -0.0011
vn -0.5441 -0.8390 0.0013
vn -0.2572 -0.9664 0.0008
vn -0.3589 -0.9334 0.0014
vn 0.9652 -0.2614 0.0002
vn 0.5452 0.8383 0.0006
vn 0.3609 0.9326 0.0017
vn 0.6273 0.7788 -0.0003
vn -0.9655 0.2604 -0.0007
vn -0.7760 0.6307 -0.0010
vn 0.3608 -0.9326 0.0017
vn 0.6273 -0.7788 -0.0004
vn 0.9323 0.3617 -0.0022
vn 0.7755 0.6314 0.0001
vn -0.5441 0.8390 0.0013
vn -0.2572 0.9664 0.0008
vn 0.5334 -0.6628 -0.5255
vn 0.4581 -0.7134 -0.5303
vn 0.6859 -0.4987 -0.5299
vn 0.8503 -0.0000 -0.5263
vn 0.8503 0.0001 -0.5264
vn 0.8229 0.2167 -0.5252
vn 0.7926 0.3030 -0.5291
vn 0.4633 0.7122 -0.5274
vn 0.3048 0.7915 -0.5298
vn 0.2226 0.8198 -0.5277
vn -0.6581 0.5396 -0.5252
vn -0.8188 0.2240 -0.5285
vn 0.3032 -0.7954 -0.5248
vn 0.2175 -0.8205 -0.5287
vn 0.4579 -0.7136 -0.5302
vn 0.5333 -0.6630 -0.5254
vn -0.6872 -0.5013 -0.5258
vn -0.6871 -0.5014 -0.5258
vn -0.3036 0.7918 -0.5300
vn -0.2162 0.8219 -0.5270
vn -0.4577 0.7160 -0.5270
vn -0.5332 0.6605 -0.5286
vn -0.8490 0.0454 -0.5265
vn -0.8090 -0.2602 -0.5272
vn 0.8503 -0.0001 -0.5263
vn 0.7926 -0.3031 -0.5292
vn 0.8229 -0.2167 -0.5252
vn 0.8503 -0.0002 -0.5263
vn -0.0000 -0.8472 -0.5313
vn -0.0001 -0.8471 -0.5314
vn 0.2174 -0.8205 -0.5286
vn 0.3032 -0.7955 -0.5247
vn -0.7909 0.3106 -0.5273
vn 0.7925 -0.3032 -0.5291
vn 0.6860 -0.4985 -0.5301
vn 0.6860 -0.4986 -0.5300
vn 0.8229 -0.2168 -0.5251
vn -0.8402 0.5423 -0.0000
vn -0.7760 0.6307 0.0001
vn -0.9655 0.2604 0.0001
vn 0.8393 0.5437 -0.0001
vn 0.5872 0.8095 -0.0032
vn 0.8393 -0.5437 0.0001
vn 0.3070 0.9517 0.0001
vn 0.5872 0.8095 -0.0031
vn -0.9655 -0.2604 0.0002
vn -0.7760 -0.6308 0.0001
vn 0.3070 0.9517 0.0008
vn 0.9653 -0.2612 0.0002
vn 0.9323 -0.3616 0.0001
vn 0.9986 0.0528 0.0002
vn -0.0540 0.9985 -0.0016
vn 0.0519 0.9986 -0.0000
vn -0.3588 0.9334 0.0001
vn -0.6279 -0.7783 0.0001
vn -0.2573 -0.9663 0.0002
vn -0.6280 0.7782 -0.0000
vn -0.3588 -0.9334 -0.0000
vn 0.0520 -0.9986 -0.0001
vn -0.5443 0.8389 0.0001
vn -0.7759 0.6309 -0.0010
vn 0.9986 -0.0528 0.0003
vn 0.9324 0.3615 0.0002
vn -0.0538 -0.9986 -0.0000
vn 0.3070 -0.9517 0.0008
vn -0.6627 -0.1801 -0.7270
vn -0.6834 0.0377 -0.7291
vn -0.1146 -0.0075 -0.9934
vn -0.1058 -0.0377 -0.9937
vn -0.5540 -0.4029 -0.7285
vn -0.6626 -0.1803 -0.7269
vn -0.1058 -0.0378 -0.9937
vn -0.0833 -0.0602 -0.9947
vn -0.3730 -0.5739 -0.7291
vn -0.0610 -0.0756 -0.9953
vn -0.0492 -0.1280 -0.9906
vn -0.1782 -0.6607 -0.7292
vn -0.1782 -0.6606 -0.7293
vn -0.0493 -0.1279 -0.9906
vn -0.0016 -0.1207 -0.9927
vn 0.0009 -0.6853 -0.7283
vn 0.2115 -0.6526 -0.7276
vn 0.0009 -0.6849 -0.7287
vn -0.0017 -0.1202 -0.9928
vn 0.0320 -0.0982 -0.9947
vn 0.2116 -0.6527 -0.7275
vn 0.0321 -0.0984 -0.9946
vn 0.0623 -0.0978 -0.9933
vn 0.4290 -0.5321 -0.7300
vn 0.4292 -0.5323 -0.7297
vn 0.0873 -0.0752 -0.9933
vn 0.5750 -0.3761 -0.7266
vn 0.5748 -0.3764 -0.7266
vn 0.0871 -0.0754 -0.9933
vn 0.6643 -0.1797 -0.7255
vn 0.0948 -0.0377 -0.9948
vn 0.1378 -0.0001 -0.9905
vn 0.6848 -0.0002 -0.7287
vn 0.6525 0.2131 -0.7273
vn 0.6848 0.0002 -0.7287
vn 0.0862 0.0302 -0.9958
vn 0.6524 0.2132 -0.7273
vn 0.0958 0.0678 -0.9931
vn 0.5343 0.4316 -0.7268
vn 0.5341 0.4317 -0.7269
vn 0.0956 0.0677 -0.9931
vn 0.0710 0.0905 -0.9934
vn 0.3744 0.5756 -0.7270
vn 0.3740 0.5756 -0.7272
vn 0.0707 0.0902 -0.9934
vn 0.0434 0.1352 -0.9899
vn 0.2119 0.6522 -0.7278
vn -0.2130 0.6499 -0.7295
vn -0.0337 0.0977 -0.9947
vn -0.0562 0.0830 -0.9950
vn -0.4333 0.5303 -0.7287
vn -0.0563 0.0831 -0.9950
vn -0.1128 0.0827 -0.9902
vn -0.5540 0.4029 -0.7285
vn -0.6388 0.2466 -0.7287
vn -0.5541 0.4030 -0.7284
vn -0.1129 0.0830 -0.9901
vn -0.1101 0.0303 -0.9935
vn -0.6835 0.0378 -0.7290
vn -0.1147 -0.0075 -0.9934
vn -0.0011 0.0012 -1.0000
vn -0.0008 -0.0004 -1.0000
vn -0.0014 -0.0009 -1.0000
vn -0.0014 -0.0008 -1.0000
vn -0.0011 -0.0006 -1.0000
vn -0.0006 -0.0002 -1.0000
vn -0.0012 0.0002 -1.0000
vn -0.0009 0.0002 -1.0000
vn -0.0012 0.0004 -1.0000
vn 0.0028 -0.0001 -1.0000
vn -0.0337 0.0980 -0.9946
vn -0.0065 0.1130 -0.9936
vn -0.0187 0.0303 -0.9994
vn -0.1129 0.0829 -0.9901
vn -0.0320 0.0151 -0.9994
vn -0.1102 0.0301 -0.9935
vn -0.1148 -0.0076 -0.9934
vn -0.0321 -0.0075 -0.9995
vn -0.1057 -0.0378 -0.9937
vn -0.0275 -0.0227 -0.9994
vn -0.0833 -0.0604 -0.9947
vn -0.0100 -0.0303 -0.9995
vn -0.0185 -0.0303 -0.9994
vn -0.0012 -0.0302 -0.9995
vn 0.0120 -0.0301 -0.9995
vn -0.0017 -0.1204 -0.9927
vn -0.0012 -0.0303 -0.9995
vn 0.0206 -0.0226 -0.9995
vn 0.0625 -0.0980 -0.9932
vn 0.0293 -0.0152 -0.9995
vn 0.0876 -0.0755 -0.9933
vn 0.0949 -0.0378 -0.9948
vn 0.1379 0.0001 -0.9904
vn 0.0335 -0.0079 -0.9994
vn 0.0335 0.0077 -0.9994
vn 0.0861 0.0302 -0.9958
vn 0.1379 -0.0000 -0.9905
vn 0.0294 0.0151 -0.9995
vn 0.0959 0.0680 -0.9931
vn 0.0708 0.0905 -0.9934
vn 0.0959 0.0678 -0.9931
vn 0.0292 0.0150 -0.9995
vn 0.0120 0.0302 -0.9995
vn 0.0433 0.1354 -0.9899
vn 0.0206 0.0226 -0.9995
vn -0.0066 0.1129 -0.9936
vn 0.7128 0.4587 -0.5305
vn 0.5350 0.6590 -0.5286
vn 0.0029 -0.0019 -1.0000
vn -0.0019 -0.4348 -0.9005
vn 0.0616 -0.1877 -0.9803
vn -0.0014 -0.0006 -1.0000
vn -0.0018 -0.2095 -0.9778
vn 0.1322 -0.4114 -0.9018
vn -0.0019 -0.2096 -0.9778
vn -0.0005 0.0002 -1.0000
vn -0.0018 -0.4342 -0.9008
vn -0.0615 -0.1876 -0.9803
vn -0.0007 -0.0001 -1.0000
vn -0.0022 0.0002 -1.0000
vn 0.0036 -0.0000 -1.0000
vn -0.0021 -0.0000 -1.0000
vn -0.2011 -0.0006 -0.9796
vn -0.0014 0.0026 -1.0000
vn -0.0015 -0.0032 -1.0000
vn -0.3817 -0.1056 -0.9182
vn -0.4324 0.0001 -0.9017
vn -0.0014 -0.0005 -1.0000
vn -0.4159 0.1356 -0.8993
vn -0.2012 -0.0000 -0.9796
vn -0.2000 0.0681 -0.9774
vn -0.0021 0.0002 -1.0000
vn -0.0651 0.1949 -0.9787
vn -0.2109 0.3260 -0.9215
vn -0.1057 0.3321 -0.9373
vn -0.2382 0.2901 -0.9269
vn -0.0022 -0.0012 -1.0000
vn -0.0017 0.0016 -1.0000
vn -0.0014 0.0013 -1.0000
vn -0.0014 -0.0014 -1.0000
vn -0.0016 0.0004 -1.0000
vn 0.2563 -0.3550 -0.8991
vn 0.3213 -0.2151 -0.9222
vn -0.0022 0.0004 -1.0000
vn 0.1257 -0.1725 -0.9770
vn 0.2520 -0.2087 -0.9450
vn -0.0013 0.0004 -1.0000
vn 0.0616 -0.1872 -0.9804
vn -0.0013 0.0006 -1.0000
vn 0.2564 -0.3550 -0.8990
vn -0.0010 0.0004 -1.0000
vn 0.1320 -0.4114 -0.9019
vn 0.1255 -0.1727 -0.9770
vn 0.3053 0.2441 -0.9204
vn -0.0017 0.0004 -1.0000
vn -0.0012 -0.0008 -1.0000
vn 0.2810 0.0755 -0.9567
vn 0.2779 0.1793 -0.9437
vn 0.1162 0.1651 -0.9794
vn 0.3052 0.2442 -0.9204
vn -0.0011 0.0008 -1.0000
vn -0.0017 0.0014 -1.0000
vn -0.0002 -0.0003 -1.0000
vn -0.0022 -0.0003 -1.0000
vn 0.2546 0.3486 -0.9020
vn 0.0915 0.2454 -0.9651
vn 0.1161 0.1655 -0.9793
vn -0.0014 -0.0007 -1.0000
vn -0.0013 0.0008 -1.0000
vn -0.0013 0.2459 -0.9693
vn 0.0008 0.4270 -0.9042
vn 0.0914 0.2457 -0.9650
vn -0.0023 -0.0000 -1.0000
vn -0.0012 -0.0004 -1.0000
vn -0.0016 0.0006 -1.0000
vn 0.0007 0.4276 -0.9040
vn -0.0650 0.1936 -0.9789
vn -0.0014 -0.0035 -1.0000
vn -0.0015 0.0017 -1.0000
vn 0.3524 -0.1351 -0.9261
vn 0.2465 -0.0674 -0.9668
vn 0.3213 -0.2158 -0.9221
vn -0.0018 0.0026 -1.0000
vn -0.0006 -0.0000 -1.0000
vn -0.0006 -0.0008 -1.0000
vn -0.0022 -0.0032 -1.0000
vn -0.2225 -0.1802 -0.9581
vn -0.3071 -0.1206 -0.9440
vn -0.3243 -0.2095 -0.9225
vn -0.3819 -0.1055 -0.9181
vn -0.0009 0.0009 -1.0000
vn 0.2465 -0.0679 -0.9668
vn 0.2581 0.0151 -0.9660
vn -0.0008 0.0002 -1.0000
vn -0.0024 -0.0000 -1.0000
vn 0.3289 -0.0228 -0.9441
vn -0.0014 0.0005 -1.0000
vn -0.1427 -0.2023 -0.9689
vn -0.2224 -0.1804 -0.9581
vn -0.3242 -0.2103 -0.9223
vn -0.0020 -0.0000 -1.0000
vn -0.0011 0.0005 -1.0000
vn -0.0012 0.0017 -1.0000
vn -0.0012 -0.0021 -1.0000
vn -0.2383 0.2901 -0.9268
vn -0.2024 0.1650 -0.9653
vn -0.2110 0.3263 -0.9214
vn -0.0012 -0.0009 -1.0000
vn -0.0019 0.0012 -1.0000
vn 0.2809 0.0753 -0.9568
vn 0.3289 -0.0229 -0.9441
vn 0.3606 0.1352 -0.9229
vn 0.2578 0.0141 -0.9661
vn -0.0015 0.0010 -1.0000
vn -0.0015 -0.0008 -1.0000
vn -0.0013 0.0044 -1.0000
vn -0.0015 -0.0056 -1.0000
vn -0.0010 0.0012 -1.0000
vn -0.1803 -0.2461 -0.9523
vn -0.0612 -0.1884 -0.9802
vn -0.0010 -0.0027 -1.0000
vn -0.1426 -0.2024 -0.9689
vn -0.1330 -0.4086 -0.9030
vn -0.1998 0.0683 -0.9775
vn -0.2773 0.1805 -0.9437
vn -0.4158 0.1360 -0.8992
vn -0.2025 0.1650 -0.9653
vn 0.0032 0.0007 -1.0000
vn -0.0020 -0.0008 -1.0000
vn -0.0013 0.0031 -1.0000
vn -0.0014 -0.0031 -1.0000
vn 0.0008 -0.7558 -0.6548
vn 0.0006 -0.7555 -0.6552
vn 0.2305 -0.7168 -0.6581
vn 0.2307 -0.7170 -0.6578
vn 0.2613 0.7079 -0.6562
vn 0.4442 0.6111 -0.6552
vn 0.1887 0.7316 -0.6551
vn 0.4443 -0.6108 -0.6554
vn 0.2307 -0.7168 -0.6581
vn 0.4443 -0.6109 -0.6553
vn 0.6272 -0.4164 -0.6582
vn -0.7160 -0.2314 -0.6587
vn -0.7533 0.0306 -0.6570
vn -0.7529 -0.0531 -0.6560
vn -0.7159 -0.2323 -0.6585
vn 0.6271 -0.4165 -0.6582
vn 0.5810 -0.4816 -0.6562
vn 0.7185 -0.2347 -0.6548
vn 0.7183 -0.2347 -0.6550
vn -0.7159 -0.2315 -0.6587
vn -0.7158 -0.2320 -0.6586
vn -0.6371 -0.4025 -0.6573
vn -0.5915 -0.4702 -0.6550
vn -0.2317 0.7163 -0.6582
vn -0.4423 0.6104 -0.6571
vn -0.4422 0.6106 -0.6569
vn 0.7545 -0.0000 -0.6563
vn -0.5915 -0.4701 -0.6551
vn -0.6372 -0.4021 -0.6575
vn -0.4826 -0.5795 -0.6568
vn -0.4174 -0.6277 -0.6571
vn -0.5914 0.4705 -0.6549
vn -0.4424 0.6105 -0.6570
vn -0.4425 0.6103 -0.6571
vn -0.6372 0.4021 -0.6575
vn -0.4169 -0.6285 -0.6566
vn -0.4824 -0.5796 -0.6568
vn -0.2316 -0.7164 -0.6581
vn -0.2313 -0.7169 -0.6577
vn -0.7061 0.2609 -0.6583
vn -0.5915 0.4704 -0.6549
vn -0.6372 0.4026 -0.6572
vn -0.7296 0.1880 -0.6575
vn 0.7090 0.2639 -0.6540
vn 0.7306 0.1863 -0.6569
vn 0.6387 0.4040 -0.6549
vn 0.5925 0.4692 -0.6549
vn -0.2315 -0.7163 -0.6582
vn -0.2314 -0.7166 -0.6580
vn 0.0009 -0.7559 -0.6547
vn -0.7534 0.0303 -0.6569
vn -0.7062 0.2608 -0.6583
vn -0.7528 -0.0526 -0.6561
vn 0.5926 0.4691 -0.6548
vn 0.6387 0.4041 -0.6548
vn 0.4444 0.6108 -0.6554
vn 0.8071 -0.5904 -0.0021
vn 0.8101 -0.5863 0.0032
vn 0.8073 -0.5901 -0.0020
vn 0.1565 -0.9877 -0.0032
vn 0.3116 -0.9502 0.0002
vn 0.3070 -0.9517 0.0007
vn 0.5871 0.8095 -0.0031
vn 0.5870 0.8095 -0.0033
vn 0.5870 0.8096 -0.0033
vn 0.7063 -0.7079 0.0005
vn 0.7063 -0.7080 0.0006
vn 0.7064 -0.7078 0.0006
vn -0.3106 0.9506 0.0015
vn -0.3104 0.9506 0.0014
vn -0.3105 0.9506 0.0016
vn 0.9877 -0.1562 0.0015
vn 0.9877 -0.1563 0.0019
vn 0.9877 -0.1563 0.0018
vn 0.9877 -0.1562 0.0014
vn 0.7062 -0.7080 0.0004
vn -0.9518 0.3066 -0.0013
vn -0.9518 0.3066 -0.0014
vn -0.9519 0.3065 -0.0014
vn -0.9519 0.3065 -0.0011
vn -0.0011 -0.0004 -1.0000
vn -0.0012 0.0008 -1.0000
vn -0.5895 -0.8078 -0.0010
vn -0.5896 -0.8077 -0.0012
vn -0.4544 -0.8908 -0.0006
vn -0.4543 -0.8908 -0.0003
vn -0.4542 -0.8909 -0.0002
vn -0.5897 0.8076 -0.0011
vn -0.8912 -0.4536 -0.0015
vn -0.8911 -0.4537 -0.0012
vn -0.8912 -0.4536 -0.0012
vn 0.8103 0.5861 0.0033
vn 0.8102 0.5862 0.0034
vn 0.8104 0.5859 0.0032
vn 0.8073 0.5901 -0.0022
vn 0.8918 0.4524 0.0027
vn 0.8918 0.4524 0.0029
vn 0.8919 0.4523 0.0026
vn 0.3114 0.9503 0.0003
vn 0.3071 0.9517 0.0006
vn 0.9504 -0.3109 -0.0012
vn 0.9504 -0.3111 -0.0013
vn 0.9505 -0.3108 -0.0010
vn 0.9505 -0.3107 -0.0010
vn 0.4554 0.8903 0.0022
vn -0.8078 -0.5895 0.0013
vn -0.8079 -0.5893 0.0015
vn -0.8075 -0.5898 0.0012
vn -0.8074 -0.5900 0.0012
vn -0.9518 -0.3066 -0.0013
vn -0.9518 -0.3066 -0.0014
vn -0.9518 -0.3067 -0.0012
vn 0.9504 0.3109 -0.0010
vn 0.9504 0.3110 -0.0011
vn 0.9504 0.3109 -0.0012
vn -0.8078 0.5895 0.0013
vn -0.8080 0.5892 0.0011
vn -0.8079 0.5893 0.0012
vn -0.7067 0.7075 -0.0015
vn -0.7067 0.7076 -0.0014
vn -0.9878 0.1557 -0.0019
vn -0.9878 0.1560 -0.0018
vn -0.9878 0.1558 -0.0019
vn -0.9878 0.1556 0.0025
vn -0.9878 0.1560 -0.0019
vn -0.9878 0.1557 0.0028
vn -0.7066 0.7076 -0.0015
vn -0.8912 -0.4537 -0.0013
vn -0.8912 -0.4536 -0.0011
vn 0.5870 -0.8096 -0.0032
vn 0.5874 -0.8093 -0.0032
vn -0.4539 -0.8910 -0.0000
vn 0.4553 0.8903 0.0024
vn 0.4556 0.8902 0.0023
vn -0.3106 -0.9505 0.0015
vn -0.3105 -0.9506 0.0016
vn -0.3104 -0.9506 0.0015
vn 0.8919 0.4522 0.0027
vn 0.8919 0.4522 0.0028
vn 0.8919 0.4522 0.0026
vn -0.0012 -0.0006 -1.0000
vn -0.0015 -0.0023 -1.0000
vn 0.0028 0.0004 -1.0000
vn -0.0006 -0.0001 -1.0000
vn -0.0014 -0.0015 -1.0000
vn -0.0018 -0.0003 -1.0000
vn -0.0012 0.0010 -1.0000
vn -0.0015 0.0004 -1.0000
vn -0.0017 0.0019 -1.0000
vn -0.0002 -0.0005 -1.0000
vn -0.0009 -0.0001 -1.0000
vn -0.0011 -0.0009 -1.0000
vn -0.0010 -0.0005 -1.0000
vn -0.0016 0.0002 -1.0000
vn -0.0018 0.0006 -1.0000
vn 0.9653 0.2611 0.0002
vn 0.9986 -0.0529 -0.0018
vn 0.9323 -0.3616 -0.0021
vn -0.9340 -0.3573 -0.0007
vn -0.8401 -0.5424 0.0001
vn -0.8402 0.5424 0.0001
vn 0.8392 0.5437 -0.0015
vn -0.0540 -0.9985 -0.0016
vn 0.7755 -0.6313 -0.0000
vn 0.3609 -0.9326 0.0017
vn 0.6272 -0.7788 -0.0004
vn -0.8402 -0.5422 -0.0001
vn -0.9655 -0.2604 -0.0007
vn -0.7761 -0.6307 -0.0009
vn 0.8394 0.5435 -0.0015
vn -0.7760 0.6307 -0.0011
vn -0.8403 0.5422 0.0001
vn 0.6273 0.7788 -0.0004
vn 0.5333 0.6604 0.5286
vn 0.4591 0.7134 0.5293
vn 0.6580 0.5396 0.5252
vn 0.7122 0.4624 0.5282
vn -0.5327 -0.6624 0.5268
vn -0.4590 -0.7142 0.5285
vn -0.6870 -0.4991 0.5281
vn -0.8480 -0.0000 0.5299
vn -0.8480 0.0001 0.5299
vn -0.8232 0.2168 0.5248
vn -0.7928 0.3032 0.5287
vn -0.4626 0.7117 0.5286
vn -0.5372 0.6602 0.5249
vn -0.3057 0.7924 0.5279
vn -0.2236 0.8207 0.5258
vn 0.6581 0.5396 0.5251
vn 0.7915 0.3071 0.5285
vn 0.8192 0.2206 0.5294
vn -0.2236 0.8207 0.5257
vn -0.0454 0.8481 0.5279
vn 0.0421 0.8484 0.5277
vn -0.3009 -0.7934 0.5291
vn -0.2186 -0.8214 0.5268
vn -0.4590 -0.7142 0.5284
vn -0.5326 -0.6625 0.5268
vn 0.0422 0.8483 0.5278
vn -0.0453 0.8481 0.5279
vn 0.2160 0.8219 0.5271
vn 0.3034 0.7918 0.5301
vn 0.6881 -0.4981 0.5276
vn 0.6881 -0.4982 0.5275
vn 0.4977 -0.6890 0.5269
vn 0.3035 0.7918 0.5301
vn 0.2162 0.8219 0.5270
vn 0.4591 0.7134 0.5294
vn 0.5332 0.6605 0.5286
vn 0.8491 -0.0416 0.5266
vn 0.8489 0.0489 0.5263
vn 0.8089 -0.2606 0.5271
vn 0.8088 -0.2606 0.5271
vn -0.8481 -0.0000 0.5299
vn -0.7929 -0.3031 0.5286
vn -0.8233 -0.2168 0.5246
vn -0.8480 -0.0001 0.5300
vn 0.6882 -0.4980 0.5276
vn 0.8193 0.2205 0.5293
vn 0.7916 0.3070 0.5284
vn 0.8489 0.0491 0.5263
vn 0.8490 -0.0415 0.5267
vn -0.7929 -0.3033 0.5285
vn -0.6870 -0.4990 0.5283
vn -0.6870 -0.4991 0.5282
vn -0.8233 -0.2169 0.5245
vn -0.7928 0.3033 0.5287
vn -0.8233 0.2168 0.5246
vn -0.7157 0.4599 0.5256
vn -0.6623 0.5349 0.5247
vn 0.7755 0.6313 0.0002
vn 0.9346 0.3557 0.0018
vn 0.9652 0.2615 0.0001
vn -0.9655 0.2604 -0.0000
vn -0.7761 0.6306 -0.0000
vn -0.5896 -0.8077 -0.0000
vn -0.3079 -0.9514 -0.0023
vn -0.3079 -0.9514 -0.0001
vn 0.9347 0.3555 0.0001
vn 0.9986 0.0528 -0.0017
vn 0.9986 -0.0528 0.0002
vn -0.5897 0.8077 -0.0011
vn -0.5897 0.8076 -0.0000
vn 0.9986 -0.0530 -0.0017
vn 0.9986 0.0528 0.0001
vn 0.9346 -0.3558 -0.0000
vn -0.7760 -0.6308 -0.0000
vn -0.9339 -0.3575 -0.0006
vn -0.9655 -0.2602 -0.0000
vn 0.9346 -0.3557 0.0018
vn 0.9652 -0.2614 0.0001
vn 0.7755 -0.6314 0.0001
vn -0.3078 0.9514 -0.0022
vn -0.3078 0.9514 -0.0000
vn 0.7753 -0.6315 0.0001
vn 0.8392 -0.5438 -0.0000
vn 0.5454 -0.8382 0.0001
vn 0.3606 0.9327 0.0001
vn 0.5452 -0.8383 0.0006
vn 0.6273 -0.7788 -0.0000
vn 0.2582 -0.9661 -0.0000
vn 0.3609 0.9326 0.0018
vn 0.2584 0.9661 -0.0000
vn 0.6273 0.7787 -0.0000
vn 0.3607 -0.9327 0.0001
vn 0.6274 0.7787 -0.0004
vn 0.5454 0.8382 0.0001
vn 0.8393 0.5436 0.0001
vn -0.9986 -0.0524 -0.0002
vn -0.9340 0.3573 -0.0002
vn 0.0519 -0.9987 -0.0000
vn -0.3078 -0.9515 -0.0022
vn -0.3078 -0.9514 -0.0000
vn 0.6630 -0.1766 0.7275
vn 0.6834 0.0377 0.7291
vn 0.1146 -0.0075 0.9934
vn 0.1057 -0.0415 0.9935
vn 0.5547 -0.3998 0.7297
vn 0.6629 -0.1765 0.7276
vn 0.1055 -0.0413 0.9936
vn 0.0833 -0.0604 0.9947
vn 0.3731 -0.5735 0.7293
vn 0.0609 -0.0748 0.9953
vn 0.0490 -0.1315 0.9901
vn 0.1785 -0.6601 0.7297
vn 0.1784 -0.6599 0.7299
vn 0.0490 -0.1314 0.9901
vn 0.0016 -0.1201 0.9928
vn 0.0007 -0.6825 0.7309
vn -0.2126 -0.6541 0.7259
vn 0.0005 -0.6825 0.7309
vn 0.0017 -0.1202 0.9928
vn -0.0322 -0.1016 0.9943
vn -0.2127 -0.6541 0.7259
vn -0.0320 -0.1016 0.9943
vn -0.0624 -0.0940 0.9936
vn -0.4313 -0.5355 0.7261
vn -0.4314 -0.5354 0.7261
vn -0.0626 -0.0941 0.9936
vn -0.0871 -0.0717 0.9936
vn -0.5741 -0.3753 0.7278
vn -0.6638 -0.1787 0.7263
vn -0.0947 -0.0340 0.9949
vn -0.1377 0.0038 0.9905
vn -0.6848 -0.0038 0.7287
vn -0.6521 0.2120 0.7279
vn -0.1378 0.0037 0.9905
vn -0.0861 0.0264 0.9959
vn -0.6520 0.2120 0.7279
vn -0.0863 0.0265 0.9959
vn -0.0955 0.0637 0.9934
vn -0.5334 0.4302 0.7283
vn -0.0354 0.6876 0.7252
vn -0.2126 0.6542 0.7258
vn -0.0430 0.1316 0.9904
vn 0.0062 0.1165 0.9932
vn 0.2119 0.6523 0.7277
vn -0.0353 0.6876 0.7252
vn 0.0063 0.1165 0.9932
vn 0.0336 0.0979 0.9946
vn 0.2121 0.6521 0.7279
vn 0.0336 0.0975 0.9947
vn 0.0563 0.0832 0.9949
vn 0.4332 0.5306 0.7286
vn 0.6835 0.0376 0.7290
vn 0.6393 0.2429 0.7296
vn 0.1101 0.0264 0.9936
vn 0.1146 -0.0077 0.9934
vn 0.0013 0.0010 1.0000
vn 0.0015 -0.0012 1.0000
vn 0.0016 0.0001 1.0000
vn 0.0015 0.0003 1.0000
vn 0.0014 0.0006 1.0000
vn 0.0014 -0.0005 1.0000
vn 0.0015 -0.0003 1.0000
vn 0.0019 -0.0006 1.0000
vn 0.0010 0.0002 1.0000
vn 0.0019 0.0002 1.0000
vn 0.0007 0.0006 1.0000
vn 0.0007 -0.0000 1.0000
vn 0.0016 -0.0002 1.0000
vn 0.0010 -0.0001 1.0000
vn 0.0009 -0.0001 1.0000
vn 0.0015 0.0008 1.0000
vn 0.0014 -0.0009 1.0000
vn 0.0014 -0.0004 1.0000
vn 0.0011 0.0003 1.0000
vn 0.0014 0.0004 1.0000
vn 0.0099 0.0340 0.9994
vn 0.0062 0.1167 0.9932
vn -0.0031 0.0302 0.9995
vn 0.0186 0.0265 0.9995
vn 0.0563 0.0829 0.9950
vn 0.0275 0.0226 0.9994
vn 0.1128 0.0829 0.9901
vn 0.0189 0.0263 0.9995
vn 0.0320 0.0151 0.9994
vn 0.1103 0.0264 0.9936
vn 0.0320 -0.0000 0.9995
vn 0.1147 -0.0076 0.9934
vn 0.0321 -0.0075 0.9995
vn 0.1056 -0.0416 0.9935
vn 0.0276 -0.0227 0.9994
vn 0.0833 -0.0603 0.9947
vn 0.1056 -0.0415 0.9935
vn 0.0320 -0.0074 0.9995
vn 0.0189 -0.0264 0.9995
vn 0.0610 -0.0753 0.9953
vn 0.0098 -0.0340 0.9994
vn 0.0489 -0.1314 0.9901
vn 0.0186 -0.0264 0.9995
vn 0.0012 -0.0302 0.9995
vn 0.0017 -0.1203 0.9927
vn -0.0120 -0.0301 0.9995
vn -0.0322 -0.1015 0.9943
vn 0.0012 -0.0301 0.9995
vn -0.0206 -0.0263 0.9994
vn -0.0623 -0.0941 0.9936
vn -0.0292 -0.0189 0.9994
vn -0.0874 -0.0716 0.9936
vn -0.0335 -0.0114 0.9994
vn -0.0948 -0.0339 0.9949
vn -0.0335 -0.0038 0.9994
vn -0.1379 0.0038 0.9904
vn -0.0335 -0.0113 0.9994
vn -0.0335 0.0113 0.9994
vn -0.0860 0.0264 0.9959
vn -0.1378 0.0038 0.9904
vn -0.0335 -0.0037 0.9994
vn -0.0292 0.0190 0.9994
vn -0.0957 0.0640 0.9933
vn -0.0335 0.0115 0.9994
vn -0.0207 0.0264 0.9994
vn -0.0711 0.0941 0.9930
vn -0.0292 0.0189 0.9994
vn -0.0119 0.0302 0.9995
vn -0.0430 0.1314 0.9904
vn -0.0206 0.0265 0.9994
vn -0.0032 0.0302 0.9995
vn 0.0063 0.1166 0.9932
vn -0.0032 0.0009 1.0000
vn -0.0000 -0.4401 0.8980
vn -0.0619 -0.1901 0.9798
vn -0.0026 0.0021 1.0000
vn 0.0013 -0.2130 0.9770
vn -0.1309 -0.4075 0.9038
vn 0.0008 -0.0003 1.0000
vn 0.0014 -0.2130 0.9770
vn 0.1329 -0.4086 0.9030
vn 0.0005 -0.4402 0.8979
vn 0.0611 -0.1909 0.9797
vn 0.0023 0.0001 1.0000
vn -0.0019 -0.0000 1.0000
vn -0.0034 -0.0000 1.0000
vn 0.2010 0.0001 0.9796
vn 0.0016 -0.0009 1.0000
vn -0.0030 0.0011 1.0000
vn 0.3818 -0.1018 0.9186
vn 0.4323 -0.0000 0.9017
vn 0.3074 -0.1165 0.9444
vn 0.0014 -0.0003 1.0000
vn 0.0019 -0.0005 1.0000
vn 0.0011 0.0006 1.0000
vn -0.0028 -0.0002 1.0000
vn 0.4162 0.1315 0.8997
vn 0.2014 0.0002 0.9795
vn -0.0023 -0.0001 1.0000
vn 0.1999 0.0677 0.9775
vn 0.4324 -0.0000 0.9017
vn 0.0010 0.0003 1.0000
vn 0.0019 -0.0004 1.0000
vn 0.0656 0.1909 0.9794
vn 0.0006 -0.0001 1.0000
vn 0.0024 0.0001 1.0000
vn 0.2110 0.3252 0.9218
vn 0.1063 0.3284 0.9385
vn 0.2378 0.2929 0.9261
vn 0.0010 -0.0002 1.0000
vn 0.0003 0.0007 1.0000
vn 0.0028 -0.0012 1.0000
vn -0.2547 -0.3519 0.9007
vn -0.3214 -0.2103 0.9233
vn 0.0002 0.0028 1.0000
vn -0.1255 -0.1723 0.9770
vn -0.2525 -0.2116 0.9442
vn -0.0622 -0.1905 0.9797
vn 0.0008 -0.0005 1.0000
vn -0.0043 0.0006 1.0000
vn -0.2552 -0.3511 0.9009
vn 0.0014 0.0005 1.0000
vn -0.1310 -0.4075 0.9038
vn -0.1256 -0.1723 0.9770
vn -0.3610 0.1350 0.9228
vn -0.3049 0.2436 0.9207
vn 0.0025 0.0001 1.0000
vn -0.0000 0.0012 1.0000
vn -0.2805 0.0716 0.9572
vn -0.2773 0.1754 0.9446
vn -0.2553 0.3511 0.9009
vn -0.2772 0.1754 0.9447
vn 0.0016 0.0004 1.0000
vn -0.1160 0.1650 0.9794
vn -0.3051 0.2441 0.9205
vn 0.0009 0.0002 1.0000
vn 0.0014 0.0014 1.0000
vn 0.0015 -0.0002 1.0000
vn 0.0009 0.0007 1.0000
vn 0.0015 -0.0014 1.0000
vn -0.0826 0.3200 0.9438
vn -0.2553 0.3513 0.9008
vn -0.0908 0.2421 0.9660
vn -0.1162 0.1647 0.9795
vn 0.0015 0.0010 1.0000
vn 0.0009 -0.0012 1.0000
vn 0.0008 0.2496 0.9684
vn -0.0827 0.3200 0.9438
vn 0.0007 0.0003 1.0000
vn -0.0017 0.4300 0.9028
vn -0.0909 0.2417 0.9661
vn 0.0013 0.0002 1.0000
vn -0.0002 -0.0000 1.0000
vn 0.0028 -0.0000 1.0000
vn 0.0017 0.0006 1.0000
vn 0.0008 0.0002 1.0000
vn -0.0013 0.4299 0.9029
vn 0.0655 0.1910 0.9794
vn 0.0008 0.2492 0.9684
vn 0.1063 0.3285 0.9385
vn -0.3523 -0.1347 0.9261
vn -0.2525 -0.2117 0.9442
vn -0.2466 -0.0688 0.9667
vn -0.3210 -0.2115 0.9232
vn 0.0015 -0.0053 1.0000
vn 0.0015 0.0062 1.0000
vn 0.0014 0.0009 1.0000
vn 0.0020 -0.0009 1.0000
vn 0.0007 -0.0010 1.0000
vn 0.2217 -0.1873 0.9570
vn 0.3073 -0.1167 0.9444
vn 0.3237 -0.2140 0.9216
vn 0.3823 -0.1008 0.9185
vn 0.0009 -0.0021 1.0000
vn 0.0022 0.0026 1.0000
vn -0.2470 -0.0676 0.9667
vn -0.2578 0.0150 0.9661
vn 0.0019 -0.0002 1.0000
vn 0.0007 0.0002 1.0000
vn -0.3524 -0.1345 0.9262
vn -0.3289 -0.0188 0.9442
vn 0.0012 -0.0003 1.0000
vn 0.1432 -0.1983 0.9696
vn 0.1801 -0.2493 0.9515
vn 0.3240 -0.2130 0.9218
vn 0.0019 0.0026 1.0000
vn 0.0024 -0.0012 1.0000
vn 0.0011 -0.0008 1.0000
vn 0.0017 0.0011 1.0000
vn 0.2773 0.1799 0.9438
vn 0.2378 0.2932 0.9260
vn 0.2025 0.1652 0.9652
vn 0.2110 0.3255 0.9217
vn -0.2807 0.0715 0.9571
vn -0.3289 -0.0187 0.9442
vn 0.0009 -0.0002 1.0000
vn -0.3604 0.1339 0.9231
vn -0.2578 0.0155 0.9661
vn 0.0022 -0.0031 1.0000
vn 0.0007 0.0011 1.0000
vn 0.0014 -0.0021 1.0000
vn 0.0015 0.0026 1.0000
vn 0.0015 -0.0004 1.0000
vn 0.1800 -0.2500 0.9514
vn 0.0612 -0.1908 0.9797
vn 0.0016 0.0009 1.0000
vn 0.1432 -0.1982 0.9696
vn 0.1330 -0.4086 0.9030
vn 0.0008 -0.0001 1.0000
vn 0.1999 0.0679 0.9775
vn 0.2774 0.1800 0.9438
vn 0.0015 0.0006 1.0000
vn 0.4161 0.1311 0.8998
vn 0.2025 0.1654 0.9652
vn 0.0013 0.0006 1.0000
vn 0.0006 -0.0005 1.0000
vn 0.0021 0.0008 1.0000
vn -0.0030 -0.0036 1.0000
vn 0.0013 0.0036 1.0000
vn 0.0011 -0.7529 0.6582
vn 0.0010 -0.7530 0.6581
vn -0.2317 -0.7183 0.6560
vn -0.2623 0.7092 0.6544
vn -0.4415 0.6078 0.6600
vn -0.4415 0.6077 0.6601
vn -0.1872 0.7292 0.6582
vn -0.4416 -0.6077 0.6600
vn -0.2319 -0.7181 0.6562
vn -0.2317 -0.7182 0.6561
vn -0.4414 -0.6079 0.6601
vn -0.0324 0.7527 0.6576
vn -0.1872 0.7294 0.6580
vn 0.0475 0.7538 0.6554
vn -0.4416 -0.6076 0.6601
vn -0.4419 -0.6077 0.6599
vn -0.5795 -0.4805 0.6582
vn -0.6263 -0.4160 0.6593
vn 0.7159 -0.2316 0.6586
vn 0.7532 0.0344 0.6568
vn 0.7530 -0.0493 0.6562
vn 0.7158 -0.2324 0.6585
vn 0.2301 0.7192 0.6556
vn -0.0322 0.7528 0.6574
vn 0.0476 0.7538 0.6553
vn 0.2301 0.7191 0.6557
vn -0.6264 -0.4159 0.6592
vn -0.5797 -0.4804 0.6582
vn -0.7176 -0.2334 0.6562
vn -0.7175 -0.2333 0.6564
vn 0.7158 -0.2318 0.6587
vn 0.7158 -0.2323 0.6586
vn 0.6362 -0.4065 0.6557
vn 0.5915 -0.4702 0.6550
vn 0.2303 0.7190 0.6558
vn 0.2302 0.7192 0.6556
vn 0.4434 0.6076 0.6590
vn 0.4435 0.6073 0.6591
vn -0.7547 -0.0000 0.6561
vn -0.7178 -0.2333 0.6560
vn -0.7177 -0.2333 0.6561
vn -0.7545 -0.0000 0.6563
vn 0.5912 -0.4710 0.6547
vn 0.6365 -0.4054 0.6561
vn 0.4813 -0.5829 0.6547
vn 0.4166 -0.6292 0.6562
vn 0.5912 0.4708 0.6548
vn 0.4432 0.6082 0.6586
vn 0.4437 0.6072 0.6591
vn 0.6366 0.4052 0.6562
vn -0.7546 -0.0001 0.6562
vn -0.7313 0.1877 0.6558
vn -0.7069 0.2600 0.6578
vn 0.4170 -0.6281 0.6570
vn 0.4811 -0.5830 0.6546
vn 0.2303 -0.7189 0.6558
vn 0.2304 -0.7189 0.6559
vn 0.7060 0.2609 0.6583
vn 0.5914 0.4703 0.6550
vn 0.6363 0.4063 0.6558
vn 0.7301 0.1838 0.6581
vn -0.7067 0.2602 0.6579
vn -0.7310 0.1879 0.6560
vn -0.6365 0.4014 0.6587
vn -0.5916 0.4677 0.6567
vn 0.0013 -0.7528 0.6582
vn 0.2300 -0.7191 0.6557
vn 0.2301 -0.7190 0.6558
vn 0.0013 -0.7527 0.6584
vn 0.7532 0.0341 0.6569
vn 0.7059 0.2615 0.6583
vn 0.7301 0.1836 0.6582
vn 0.7529 -0.0497 0.6563
vn -0.5914 0.4679 0.6567
vn -0.6365 0.4014 0.6586
vn -0.4416 0.6076 0.6601
vn -0.4417 0.6077 0.6600
vn -0.8076 -0.5897 0.0015
vn -0.8077 -0.5895 0.0011
vn -0.8078 -0.5895 0.0009
vn -0.1575 -0.9875 0.0017
vn -0.1574 -0.9875 0.0016
vn -0.5896 0.8077 -0.0012
vn -0.5897 0.8076 -0.0010
vn -0.9878 -0.1558 -0.0018
vn -0.9878 -0.1558 -0.0016
vn -0.9878 -0.1558 -0.0020
vn -0.9878 -0.1558 -0.0021
vn 0.3071 0.9517 0.0007
vn 0.3071 0.9517 0.0009
vn -0.9878 -0.1559 -0.0017
vn -0.9878 -0.1557 -0.0021
vn -0.9878 -0.1560 -0.0016
vn -0.7066 -0.7076 -0.0016
vn -0.7066 -0.7076 -0.0015
vn -0.7069 -0.7074 -0.0015
vn -0.7070 -0.7072 -0.0016
vn 0.9505 0.3108 -0.0011
vn 0.0012 0.0004 1.0000
vn 0.0010 -0.0005 1.0000
vn 0.0012 -0.0014 1.0000
vn 0.0014 0.0019 1.0000
vn 0.0021 -0.0003 1.0000
vn 0.0013 -0.0004 1.0000
vn 0.0011 -0.0013 1.0000
vn 0.0016 0.0015 1.0000
vn 0.5870 -0.8096 -0.0031
vn 0.4555 -0.8902 0.0024
vn 0.4556 -0.8902 0.0023
vn 0.4555 -0.8902 0.0023
vn 0.4555 -0.8903 0.0023
vn 0.5871 0.8095 -0.0030
vn 0.5872 0.8094 -0.0030
vn 0.8919 -0.4522 0.0027
vn 0.8920 -0.4521 0.0027
vn 0.8919 -0.4523 0.0027
vn 0.8918 -0.4524 0.0025
vn -0.8078 0.5894 0.0012
vn -0.8911 0.4537 -0.0015
vn -0.8912 0.4537 -0.0016
vn -0.3080 0.9514 -0.0021
vn -0.3103 0.9506 0.0014
vn -0.3101 0.9507 0.0013
vn -0.9518 -0.3067 -0.0013
vn -0.4539 0.8910 0.0002
vn 0.8072 -0.5903 -0.0019
vn 0.8071 -0.5904 -0.0022
vn 0.8070 -0.5905 -0.0023
vn 0.9504 -0.3109 -0.0014
vn 0.9504 -0.3109 -0.0013
vn 0.9505 -0.3106 -0.0006
vn 0.1566 0.9877 -0.0032
vn -0.9518 0.3067 -0.0016
vn -0.9518 0.3067 -0.0011
vn 0.7061 0.7081 0.0005
vn 0.7061 0.7081 0.0006
vn 0.7062 0.7080 0.0006
vn 0.9878 0.1560 0.0019
vn 0.9878 0.1560 0.0022
vn 0.9877 0.1561 0.0015
vn 0.9877 0.1562 0.0013
vn 0.7060 0.7082 0.0006
vn 0.7060 0.7082 0.0004
vn 0.7063 0.7080 0.0005
vn 0.7061 0.7081 0.0008
vn 0.8919 -0.4523 0.0026
vn 0.8918 -0.4523 0.0027
vn 0.8919 -0.4523 0.0028
vn 0.1566 0.9877 -0.0031
vn 0.1565 0.9877 -0.0030
vn 0.1567 0.9876 -0.0031
vn -0.5895 -0.8078 -0.0011
vn -0.5895 -0.8077 -0.0011
vn -0.5895 -0.8077 -0.0012
vn 0.4554 -0.8903 0.0022
vn 0.4554 -0.8903 0.0023
vn -0.4539 0.8911 -0.0000
vn 0.3071 -0.9517 0.0008
vn 0.3073 -0.9516 0.0008
vn -0.1575 -0.9875 0.0018
vn -0.1574 -0.9875 0.0017
vn -0.1576 -0.9875 0.0017
vn -0.1574 -0.9875 0.0015
vn 0.0016 0.0002 1.0000
vn 0.0025 0.0002 1.0000
vn -0.0029 -0.0000 1.0000
vn 0.0005 0.0001 1.0000
vn 0.0018 -0.0000 1.0000
vn 0.0012 -0.0002 1.0000
vn 0.0013 0.0003 1.0000
vn 0.0013 0.0012 1.0000
vn -0.0028 -0.0000 1.0000
vn 0.0002 -0.0001 1.0000
vn 0.0015 -0.0075 1.0000
vn 0.0024 -0.0003 1.0000
vn 0.0025 -0.0004 1.0000
vn 0.0011 0.0002 1.0000
vn 0.0018 -0.0007 1.0000
vn 0.0008 -0.0012 1.0000
vn 0.0016 0.0006 1.0000
vn 0.0020 0.0024 1.0000
vn 0.9986 -0.0529 -0.0016
vn 0.2582 -0.9661 0.0009
vn 0.9986 0.0528 -0.0016
vn -0.9656 -0.2601 -0.0007
vn -0.9986 -0.0527 0.0017
vn -0.0540 0.9985 -0.0017
vn 0.5454 -0.8382 0.0006
vn -0.8402 -0.5423 0.0001
vn -0.7760 -0.6308 -0.0010
vn 0.5454 0.8382 0.0005
vn -0.9340 0.3574 -0.0006
vn -0.9656 0.2601 -0.0007
vn -0.9986 -0.0526 0.0016
vn 0.0521 0.9986 -0.0017
vn 0.6272 -0.7788 -0.0003
vn -0.8403 -0.5422 -0.0000
vn -0.9655 -0.2603 -0.0006
vn -0.9339 -0.3574 -0.0007
vn -0.7760 -0.6307 -0.0010
vn -0.3590 0.9333 0.0015
vn 0.9652 0.2614 0.0002
vn -0.7761 0.6307 -0.0010
vn 0.3608 0.9326 0.0017
vn 0.5452 0.8383 0.0005
vn 0.5333 0.6605 0.5286
vn 0.4592 0.7134 0.5294
vn 0.6580 0.5397 0.5251
vn 0.7121 0.4625 0.5281
vn 0.3035 -0.7918 0.5301
vn 0.4976 -0.6890 0.5270
vn 0.4975 -0.6890 0.5270
vn 0.2161 -0.8219 0.5271
vn -0.4589 -0.7142 0.5286
vn -0.6870 -0.4992 0.5281
vn -0.8480 -0.0000 0.5300
vn -0.7927 0.3032 0.5288
vn -0.5371 0.6603 0.5250
vn -0.3058 0.7924 0.5278
vn 0.7122 0.4625 0.5281
vn 0.6581 0.5397 0.5250
vn 0.8192 0.2206 0.5293
vn -0.0454 0.8482 0.5278
vn 0.0420 0.8484 0.5277
vn -0.3008 -0.7935 0.5290
vn -0.2186 -0.8215 0.5266
vn -0.5325 -0.6625 0.5269
vn -0.0453 0.8482 0.5278
vn 0.2161 0.8219 0.5271
vn 0.3036 0.7918 0.5300
vn 0.2162 0.8218 0.5272
vn 0.8489 0.0490 0.5263
vn -0.8232 -0.2167 0.5248
vn -0.8479 -0.0000 0.5301
vn 0.8489 0.0492 0.5263
vn 0.8491 -0.0414 0.5266
vn -0.7928 -0.3032 0.5287
vn -0.6870 -0.4990 0.5282
vn -0.8232 -0.2168 0.5248
vn -0.6623 0.5349 0.5246
vn 0.7755 0.6313 -0.0000
vn 0.9653 0.2613 0.0001
vn -0.9655 0.2603 -0.0002
vn -0.7760 0.6307 -0.0002
vn -0.3080 -0.9514 -0.0022
vn 0.9323 0.3616 0.0002
vn 0.9986 -0.0527 0.0002
vn -0.8402 0.5423 -0.0001
vn -0.5896 0.8077 -0.0001
vn 0.9323 -0.3616 0.0002
vn -0.3079 0.9514 -0.0001
vn -0.5895 0.8078 -0.0011
vn -0.5896 0.8077 -0.0000
vn -0.3080 0.9514 -0.0023
vn -0.7760 -0.6307 -0.0002
vn -0.9655 -0.2604 -0.0001
vn 0.7755 -0.6313 -0.0001
vn -0.3077 0.9515 -0.0022
vn 0.0519 0.9987 -0.0000
vn 0.5455 -0.8381 0.0001
vn 0.3606 0.9327 -0.0000
vn 0.2583 0.9661 -0.0000
vn 0.3606 -0.9327 -0.0000
vn 0.5454 0.8382 -0.0000
vn 0.8393 0.5437 -0.0000
vn -0.9986 0.0527 0.0017
vn 0.6835 0.0377 0.7290
vn 0.1056 -0.0414 0.9936
vn 0.5548 -0.3998 0.7296
vn 0.6629 -0.1760 0.7277
vn 0.1054 -0.0409 0.9936
vn 0.0834 -0.0605 0.9947
vn 0.0609 -0.0749 0.9953
vn 0.0490 -0.1318 0.9901
vn 0.1784 -0.6603 0.7295
vn -0.0022 -0.6877 0.7260
vn -0.2125 -0.6542 0.7258
vn -0.0023 -0.6876 0.7261
vn 0.0017 -0.1200 0.9928
vn -0.0321 -0.1017 0.9943
vn -0.2128 -0.6539 0.7261
vn -0.0321 -0.1012 0.9944
vn -0.0623 -0.0944 0.9936
vn -0.4312 -0.5357 0.7260
vn -0.4314 -0.5353 0.7262
vn -0.0624 -0.0939 0.9936
vn -0.0873 -0.0712 0.9936
vn -0.5744 -0.3747 0.7278
vn -0.5746 -0.3749 0.7275
vn -0.0877 -0.0716 0.9936
vn -0.6638 -0.1789 0.7262
vn -0.6639 -0.1787 0.7261
vn -0.0950 -0.0339 0.9949
vn -0.6521 0.2119 0.7279
vn -0.6520 0.2119 0.7280
vn -0.0860 0.0263 0.9959
vn -0.0955 0.0640 0.9934
vn -0.5334 0.4304 0.7282
vn -0.5334 0.4307 0.7280
vn -0.0956 0.0645 0.9933
vn -0.0714 0.0941 0.9930
vn -0.3725 0.5727 0.7302
vn -0.0354 0.6873 0.7255
vn -0.2126 0.6545 0.7255
vn -0.0430 0.1319 0.9903
vn 0.0063 0.1159 0.9932
vn 0.2119 0.6522 0.7278
vn -0.0353 0.6877 0.7251
vn 0.0063 0.1167 0.9931
vn 0.0336 0.0976 0.9947
vn 0.2121 0.6520 0.7280
vn 0.0336 0.0974 0.9947
vn 0.0562 0.0830 0.9950
vn 0.4333 0.5304 0.7287
vn 0.0015 0.0009 1.0000
vn 0.0013 -0.0008 1.0000
vn 0.0012 -0.0004 1.0000
vn 0.0015 -0.0010 1.0000
vn 0.0011 0.0008 1.0000
vn 0.0012 0.0008 1.0000
vn 0.0011 -0.0002 1.0000
vn 0.0015 -0.0007 1.0000
vn 0.0009 0.0001 1.0000
vn -0.0027 -0.0001 1.0000
vn -0.0028 0.0001 1.0000
vn 0.0009 0.0003 1.0000
vn 0.0099 0.0339 0.9994
vn 0.0337 0.0979 0.9946
vn 0.0063 0.1167 0.9932
vn -0.0031 0.0301 0.9995
vn 0.0186 0.0264 0.9995
vn 0.0563 0.0830 0.9950
vn 0.1129 0.0829 0.9901
vn 0.0563 0.0828 0.9950
vn 0.0320 0.0152 0.9994
vn 0.1102 0.0264 0.9936
vn 0.0320 -0.0076 0.9995
vn 0.1056 -0.0413 0.9935
vn 0.1147 -0.0075 0.9934
vn 0.0320 -0.0001 0.9995
vn 0.0275 -0.0225 0.9994
vn 0.0834 -0.0603 0.9947
vn 0.0188 -0.0264 0.9995
vn 0.0099 -0.0338 0.9994
vn -0.0118 -0.0304 0.9995
vn 0.0016 -0.1203 0.9927
vn 0.0011 -0.0303 0.9995
vn -0.0206 -0.0264 0.9994
vn -0.0290 -0.0189 0.9994
vn -0.0874 -0.0715 0.9936
vn -0.0335 -0.0115 0.9994
vn -0.0335 -0.0040 0.9994
vn -0.0336 -0.0112 0.9994
vn -0.0957 0.0639 0.9934
vn -0.0335 0.0114 0.9994
vn -0.0711 0.0942 0.9930
vn -0.0957 0.0641 0.9933
vn -0.0120 0.0301 0.9995
vn -0.0206 0.0264 0.9994
vn -0.0033 0.0302 0.9995
vn 0.0062 0.1167 0.9931
vn -0.7157 0.4600 0.5255
vn -0.5371 0.6603 0.5249
vn -0.4627 0.7117 0.5286
vn 0.0016 0.0014 1.0000
vn 0.0021 -0.4332 0.9013
vn -0.0619 -0.1907 0.9797
vn -0.1310 -0.4076 0.9037
vn 0.0009 -0.0005 1.0000
vn 0.0013 -0.2131 0.9770
vn 0.1330 -0.4085 0.9030
vn 0.0020 -0.4336 0.9011
vn 0.0610 -0.1909 0.9797
vn 0.0017 0.0005 1.0000
vn 0.0011 -0.0004 1.0000
vn 0.0009 -0.0000 1.0000
vn 0.0022 -0.0000 1.0000
vn 0.2011 -0.0000 0.9796
vn -0.0029 0.0001 1.0000
vn 0.3818 -0.1023 0.9186
vn 0.3073 -0.1166 0.9444
vn 0.0013 0.0014 1.0000
vn 0.0016 -0.0027 1.0000
vn 0.0008 -0.0002 1.0000
vn 0.0015 -0.0005 1.0000
vn 0.2012 0.0001 0.9796
vn 0.2000 0.0678 0.9775
vn 0.0001 -0.0001 1.0000
vn -0.0020 0.0004 1.0000
vn 0.0010 0.0001 1.0000
vn 0.0654 0.1909 0.9794
vn 0.0019 -0.0001 1.0000
vn 0.2109 0.3249 0.9219
vn 0.2377 0.2930 0.9261
vn 0.0020 0.0011 1.0000
vn 0.0013 -0.0021 1.0000
vn 0.0016 0.0003 1.0000
vn 0.0014 -0.0006 1.0000
vn 0.0008 -0.0004 1.0000
vn -0.2556 -0.3515 0.9006
vn -0.3206 -0.2108 0.9235
vn 0.0022 0.0016 1.0000
vn -0.1257 -0.1722 0.9770
vn -0.2524 -0.2115 0.9442
vn 0.0021 0.0004 1.0000
vn -0.2552 -0.3516 0.9007
vn 0.0014 0.0008 1.0000
vn 0.0017 -0.0017 1.0000
vn -0.1256 -0.1720 0.9771
vn -0.3606 0.1347 0.9229
vn -0.3053 0.2437 0.9206
vn -0.2807 0.0713 0.9572
vn -0.2774 0.1752 0.9447
vn -0.2534 0.3446 0.9039
vn -0.1159 0.1647 0.9795
vn -0.3052 0.2434 0.9207
vn 0.0010 -0.0004 1.0000
vn 0.0020 -0.0000 1.0000
vn -0.0826 0.3201 0.9438
vn -0.2535 0.3446 0.9039
vn -0.0910 0.2416 0.9661
vn -0.1162 0.1650 0.9794
vn 0.0013 0.0005 1.0000
vn 0.0008 0.2493 0.9684
vn -0.0826 0.3199 0.9438
vn 0.0012 0.0002 1.0000
vn 0.0009 0.0005 1.0000
vn -0.0015 0.4299 0.9029
vn -0.0908 0.2417 0.9661
vn -0.0014 0.4297 0.9030
vn 0.0654 0.1913 0.9794
vn 0.0013 0.0009 1.0000
vn 0.0013 -0.0012 1.0000
vn 0.0008 0.2494 0.9684
vn 0.1064 0.3285 0.9385
vn -0.3523 -0.1345 0.9262
vn -0.2523 -0.2115 0.9442
vn -0.2467 -0.0680 0.9667
vn -0.3209 -0.2112 0.9233
vn 0.0016 -0.0014 1.0000
vn 0.0013 0.0015 1.0000
vn 0.0017 -0.0033 1.0000
vn 0.2263 -0.1836 0.9566
vn 0.3073 -0.1165 0.9445
vn 0.3238 -0.2132 0.9218
vn 0.3820 -0.1014 0.9186
vn 0.0016 0.0008 1.0000
vn -0.2465 -0.0677 0.9668
vn -0.2582 0.0150 0.9660
vn -0.0037 -0.0001 1.0000
vn 0.0027 0.0002 1.0000
vn -0.3524 -0.1343 0.9262
vn 0.1432 -0.1986 0.9696
vn 0.2263 -0.1838 0.9565
vn 0.1800 -0.2497 0.9514
vn 0.3238 -0.2131 0.9218
vn 0.0015 0.0005 1.0000
vn 0.0014 -0.0010 1.0000
vn 0.0014 0.0012 1.0000
vn 0.2773 0.1805 0.9437
vn 0.2378 0.2933 0.9260
vn 0.2022 0.1656 0.9652
vn 0.2111 0.3249 0.9219
vn -0.2808 0.0716 0.9571
vn -0.3288 -0.0186 0.9442
vn -0.3606 0.1343 0.9230
vn -0.2578 0.0163 0.9661
vn 0.0014 -0.0012 1.0000
vn 0.0015 -0.0013 1.0000
vn -0.0029 0.0061 1.0000
vn 0.0612 -0.1910 0.9797
vn 0.1331 -0.4085 0.9030
vn 0.2000 0.0679 0.9774
vn 0.2774 0.1802 0.9437
vn 0.0016 -0.0004 1.0000
vn 0.4161 0.1315 0.8998
vn 0.2025 0.1652 0.9653
vn 0.0011 0.0004 1.0000
vn 0.0019 0.0006 1.0000
vn 0.0018 -0.0008 1.0000
vn 0.0016 -0.0018 1.0000
vn -0.0028 0.0023 1.0000
vn 0.0012 -0.7528 0.6583
vn 0.0010 -0.7527 0.6584
vn -0.2316 -0.7182 0.6561
vn -0.2316 -0.7183 0.6561
vn -0.2625 0.7091 0.6544
vn -0.4417 0.6076 0.6601
vn -0.1874 0.7293 0.6580
vn -0.4415 -0.6077 0.6601
vn -0.4415 -0.6079 0.6600
vn -0.0323 0.7527 0.6576
vn -0.2622 0.7092 0.6545
vn -0.1873 0.7293 0.6580
vn 0.0474 0.7537 0.6555
vn -0.4416 -0.6076 0.6602
vn -0.4421 -0.6077 0.6598
vn -0.5796 -0.4805 0.6582
vn -0.6262 -0.4160 0.6594
vn 0.7159 -0.2318 0.6586
vn 0.7532 0.0338 0.6569
vn 0.7529 -0.0490 0.6563
vn 0.2301 0.7190 0.6558
vn -0.0322 0.7524 0.6579
vn 0.0475 0.7539 0.6553
vn 0.2299 0.7195 0.6553
vn -0.6265 -0.4159 0.6592
vn -0.7176 -0.2335 0.6562
vn 0.7159 -0.2315 0.6587
vn 0.7157 -0.2325 0.6585
vn 0.6379 -0.3995 0.6584
vn 0.5917 -0.4697 0.6552
vn 0.2302 0.7190 0.6558
vn 0.4434 0.6076 0.6589
vn 0.4434 0.6074 0.6591
vn 0.5912 -0.4709 0.6548
vn 0.6378 -0.3995 0.6585
vn 0.4811 -0.5832 0.6545
vn 0.4169 -0.6286 0.6566
vn 0.5913 0.4706 0.6549
vn 0.4436 0.6074 0.6590
vn 0.4435 0.6075 0.6590
vn 0.6378 0.3994 0.6585
vn -0.7546 0.0001 0.6561
vn 0.4171 -0.6281 0.6569
vn 0.4815 -0.5823 0.6550
vn 0.2304 -0.7187 0.6560
vn 0.2301 -0.7192 0.6556
vn 0.7061 0.2607 0.6584
vn 0.5915 0.4702 0.6550
vn 0.6379 0.3993 0.6585
vn 0.7301 0.1838 0.6582
vn -0.7068 0.2602 0.6578
vn -0.7311 0.1881 0.6558
vn -0.6366 0.4015 0.6585
vn 0.2302 -0.7189 0.6559
vn 0.2300 -0.7192 0.6556
vn 0.0011 -0.7531 0.6579
vn 0.7532 0.0339 0.6569
vn 0.7062 0.2605 0.6584
vn 0.7301 0.1840 0.6581
vn 0.7530 -0.0483 0.6563
vn -0.5914 0.4678 0.6568
vn -0.6365 0.4013 0.6586
vn -0.4416 0.6076 0.6602
vn -0.8078 -0.5895 0.0010
vn -0.1575 -0.9875 0.0015
vn -0.5895 0.8077 -0.0011
vn -0.5897 0.8076 -0.0012
vn -0.5895 0.8078 -0.0009
vn -0.9878 -0.1559 -0.0018
vn -0.9878 -0.1560 -0.0018
vn 0.3071 0.9517 0.0008
vn -0.9878 -0.1558 -0.0017
vn -0.7068 -0.7074 -0.0016
vn -0.7068 -0.7074 -0.0014
vn -0.7067 -0.7075 -0.0015
vn -0.7067 -0.7075 -0.0017
vn 0.0014 -0.0007 1.0000
vn 0.0014 -0.0025 1.0000
vn 0.0015 0.0028 1.0000
vn 0.0018 0.0005 1.0000
vn 0.0007 -0.0007 1.0000
vn 0.5872 -0.8094 -0.0033
vn 0.8919 -0.4522 0.0029
vn 0.8918 -0.4524 0.0026
vn -0.8076 0.5897 0.0014
vn -0.8076 0.5898 0.0012
vn -0.8075 0.5898 0.0011
vn -0.8912 0.4536 -0.0015
vn -0.8913 0.4535 -0.0016
vn -0.8911 0.4537 -0.0009
vn -0.8910 0.4540 -0.0014
vn -0.3079 0.9514 -0.0021
vn -0.3106 0.9505 0.0015
vn -0.3079 0.9514 -0.0022
vn -0.9518 -0.3068 -0.0014
vn -0.9519 -0.3064 -0.0013
vn -0.9519 -0.3063 -0.0012
vn -0.4544 0.8908 -0.0005
vn -0.4541 0.8909 -0.0002
vn -0.4544 0.8908 -0.0004
vn 0.8072 -0.5903 -0.0021
vn 0.8072 -0.5902 -0.0021
vn 0.8072 -0.5903 -0.0020
vn 0.9504 -0.3110 -0.0010
vn 0.9504 -0.3110 -0.0012
vn 0.9504 -0.3109 -0.0011
vn 0.1565 0.9877 -0.0032
vn 0.1565 0.9877 -0.0031
vn -0.9518 0.3066 -0.0015
vn 0.8103 0.5860 0.0032
vn 0.8070 0.5905 -0.0020
vn 0.9877 0.1562 0.0016
vn 0.9877 0.1562 0.0014
vn 0.9877 0.1562 0.0015
vn 0.9877 0.1562 0.0017
vn 0.9877 0.1563 0.0017
vn 0.9877 0.1563 0.0019
vn 0.7061 0.7081 0.0007
vn 0.7062 0.7081 0.0007
vn 0.1565 0.9877 -0.0033
vn -0.5897 -0.8076 -0.0012
vn -0.5894 -0.8078 -0.0011
vn -0.5893 -0.8079 -0.0010
vn -0.4544 0.8908 0.0001
vn -0.4542 0.8909 -0.0003
vn -0.4544 0.8908 -0.0002
vn 0.3115 -0.9502 0.0004
vn 0.3117 -0.9502 0.0001
vn -0.1574 -0.9875 0.0018
vn -0.8912 0.4536 -0.0016
vn -0.8912 0.4535 -0.0018
vn -0.8912 0.4536 -0.0013
vn -0.8912 0.4537 -0.0015
vn 0.0016 0.0018 1.0000
vn 0.0013 -0.0010 1.0000
vn 0.0017 0.0002 1.0000
vn 0.0013 -0.0003 1.0000
vn 0.0016 -0.0003 1.0000
vn 0.0016 -0.0021 1.0000
vn 0.0028 0.0001 1.0000
vn 0.0018 -0.0001 1.0000
vn 0.0005 -0.0000 1.0000
vn 0.0007 0.0001 1.0000
vn 0.0013 -0.0005 1.0000
vn -0.5017 0.0001 -0.8650
vn -0.5019 -0.0000 -0.8650
vn -0.2605 -0.0000 -0.9655
vn -0.2597 0.0002 -0.9657
vn -0.8674 -0.0000 -0.4976
vn -0.8654 -0.0001 -0.5012
vn -0.9913 -0.0000 -0.1315
vn -0.9907 -0.0000 -0.1359
vn -0.9913 -0.0000 -0.1313
vn -0.9907 -0.0000 -0.1357
vn -0.2580 -0.0000 0.9661
vn -0.4998 -0.0000 0.8662
vn -0.4993 -0.0000 0.8664
vn -0.2579 -0.0000 0.9662
vn -0.8661 0.0001 0.4999
vn -0.8661 -0.0000 0.4998
vn -0.9903 -0.0000 0.1387
vn -0.9915 -0.0000 0.1301
vn -1.0000 -0.0005 -0.0002
vn -0.9915 -0.0000 0.1298
vn -0.9903 -0.0000 0.1386
vn -1.0000 -0.0001 -0.0007
vn 1.0000 -0.0002 0.0010
vn 1.0000 -0.0002 -0.0002
vn 1.0000 -0.0003 -0.0000
vn 1.0000 -0.0001 0.0008
vt 0.149722 0.949317
vt 0.149602 0.949317
vt 0.149843 0.947998
vt 0.149964 0.947998
vt 0.149964 0.948118
vt 0.149843 0.948118
vt 0.149722 0.949197
vt 0.149722 0.949077
vt 0.156132 0.946079
vt 0.156132 0.945959
vt 0.156374 0.946079
vt 0.156495 0.945959
vt 0.156011 0.946079
vt 0.156011 0.947038
vt 0.156132 0.947038
vt 0.156132 0.947158
vt 0.156495 0.947158
vt 0.156374 0.947158
vt 0.156495 0.947038
vt 0.156495 0.946079
vt 0.156011 0.952556
vt 0.156011 0.952436
vt 0.155890 0.952556
vt 0.156132 0.952556
vt 0.156132 0.952436
vt 0.155769 0.952556
vt 0.155769 0.952675
vt 0.155769 0.953515
vt 0.155890 0.953515
vt 0.155890 0.953635
vt 0.156011 0.953635
vt 0.156132 0.953635
vt 0.156132 0.953515
vt 0.156132 0.952675
vt 0.149964 0.948478
vt 0.149843 0.948478
vt 0.149843 0.948358
vt 0.149843 0.948238
vt 0.149964 0.948358
vt 0.149360 0.949437
vt 0.149360 0.949317
vt 0.247562 0.946918
vt 0.247562 0.946798
vt 0.247562 0.946679
vt 0.247562 0.946559
vt 0.247562 0.946439
vt 0.143555 0.945239
vt 0.143676 0.945239
vt 0.145973 0.949077
vt 0.052850 0.948957
vt 0.052850 0.949197
vt 0.053092 0.948837
vt 0.053092 0.948717
vt 0.052971 0.948717
vt 0.052971 0.948837
vt 0.053213 0.949197
vt 0.053092 0.948957
vt 0.053092 0.949197
vt 0.052971 0.949197
vt 0.052850 0.948837
vt 0.052850 0.948717
vt 0.053213 0.948957
vt 0.052729 0.948957
vt 0.052729 0.949197
vt 0.052729 0.948837
vt 0.052729 0.948717
vt 0.052971 0.948957
vt 0.052608 0.948957
vt 0.052608 0.949197
vt 0.052608 0.948717
vt 0.052608 0.948837
vt 0.158672 0.946079
vt 0.158793 0.945959
vt 0.158672 0.947158
vt 0.158793 0.947158
vt 0.055632 0.951596
vt 0.055753 0.951596
vt 0.055753 0.950996
vt 0.055632 0.950996
vt 0.057688 0.952675
vt 0.057809 0.952675
vt 0.057809 0.952556
vt 0.057688 0.952556
vt 0.149239 0.944040
vt 0.149118 0.944040
vt 0.149239 0.942840
vt 0.149118 0.942840
vt 0.148755 0.947158
vt 0.148755 0.947038
vt 0.149118 0.947158
vt 0.149118 0.947038
vt 0.149118 0.946079
vt 0.148755 0.946079
vt 0.149118 0.945959
vt 0.148755 0.945959
vt 0.059502 0.951476
vt 0.059502 0.951356
vt 0.055632 0.960711
vt 0.055511 0.960711
vt 0.055632 0.960472
vt 0.055511 0.960472
vt 0.057688 0.950876
vt 0.057809 0.950876
vt 0.053818 0.960112
vt 0.053818 0.959632
vt 0.452312 0.946079
vt 0.452312 0.947038
vt 0.452433 0.947038
vt 0.452433 0.946079
vt 0.452312 0.947158
vt 0.452070 0.946079
vt 0.452070 0.947158
vt 0.452070 0.947038
vt 0.451949 0.946079
vt 0.451949 0.947038
vt 0.055511 0.959632
vt 0.055632 0.959632
vt 0.055511 0.960112
vt 0.055632 0.960112
vt 0.106184 0.405154
vt 0.106305 0.405154
vt 0.106305 0.404914
vt 0.106426 0.405034
vt 0.106426 0.405154
vt 0.106426 0.404914
vt 0.106547 0.405154
vt 0.106547 0.404914
vt 0.106064 0.405994
vt 0.105822 0.405994
vt 0.105943 0.405994
vt 0.106064 0.405154
vt 0.106064 0.405034
vt 0.106064 0.404914
vt 0.105943 0.404914
vt 0.105822 0.404914
vt 0.105822 0.405034
vt 0.106305 0.390281
vt 0.106184 0.390162
vt 0.106184 0.389922
vt 0.106184 0.389802
vt 0.106305 0.389682
vt 0.106184 0.389682
vt 0.106064 0.421706
vt 0.106064 0.420866
vt 0.105822 0.420866
vt 0.105822 0.421706
vt 0.106064 0.420746
vt 0.105822 0.420746
vt 0.250948 0.952795
vt 0.250707 0.952795
vt 0.250707 0.952915
vt 0.250948 0.952915
vt 0.250948 0.952675
vt 0.250707 0.952675
vt 0.250948 0.952556
vt 0.250707 0.952556
vt 0.250948 0.952436
vt 0.250707 0.952436
vt 0.250223 0.953515
vt 0.250223 0.953395
vt 0.249981 0.953395
vt 0.249981 0.953515
vt 0.250223 0.952556
vt 0.249981 0.952556
vt 0.250223 0.952436
vt 0.249981 0.952436
vt 0.250707 0.953395
vt 0.250707 0.953515
vt 0.250948 0.953515
vt 0.250948 0.953395
vt 0.250707 0.953635
vt 0.250948 0.953635
vt 0.250707 0.953755
vt 0.250948 0.953755
vt 0.250707 0.953875
vt 0.250948 0.953875
vt 0.062405 0.945839
vt 0.106668 0.404554
vt 0.106668 0.404674
vt 0.106668 0.405154
vt 0.105943 0.405034
vt 0.105943 0.405154
vt 0.106305 0.405034
vt 0.106305 0.404554
vt 0.105943 0.404554
vt 0.106426 0.404674
vt 0.106426 0.404554
vt 0.106668 0.390521
vt 0.106547 0.390042
vt 0.106668 0.390042
vt 0.106668 0.389922
vt 0.106305 0.421226
vt 0.105943 0.421226
vt 0.105943 0.420626
vt 0.106305 0.420626
vt 0.106426 0.390521
vt 0.106547 0.390521
vt 0.106305 0.390042
vt 0.106426 0.390042
vt 0.106426 0.389922
vt 0.106547 0.389922
vt 0.052125 0.942840
vt 0.052125 0.942960
vt 0.052125 0.946798
vt 0.052125 0.946918
vt 0.052125 0.947038
vt 0.052125 0.947158
vt 0.052125 0.947278
vt 0.058051 0.943320
vt 0.052488 0.947398
vt 0.052608 0.947398
vt 0.052488 0.947278
vt 0.052608 0.947278
vt 0.052004 0.947398
vt 0.052246 0.947398
vt 0.052488 0.947038
vt 0.052488 0.946918
vt 0.054060 0.946559
vt 0.054060 0.946679
vt 0.054060 0.946439
vt 0.053576 0.947038
vt 0.054060 0.946918
vt 0.896884 0.016791
vt 0.896884 0.084677
vt 0.896763 0.084677
vt 0.896763 0.016791
vt 0.896884 0.178229
vt 0.896763 0.178229
vt 0.896521 0.178229
vt 0.896521 0.084677
vt 0.896642 0.084677
vt 0.896642 0.178229
vt 0.896521 0.016791
vt 0.896642 0.016791
vt 0.106064 0.405274
vt 0.105943 0.405274
vt 0.052729 0.947038
vt 0.053334 0.946679
vt 0.895432 0.090554
vt 0.895553 0.090554
vt 0.895553 0.172712
vt 0.895432 0.172712
vt 0.895432 0.008875
vt 0.895553 0.008875
vt 0.895795 0.090554
vt 0.895795 0.008875
vt 0.895795 0.172832
vt 0.053092 0.947038
vt 0.053334 0.946798
vt 0.055148 0.947878
vt 0.055148 0.947758
vt 0.055632 0.947878
vt 0.248530 0.949317
vt 0.248530 0.949557
vt 0.055753 0.947878
vt 0.055753 0.947758
vt 0.247925 0.949797
vt 0.055390 0.947878
vt 0.248409 0.949797
vt 0.248288 0.949797
vt 0.055632 0.947398
vt 0.055269 0.947758
vt 0.248530 0.949437
vt 0.055753 0.947638
vt 0.050673 0.941161
vt 0.050673 0.941041
vt 0.050190 0.941521
vt 0.050553 0.941401
vt 0.050553 0.941161
vt 0.050673 0.940921
vt 0.252762 0.945479
vt 0.253004 0.945119
vt 0.050311 0.941521
vt 0.253004 0.944879
vt 0.050673 0.941521
vt 0.253004 0.945359
vt 0.253004 0.945479
vt 0.050553 0.941041
vt 0.252883 0.945479
vt 0.252521 0.945479
vt 0.127470 0.405514
vt 0.127470 0.405394
vt 0.054060 0.947398
vt 0.054181 0.947398
vt 0.054181 0.947518
vt 0.054060 0.947518
vt 0.252642 0.951356
vt 0.053939 0.947278
vt 0.106064 0.405514
vt 0.252400 0.951236
vt 0.153109 0.947278
vt 0.153230 0.947278
vt 0.252883 0.951476
vt 0.252883 0.951356
vt 0.106064 0.405394
vt 0.105580 0.406233
vt 0.105580 0.406113
vt 0.105580 0.405634
vt 0.105701 0.406113
vt 0.105701 0.406233
vt 0.105580 0.405514
vt 0.105580 0.405154
vt 0.105822 0.405154
vt 0.105822 0.405514
vt 0.105822 0.405274
vt 0.105822 0.405394
vt 0.105822 0.405634
vt 0.105822 0.406233
vt 0.105943 0.405514
vt 0.129163 0.390401
vt 0.055753 0.947278
vt 0.911517 0.175471
vt 0.911396 0.175471
vt 0.911396 0.010195
vt 0.911517 0.010195
vt 0.055753 0.947518
vt 0.912122 0.176070
vt 0.912001 0.175951
vt 0.912001 0.010195
vt 0.912122 0.010195
vt 0.911759 0.175711
vt 0.911638 0.175591
vt 0.911638 0.010195
vt 0.911759 0.010195
vt 0.248046 0.949797
vt 0.248530 0.949677
vt 0.055269 0.947878
vt 0.248530 0.949797
vt 0.053334 0.947038
vt 0.911638 0.175831
vt 0.911517 0.175711
vt 0.911517 0.009955
vt 0.911638 0.009955
vt 0.912243 0.176430
vt 0.912122 0.176310
vt 0.912122 0.010075
vt 0.912243 0.010075
vt 0.246836 0.945599
vt 0.246836 0.945719
vt 0.246836 0.945839
vt 0.246836 0.945959
vt 0.246836 0.946079
vt 0.127470 0.405634
vt 0.054543 0.947038
vt 0.065186 0.943920
vt 0.147062 0.950277
vt 0.129163 0.405274
vt 0.129163 0.405154
vt 0.105943 0.405754
vt 0.106184 0.405034
vt 0.105943 0.405634
vt 0.105943 0.405394
vt 0.062042 0.952316
vt 0.060107 0.947518
vt 0.129526 0.390401
vt 0.130130 0.390042
vt 0.129526 0.405634
vt 0.129647 0.405634
vt 0.058051 0.943560
vt 0.058051 0.943440
vt 0.250586 0.949317
vt 0.057930 0.943320
vt 0.250465 0.949317
vt 0.147304 0.951236
vt 0.250948 0.949437
vt 0.976703 0.178349
vt 0.976220 0.178349
vt 0.976220 0.007676
vt 0.976703 0.007676
vt 0.975736 0.178349
vt 0.975736 0.007676
vt 0.052971 0.945839
vt 0.052850 0.946079
vt 0.052729 0.946079
vt 0.059986 0.953515
vt 0.059865 0.953515
vt 0.129647 0.390401
vt 0.129042 0.390881
vt 0.128679 0.390881
vt 0.128800 0.390881
vt 0.050673 0.941281
vt 0.988313 0.171513
vt 0.988313 0.013913
vt 0.988313 0.171393
vt 0.050553 0.941521
vt 0.871003 0.010315
vt 0.871003 0.172592
vt 0.870882 0.175831
vt 0.870882 0.010315
vt 0.871003 0.171513
vt 0.871486 0.010315
vt 0.871486 0.171873
vt 0.871970 0.010315
vt 0.871970 0.171513
vt 0.872091 0.010315
vt 0.872091 0.172592
vt 0.872091 0.175831
vt 0.153230 0.950397
vt 0.153109 0.950397
vt 0.153230 0.949917
vt 0.153230 0.950037
vt 0.152988 0.949917
vt 0.153109 0.949917
vt 0.050673 0.941401
vt 0.987104 0.172112
vt 0.987104 0.014033
vt 0.987225 0.014033
vt 0.987346 0.172112
vt 0.252400 0.945479
vt 0.252400 0.945359
vt 0.050069 0.941401
vt 0.253004 0.945239
vt 0.050069 0.941521
vt 0.987467 0.171993
vt 0.987467 0.014033
vt 0.987709 0.014033
vt 0.987709 0.171873
vt 0.987830 0.171753
vt 0.987830 0.013913
vt 0.988072 0.013913
vt 0.988072 0.171633
vt 0.253004 0.944999
vt 0.252642 0.945479
vt 0.987709 0.171993
vt 0.987709 0.013793
vt 0.987830 0.013793
vt 0.987830 0.171993
vt 0.988072 0.171753
vt 0.988072 0.013793
vt 0.988193 0.013793
vt 0.988193 0.171633
vt 0.987346 0.172352
vt 0.987346 0.013793
vt 0.987467 0.013793
vt 0.987467 0.172232
vt 0.050553 0.941281
vt 0.127470 0.405274
vt 0.127349 0.405274
vt 0.127349 0.405154
vt 0.058534 0.943080
vt 0.058534 0.942960
vt 0.064944 0.944160
vt 0.064944 0.944040
vt 0.147062 0.950157
vt 0.146578 0.950397
vt 0.146578 0.950517
vt 0.065065 0.944160
vt 0.065065 0.944040
vt 0.129042 0.405394
vt 0.129042 0.405274
vt 0.129042 0.405514
vt 0.129042 0.405634
vt 0.128679 0.420746
vt 0.128679 0.420866
vt 0.051520 0.947878
vt 0.051762 0.947638
vt 0.051762 0.947398
vt 0.060228 0.947638
vt 0.129526 0.405274
vt 0.128800 0.404794
vt 0.129526 0.405034
vt 0.129647 0.405274
vt 0.128679 0.404794
vt 0.056116 0.947158
vt 0.056116 0.947278
vt 0.033500 0.962249
vt 0.033500 0.964052
vt 0.033500 0.928845
vt 0.068693 0.928845
vt 0.068693 0.964052
vt 0.431631 0.946268
vt 0.431631 0.956722
vt 0.421231 0.956722
vt 0.421231 0.946268
vt 0.337178 0.972343
vt 0.337178 0.983398
vt 0.326052 0.983398
vt 0.326052 0.972343
vt 0.430180 0.973424
vt 0.430180 0.984239
vt 0.419296 0.984239
vt 0.419296 0.973424
vt 0.076675 0.966695
vt 0.072926 0.971382
vt 0.073168 0.971382
vt 0.076796 0.966695
vt 0.450861 0.948311
vt 0.447353 0.948311
vt 0.446507 0.946748
vt 0.450861 0.946748
vt 0.064340 0.936054
vt 0.064460 0.935814
vt 0.064581 0.935814
vt 0.064702 0.936054
vt 0.065670 0.935814
vt 0.065549 0.935934
vt 0.065549 0.935574
vt 0.065670 0.935694
vt 0.064340 0.936415
vt 0.064460 0.936294
vt 0.064581 0.936294
vt 0.064702 0.936415
vt 0.064823 0.936294
vt 0.064944 0.936174
vt 0.065065 0.935934
vt 0.064944 0.935814
vt 0.065065 0.935574
vt 0.064823 0.936895
vt 0.064702 0.936775
vt 0.065065 0.936775
vt 0.064944 0.937015
vt 0.065549 0.936054
vt 0.065307 0.936174
vt 0.065065 0.936054
vt 0.065428 0.936655
vt 0.065307 0.936535
vt 0.065186 0.936415
vt 0.065549 0.936415
vt 0.064944 0.936294
vt 0.065065 0.936415
vt 0.064340 0.935694
vt 0.064702 0.935574
vt 0.064098 0.936294
vt 0.066033 0.936294
vt 0.064823 0.935814
vt 0.064581 0.936174
vt 0.064460 0.936174
vt 0.064944 0.936535
vt 0.064823 0.936655
vt 0.065307 0.936655
vt 0.064823 0.935694
vt 0.065307 0.935814
vt 0.065428 0.936054
vt 0.065791 0.935814
vt 0.065912 0.936054
vt 0.065912 0.935574
vt 0.064944 0.936655
vt 0.065307 0.935694
vt 0.065428 0.935574
vt 0.064823 0.937015
vt 0.065065 0.937136
vt 0.064702 0.937256
vt 0.065549 0.936775
vt 0.065186 0.936294
vt 0.065307 0.936294
vt 0.449046 0.948311
vt 0.449651 0.948190
vt 0.448563 0.948190
vt 0.450135 0.947950
vt 0.450619 0.947590
vt 0.450619 0.945427
vt 0.447353 0.946508
vt 0.447353 0.946989
vt 0.447595 0.947590
vt 0.448079 0.947950
vt 0.447595 0.945427
vt 0.448563 0.944826
vt 0.447353 0.945907
vt 0.448079 0.945066
vt 0.449046 0.944706
vt 0.449651 0.944826
vt 0.450135 0.945066
vt 0.450861 0.946508
vt 0.450861 0.945907
vt 0.450861 0.946989
vt 0.048300 0.245876
vt 0.048096 0.245876
vt 0.049422 0.246376
vt 0.049014 0.246876
vt 0.146097 0.753237
vt 0.145995 0.753154
vt 0.146199 0.753154
vt 0.146097 0.753154
vt 0.145893 0.753071
vt 0.146199 0.753071
vt 0.145893 0.752321
vt 0.146199 0.752238
vt 0.145893 0.752238
vt 0.146199 0.752155
vt 0.145893 0.752155
vt 0.146097 0.752071
s 1
usemtl ColorVar3_Material
f 4/1/1 1/1/2 2/1/3 5/1/3
f 3/2/4 1/1/2 4/1/1 6/2/5
f 8/2/6 3/2/4 6/2/5 7/2/7
f 2/1/3 8/2/6 7/2/7 5/1/3
f 11/3/8 16/3/9 10/4/10 9/4/11
f 9/4/11 10/4/10 13/5/12 12/4/13
f 12/4/13 13/5/12 15/6/14 14/3/15
f 14/3/15 15/6/14 16/3/9 11/3/8
f 20/7/1 17/7/16 18/7/2 21/7/17
f 19/7/17 17/7/16 20/7/1 22/8/16
f 24/7/16 19/7/17 22/8/16 23/8/16
f 18/7/2 24/7/16 23/8/16 21/7/17
f 28/7/4 25/7/18 26/7/16 29/7/16
f 27/1/1 25/7/18 28/7/4 30/1/2
f 32/1/19 27/1/1 30/1/2 31/1/17
f 26/7/16 32/1/19 31/1/17 29/7/16
f 33/9/20 34/10/21 37/9/22 36/9/23
f 35/11/24 56/12/25 34/10/21 33/9/20
f 36/9/23 37/9/22 40/13/26 38/9/26
f 38/9/26 40/13/26 41/14/27 39/15/28
f 39/15/28 41/14/27 42/16/29 44/15/30
f 44/15/30 42/16/29 43/16/31 45/16/32
f 45/16/32 43/16/31 48/17/33 46/18/34
f 46/18/34 48/17/33 49/17/35 47/19/36
f 47/19/36 49/17/35 50/19/37 52/19/38
f 52/19/38 50/19/37 51/20/39 53/20/40
f 53/20/40 51/20/39 55/20/29 54/20/32
f 54/20/32 55/20/29 56/12/25 35/11/24
f 80/11/41 59/9/42 57/10/43 58/12/44
f 59/9/42 61/9/45 60/9/46 57/10/43
f 61/9/45 63/9/41 62/13/47 60/9/46
f 63/9/41 65/15/48 64/14/49 62/13/47
f 65/15/48 67/15/48 66/16/50 64/14/49
f 67/15/48 69/16/51 68/16/52 66/16/50
f 69/16/51 71/18/53 70/17/50 68/16/52
f 71/18/53 73/19/42 72/17/54 70/17/50
f 73/19/42 75/19/55 74/19/56 72/17/54
f 75/19/55 77/20/57 76/20/58 74/19/56
f 77/20/57 79/20/46 78/20/59 76/20/58
f 78/20/59 79/20/46 80/11/41 58/12/44
f 81/21/60 82/22/60 85/23/61 84/23/62
f 83/24/63 104/25/63 82/22/60 81/21/60
f 84/23/62 85/23/61 88/26/64 86/27/65
f 86/27/65 88/26/64 89/27/66 87/27/67
f 87/27/67 89/27/66 90/28/68 92/29/69
f 92/29/69 90/28/68 91/30/60 93/30/70
f 93/30/70 91/30/60 96/31/71 94/31/72
f 94/31/72 96/31/71 97/31/65 95/31/65
f 95/31/65 97/31/65 98/32/61 100/33/73
f 100/33/73 98/32/61 99/33/74 101/33/75
f 101/33/75 99/33/74 103/24/76 102/34/77
f 102/34/77 103/24/76 104/25/63 83/24/63
f 128/22/78 107/25/78 105/24/79 106/21/80
f 107/25/78 109/24/81 108/34/82 105/24/79
f 109/24/81 111/33/83 110/33/84 108/34/82
f 111/33/83 113/32/85 112/33/86 110/33/84
f 113/32/85 115/31/87 114/31/87 112/33/86
f 115/31/87 117/31/88 116/31/89 114/31/87
f 117/31/88 119/30/79 118/30/65 116/31/89
f 119/30/79 121/28/90 120/29/91 118/30/65
f 121/28/90 123/27/92 122/27/71 120/29/91
f 123/27/92 125/26/91 124/27/91 122/27/71
f 125/26/91 127/23/93 126/23/94 124/27/91
f 126/23/94 127/23/93 128/22/78 106/21/80
f 130/35/13 133/35/95 132/36/96 129/36/97
f 129/36/97 132/36/96 134/36/14 131/36/13
f 131/36/13 134/36/14 135/35/10 136/35/11
f 136/35/11 135/35/10 133/35/95 130/35/13
f 139/36/98 144/36/95 138/36/97 137/36/10
f 137/36/10 138/36/97 141/36/10 140/36/10
f 140/36/10 141/36/10 143/36/13 142/36/13
f 142/36/13 143/36/13 144/36/95 139/36/98
f 145/37/10 146/37/12 149/37/13 148/37/10
f 147/38/10 152/38/12 146/37/12 145/37/10
f 148/37/10 149/37/13 151/38/10 150/38/10
f 150/38/10 151/38/10 152/38/12 147/38/10
f 155/36/10 160/36/10 154/37/11 153/37/99
f 153/37/99 154/37/11 157/39/10 156/39/12
f 156/39/12 157/39/10 159/35/96 158/35/10
f 158/35/10 159/35/96 160/36/10 155/36/10
f 164/40/16 161/40/16 162/40/3 165/40/3
f 163/40/100 161/40/16 164/40/16 166/40/18
f 168/40/100 163/40/100 166/40/18 167/40/100
f 162/40/3 168/40/100 167/40/100 165/40/3
f 172/41/18 169/41/18 170/41/101 173/41/101
f 171/41/102 169/41/18 172/41/18 174/41/102
f 176/41/100 171/41/102 174/41/102 175/41/18
f 170/41/101 176/41/100 175/41/18 173/41/101
f 180/8/4 177/8/4 178/8/2 181/8/16
f 179/8/3 177/8/4 180/8/4 182/8/102
f 184/8/101 179/8/3 182/8/102 183/8/3
f 178/8/2 184/8/101 183/8/3 181/8/16
f 188/41/4 185/41/100 186/41/103 189/41/104
f 187/41/105 185/41/100 188/41/4 190/41/18
f 192/41/3 187/41/105 190/41/18 191/41/106
f 186/41/103 192/41/3 191/41/106 189/41/104
f 195/42/3 203/42/17 194/42/16 193/42/16
f 199/42/107 197/42/108 193/42/16 194/42/16
f 253/43/100 195/42/3 193/42/16 196/43/2
f 197/42/108 198/43/109 196/43/2 193/42/16
f 200/43/16 199/42/107 194/42/16
f 201/43/109 200/43/16 202/43/17 205/43/100
f 202/43/17 200/43/16 194/42/16 203/42/17
f 203/42/17 204/43/101 202/43/17
f 204/43/101 253/43/100 196/43/2 202/43/17
f 202/43/17 196/43/2 207/43/100 206/43/1
f 208/43/2 205/43/100 202/43/17 206/43/1
f 210/43/16 213/43/2 205/43/100 208/43/2
f 209/43/101 210/43/16 208/43/2
f 196/43/2 210/43/16 209/43/101 207/43/100
f 198/43/109 211/43/100 210/43/16 196/43/2
f 211/43/100 252/44/3 212/44/17 210/43/16
f 215/44/1 213/43/2 210/43/16 212/44/17
f 213/43/2 214/43/109 205/43/100
f 216/44/19 215/44/1 212/44/17
f 212/44/17 220/44/1 217/44/17 216/44/19
f 214/43/109 216/44/19 217/44/17 205/43/100
f 218/44/16 217/44/17 221/44/17 222/44/2
f 251/44/16 219/44/16 217/44/17 218/44/16
f 219/44/16 201/43/109 205/43/100 217/44/17
f 221/44/17 217/44/17 220/44/1
f 223/44/19 224/44/17 222/44/2
f 224/44/17 227/44/17 218/44/16 222/44/2
f 252/44/3 225/44/17 224/44/17 212/44/17
f 212/44/17 224/44/17 223/44/19 220/44/1
f 225/44/17 250/45/1 226/45/19 224/44/17
f 224/44/17 226/45/19 228/45/110 227/44/17
f 229/44/1 218/44/16 227/44/17
f 231/45/17 218/44/16 229/44/1 230/45/16
f 228/45/110 226/45/19 230/45/16
f 226/45/19 234/45/109 231/45/17 230/45/16
f 232/45/16 231/45/17 235/45/3 236/45/18
f 249/46/16 233/45/2 231/45/17 232/45/16
f 233/45/2 251/44/16 218/44/16 231/45/17
f 235/45/3 231/45/17 234/45/109
f 238/45/16 232/45/16 236/45/18 237/45/16
f 226/45/19 238/45/16 237/45/16 234/45/109
f 250/45/1 239/46/2 238/45/16 226/45/19
f 246/46/16 240/46/16 238/45/16 239/46/2
f 240/46/16 241/46/2 238/45/16
f 242/46/1 232/45/16 238/45/16 241/46/2
f 241/46/2 243/46/3 242/46/1
f 242/46/1 243/46/3 244/46/16 247/46/111
f 243/46/3 245/46/16 244/46/16
f 245/46/16 240/46/16 246/46/16 244/46/16
f 248/46/112 247/46/111 244/46/16 246/46/16
f 249/46/16 232/45/16 242/46/1 247/46/111
f 239/46/2 248/46/112 246/46/16
f 254/47/95 257/47/12 258/48/113 255/47/113
f 259/47/114 257/47/12 254/47/95 256/47/115
f 257/47/12 260/47/10 261/48/113 258/48/113
f 260/47/10 262/47/10 263/47/10 261/48/113
f 262/47/10 264/47/10 266/47/10 263/47/10
f 266/47/10 264/47/10 265/47/116 268/47/113
f 267/47/11 266/47/10 268/47/113 269/47/13
f 265/47/116 259/47/114 256/47/115 268/47/113
f 271/47/13 267/47/11 269/47/13 270/47/11
f 258/48/113 271/47/13 270/47/11 255/47/113
f 272/49/10 274/49/10 287/49/95 273/49/117
f 275/49/114 276/49/12 274/49/10 272/49/10
f 275/49/114 277/49/10 294/49/10 276/49/12
f 277/49/10 275/49/114 278/49/97 281/49/96
f 280/49/10 278/49/97 279/49/113 282/49/12
f 280/49/10 281/49/96 278/49/97
f 282/49/12 279/49/113 285/49/97 283/49/96
f 283/49/96 285/49/97 273/49/117 284/49/8
f 284/49/8 287/49/95 288/49/99 286/49/96
f 273/49/117 287/49/95 284/49/8
f 286/49/96 288/49/99 289/49/13 290/49/13
f 290/49/13 289/49/13 291/49/10 293/49/113
f 292/49/10 293/49/113 291/49/10
f 292/49/10 291/49/10 276/49/12 294/49/10
f 297/50/118 298/51/118 296/51/118 295/50/118
f 301/52/119 302/53/119 300/54/119 299/55/119
f 305/56/78 306/56/61 304/56/78 303/56/78
f 309/57/10 310/58/10 308/58/10 307/57/10
f 313/59/120 314/59/121 312/59/120 311/59/121
f 317/54/118 318/55/118 316/55/118 315/54/118
f 321/60/119 322/61/119 320/61/119 319/60/119
f 325/51/78 326/51/78 324/51/78 323/51/78
f 329/53/10 330/52/10 328/52/10 327/53/10
f 333/62/120 334/62/121 332/62/120 331/62/122
f 337/63/118 338/64/118 336/64/118 335/63/118
f 341/65/119 342/66/119 340/66/119 339/65/119
f 345/59/78 346/59/78 344/59/78 343/59/78
f 349/67/10 350/59/10 348/58/10 347/57/10
f 353/58/123 354/58/121 352/58/123 351/58/121
f 357/68/118 358/69/118 356/64/118 355/63/118
f 361/65/119 362/66/119 360/70/119 359/71/119
f 365/64/78 366/64/64 364/64/78 363/64/64
f 369/67/10 370/59/10 368/59/10 367/67/10
f 373/64/123 374/64/121 372/69/123 371/69/121
f 377/72/124 378/73/125 376/73/126 375/72/127
f 377/72/124 379/74/128 380/75/129 378/73/125
f 382/76/130 384/77/130 383/78/130 381/79/130
f 386/80/131 388/81/132 387/82/133 385/83/134
f 386/80/131 390/80/135 389/81/136 388/81/132
f 390/80/135 392/80/137 391/81/138 389/81/136
f 394/80/139 393/81/140 391/81/138 392/80/137
f 397/84/141 398/85/142 396/85/143 395/85/144
f 399/86/145 400/87/145 398/85/142 397/84/141
f 401/88/146 403/88/147 402/89/148
f 404/90/149 405/91/149 402/89/148 403/88/147
f 404/90/149 406/90/150 405/91/149
f 405/91/149 407/92/151 408/93/152 402/89/148
f 407/92/151 409/94/146 411/95/152 408/93/152
f 407/92/151 410/92/146 409/94/146
f 411/95/152 412/93/153 408/93/152
f 415/96/154 416/96/155 414/96/156 413/96/156
f 415/96/154 417/97/157 418/97/158 416/96/155
f 417/97/157 419/97/159 420/97/160 418/97/158
f 422/98/161 424/98/162 423/99/163 421/99/161
f 426/100/164 425/101/165 423/99/163 424/98/162
f 426/100/164 428/100/166 427/101/167 425/101/165
f 428/100/166 430/100/168 429/101/169 427/101/167
f 432/102/170 434/102/171 433/102/172 431/102/173
f 436/102/174 438/103/175 437/103/176 435/102/177
f 440/104/178 442/104/179 441/105/180 439/105/180
f 444/106/181 446/107/24 445/108/182 443/109/28
f 448/106/183 447/110/184 446/107/24 444/106/181
f 450/111/184 449/112/184 447/110/184 448/106/183
f 452/111/30 451/113/24 449/112/184 450/111/184
f 454/114/185 453/115/183 451/113/24 452/111/30
f 457/116/186 458/116/187 456/117/188 455/117/189
f 459/118/190 460/119/191 456/117/188 458/116/187
f 463/72/192 464/73/125 462/73/193 461/72/194
f 463/72/192 465/74/128 466/75/195 464/73/125
f 468/76/130 470/77/196 469/78/130 467/79/130
f 472/80/197 474/81/197 473/82/198 471/83/198
f 472/80/197 476/80/199 475/81/136 474/81/197
f 476/80/199 478/80/200 477/81/138 475/81/136
f 480/80/201 479/81/202 477/81/138 478/80/200
f 483/84/141 484/85/142 482/85/203 481/85/204
f 485/86/205 486/87/205 484/85/142 483/84/141
f 487/120/206 489/121/207 498/122/208 488/122/209
f 487/120/206 490/120/210 492/121/211 489/121/207
f 491/120/212 493/121/213 492/121/211 490/120/210
f 489/121/207 492/121/211 494/121/214 495/121/215
f 494/121/214 492/121/211 493/121/213
f 489/121/207 495/121/215 496/122/216 498/122/208
f 499/121/217 498/122/208 496/122/216 497/121/218
f 498/122/208 499/121/217 501/120/219 488/122/209
f 500/121/220 502/120/221 501/120/219 499/121/217
f 499/121/217 497/121/218 506/121/222 500/121/220
f 503/120/223 502/120/221 500/121/220 505/121/224
f 505/121/224 507/121/225 504/120/226 503/120/223
f 506/121/222 505/121/224 500/121/220
f 509/120/227 508/121/228 493/121/213 491/120/212
f 512/123/16 513/124/16 511/125/16 510/123/103
f 514/126/16 515/127/19 511/125/16 513/124/16
f 516/128/229 518/128/230 574/129/231 517/130/232
f 516/128/229 519/128/233 520/128/234 518/128/230
f 521/128/235 522/128/236 520/128/234 519/128/233
f 524/128/237 525/131/238 523/131/239 522/128/236
f 523/131/239 546/131/240 520/128/234 522/128/236
f 526/132/241 527/132/242 523/131/239 525/131/238
f 527/132/242 526/132/241 528/132/243 530/132/244
f 530/132/244 528/132/243 529/132/245 532/133/246
f 532/133/246 533/133/247 531/132/248 530/132/244
f 530/132/244 531/132/248 544/132/249 527/132/242
f 533/133/247 532/133/246 534/133/250 535/133/251
f 532/133/246 529/132/245 536/133/252 534/133/250
f 537/133/253 539/133/254 533/133/247 535/133/251
f 539/133/254 537/133/253 538/134/255 540/135/256
f 540/135/256 542/136/257 541/132/258 539/133/254
f 541/132/258 531/132/248 533/133/247 539/133/254
f 543/132/259 544/132/249 531/132/248 541/132/258
f 545/131/260 546/131/240 544/132/249 543/132/259
f 518/128/230 520/128/234 546/131/240 545/131/260
f 527/132/242 544/132/249 546/131/240 523/131/239
f 547/132/261 542/136/257 540/135/256 550/133/262
f 548/132/263 547/132/261 549/132/264 572/132/265
f 547/132/261 550/133/262 552/133/266 549/132/264
f 550/133/262 540/135/256 538/134/255 551/133/267
f 550/133/262 551/133/267 553/133/268 552/133/266
f 552/133/266 553/133/268 557/133/269 554/133/270
f 554/133/270 555/132/271 549/132/264 552/133/266
f 555/132/271 554/133/270 556/132/272 559/132/273
f 554/133/270 557/133/269 558/133/274 556/132/272
f 561/132/275 555/132/271 559/132/273 560/132/276
f 563/131/277 561/132/275 560/132/276 562/131/278
f 562/131/278 564/128/226 565/128/279 563/131/277
f 567/128/280 565/128/279 566/128/281 569/128/282
f 567/128/280 570/131/283 563/131/277 565/128/279
f 568/128/284 567/128/280 569/128/282 573/128/285
f 568/128/284 571/131/286 570/131/283 567/128/280
f 571/131/286 548/132/263 572/132/265 570/131/283
f 570/131/283 572/132/265 561/132/275 563/131/277
f 572/132/265 549/132/264 555/132/271 561/132/275
f 574/129/231 568/128/284 573/128/285 517/130/232
f 576/137/287 578/137/288 577/137/289 575/137/290
f 580/138/11 579/137/291 578/137/288 576/137/287
f 576/137/287 582/139/292 581/139/293 580/138/11
f 582/139/292 584/139/294 583/139/295 581/139/293
f 584/139/294 586/139/296 585/140/297 583/139/295
f 586/139/296 588/139/298 587/140/299 585/140/297
f 588/139/298 590/141/300 589/142/301 587/140/299
f 592/139/219 591/140/302 589/142/301 590/141/300
f 594/139/303 593/140/304 591/140/302 592/139/219
f 596/139/305 595/139/306 593/140/304 594/139/303
f 598/139/226 597/139/307 595/139/306 596/139/305
f 600/137/278 599/138/19 597/139/307 598/139/226
f 600/137/278 602/137/308 601/137/274 599/138/19
f 600/137/278 604/137/276 603/137/309 602/137/308
f 605/143/310 607/144/311 608/145/312 606/146/313
f 607/144/311 609/144/259 611/145/314 608/145/312
f 609/144/259 610/147/315 613/148/316 611/145/314
f 613/148/316 614/147/317 612/144/318 611/145/314
f 611/145/314 612/144/318 615/144/319 608/145/312
f 608/145/312 615/144/319 616/143/319 606/146/313
f 618/50/312 620/50/312 619/51/312 617/51/312
f 622/52/320 624/55/320 623/54/320 621/53/320
f 626/57/16 628/57/16 627/58/16 625/58/16
f 631/59/321 632/59/321 630/59/321 629/59/322
f 634/54/312 636/54/312 635/55/312 633/55/312
f 638/60/320 640/60/320 639/61/320 637/61/320
f 642/51/61 644/51/61 643/51/61 641/51/62
f 646/53/2 648/53/16 647/52/2 645/52/16
f 650/62/322 652/62/121 651/62/322 649/62/323
f 654/63/312 656/63/312 655/64/312 653/64/312
f 658/65/320 660/65/320 659/66/320 657/66/320
f 662/59/64 664/59/324 663/59/64 661/59/324
f 666/67/17 668/57/17 667/58/17 665/59/17
f 670/58/322 672/58/325 671/58/322 669/58/325
f 674/68/312 676/63/312 675/64/312 673/69/312
f 678/65/320 680/71/320 679/70/320 677/66/320
f 682/64/65 684/64/324 683/64/65 681/64/324
f 686/67/17 688/67/17 687/59/17 685/59/17
f 690/64/322 692/69/322 691/69/322 689/64/322
f 694/73/326 696/73/327 695/72/328 693/72/329
f 698/75/330 697/74/331 695/72/328 696/73/327
f 701/76/332 702/79/332 700/78/332 699/77/332
f 705/82/333 706/81/334 704/80/334 703/83/333
f 707/81/335 708/80/336 704/80/334 706/81/334
f 709/81/337 710/80/338 708/80/336 707/81/335
f 709/81/337 711/81/339 712/80/340 710/80/338
f 713/88/341 715/89/342 714/88/343
f 715/89/342 716/91/344 724/90/344 714/88/343
f 717/93/345 718/92/346 716/91/344 715/89/342
f 719/95/347 721/94/348 718/92/346 717/93/345
f 720/93/343 719/95/347 717/93/345
f 718/92/346 721/94/348 722/92/342
f 724/90/344 716/91/344 723/90/342
f 726/96/349 728/96/350 727/96/351 725/96/349
f 730/97/352 729/97/352 727/96/351 728/96/350
f 733/97/353 734/97/354 732/97/355 731/97/356
f 737/99/357 738/98/358 736/98/359 735/99/360
f 737/99/357 739/101/361 740/100/362 738/98/358
f 741/101/363 742/100/364 740/100/362 739/101/361
f 745/101/365 746/100/366 744/100/367 743/101/368
f 749/102/369 750/102/370 748/102/371 747/102/372
f 753/103/373 754/103/374 752/102/375 751/102/375
f 757/104/376 758/105/372 756/105/372 755/104/376
f 761/111/377 762/113/377 760/115/378 759/114/379
f 763/111/380 764/112/381 762/113/377 761/111/377
f 765/106/380 766/110/382 764/112/381 763/111/380
f 767/106/383 768/107/384 766/110/382 765/106/380
f 769/109/383 770/108/47 768/107/384 767/106/383
f 773/117/385 774/116/386 772/116/387 771/117/359
f 773/117/385 775/119/354 776/118/354 774/116/386
f 778/73/388 780/73/389 779/72/390 777/72/391
f 782/75/392 781/74/393 779/72/390 780/73/389
f 785/76/394 786/79/394 784/78/394 783/77/332
f 789/82/395 790/81/334 788/80/334 787/83/396
f 791/81/335 792/80/397 788/80/334 790/81/334
f 793/81/398 794/80/338 792/80/397 791/81/335
f 793/81/398 795/81/399 796/80/400 794/80/338
f 799/86/401 800/85/402 798/85/403 797/87/404
f 801/84/405 802/85/406 800/85/402 799/86/401
f 805/149/407 806/150/408 804/151/409 803/152/409
f 805/149/407 807/149/410 808/150/411 806/150/408
f 807/149/410 809/153/412 810/154/412 808/150/411
f 811/155/413 812/156/414 810/154/412 809/153/412
f 811/155/413 813/157/415 814/158/416 812/156/414
f 816/159/415 818/160/417 817/161/418 815/162/419
f 820/163/420 819/164/421 817/161/418 818/160/417
f 820/163/420 822/165/422 821/166/423 819/164/421
f 824/167/424 826/168/425 825/169/426 823/170/427
f 828/171/428 827/172/429 825/169/426 826/168/425
f 828/171/428 830/173/430 829/174/431 827/172/429
f 830/173/430 832/175/432 831/176/433 829/174/431
f 834/151/434 836/150/435 835/149/436 833/152/434
f 838/150/437 837/149/438 835/149/436 836/150/435
f 840/154/439 839/153/440 837/149/438 838/150/437
f 840/154/439 842/156/441 841/155/442 839/153/440
f 844/158/422 843/157/443 841/155/442 842/156/441
f 847/161/444 848/160/445 846/159/446 845/162/447
f 847/161/444 849/164/448 850/163/449 848/160/445
f 851/166/415 852/165/450 850/163/449 849/164/448
f 855/169/451 856/168/452 854/167/450 853/170/453
f 855/169/451 857/172/454 858/171/455 856/168/452
f 859/174/456 860/173/457 858/171/455 857/172/454
f 861/176/434 862/175/458 860/173/457 859/174/456
f 865/177/459 866/177/460 864/177/461 863/177/462
f 866/177/460 867/177/463 868/177/464 864/177/461
f 867/177/463 869/177/465 870/177/466 868/177/464
f 872/178/467 874/178/468 873/178/469 871/178/470
f 872/178/467 876/178/471 875/178/472 874/178/468
f 876/178/471 878/179/279 877/179/473 875/178/472
f 878/179/279 880/180/474 879/180/475 877/179/473
f 883/180/476 881/180/477 879/180/475 880/180/474
f 883/180/476 885/180/478 882/180/479 881/180/477
f 883/180/476 884/181/480 886/181/481
f 884/181/480 883/180/476 880/180/474 916/180/482
f 895/181/483 887/181/484 886/181/481 884/181/480
f 889/182/485 888/181/486 886/181/481 887/181/484
f 890/183/487 889/182/485 887/181/484 891/183/488
f 891/183/488 887/181/484 895/181/483 893/183/489
f 896/183/490 892/183/491 891/183/488 893/183/489
f 893/183/489 895/181/483 915/181/492 894/183/493
f 896/183/490 893/183/489 894/183/493 897/183/494
f 898/184/495 897/183/494 894/183/493 899/184/496
f 900/184/497 898/184/495 899/184/496 901/184/216
f 903/184/498 900/184/497 901/184/216 904/184/499
f 900/184/497 903/184/498 902/184/500
f 906/184/501 905/184/502 903/184/498 904/184/499
f 907/185/503 906/184/501 904/184/499 908/185/504
f 908/185/504 904/184/499 901/184/216 910/185/505
f 912/185/506 909/185/507 908/185/504 910/185/505
f 910/185/505 901/184/216 899/184/496 911/185/508
f 912/185/506 910/185/505 911/185/508 913/185/509
f 914/181/510 913/185/509 911/185/508 915/181/492
f 884/181/480 914/181/510 915/181/492 895/181/483
f 917/179/511 916/180/482 880/180/474 878/179/279
f 917/179/511 878/179/279 876/178/471 918/178/512
f 872/178/467 918/178/512 876/178/471
f 920/126/513 922/126/514 921/126/500 919/126/515
f 936/124/516 923/126/517 921/126/500 922/126/514
f 923/126/517 925/126/518 924/126/497 921/126/500
f 926/186/519 925/126/518 923/126/517 927/186/520
f 929/187/521 928/187/522 926/186/519 927/186/520
f 928/187/522 929/187/521 930/187/523
f 934/187/524 931/187/525 930/187/523 929/187/521
f 933/187/526 932/187/527 930/187/523 931/187/525
f 935/186/528 934/187/524 929/187/521 927/186/520
f 936/124/516 935/186/528 927/186/520 923/126/517
f 938/188/529 940/188/530 939/188/531 937/188/532
f 942/188/533 941/188/534 940/188/530 938/188/529
f 944/188/535 943/188/536 941/188/534 942/188/533
f 946/189/537 945/190/538 943/188/536 944/188/535
f 948/189/539 947/190/540 945/190/538 946/189/537
f 950/189/541 949/190/542 947/190/540 948/189/539
f 952/189/543 951/190/544 949/190/542 950/189/541
f 954/191/545 953/191/501 951/190/544 952/189/543
f 957/192/546 958/193/547 956/194/548 955/195/496
f 961/196/549 962/197/550 960/197/551 959/196/552
f 963/196/553 964/197/554 962/197/550 961/196/549
f 965/196/555 966/196/556 964/197/554 963/196/553
f 967/198/113 968/199/557 966/196/556 965/196/555
f 969/198/558 970/199/559 968/199/557 967/198/113
f 971/198/560 972/199/561 970/199/559 969/198/558
f 973/199/562 974/199/563 972/199/561 971/198/560
f 975/200/532 976/201/531 974/199/563 973/199/562
f 979/202/564 980/202/565 978/202/566 977/202/567
f 981/202/568 982/202/569 980/202/565 979/202/564
f 983/202/570 984/202/571 982/202/569 981/202/568
f 985/202/570 986/202/572 984/202/571 983/202/570
f 985/202/570 987/202/119 988/202/571 986/202/572
f 987/202/119 989/202/573 990/202/574 988/202/571
f 989/202/573 991/202/575 992/202/576 990/202/574
f 991/202/575 993/202/577 994/202/578 992/202/576
f 988/202/571 990/202/574 994/202/578 995/203/579
f 994/202/578 990/202/574 992/202/576
f 984/202/571 978/202/566 980/202/565 982/202/569
f 996/204/571 998/205/580 997/204/572
f 998/205/580 999/205/119 1027/205/581 997/204/572
f 1001/205/119 999/205/119 998/205/580 1000/205/119
f 1002/206/582 1005/206/119 999/205/119 1001/205/119
f 1002/206/582 1003/206/119 1008/206/119 1006/206/119
f 1004/206/119 1009/207/119 1003/206/119 1002/206/582
f 1006/206/119 1007/206/119 1005/206/119 1002/206/582
f 1009/207/119 1010/207/119 1011/207/119 1003/206/119
f 1012/207/119 1025/207/119 1011/207/119 1010/207/119
f 1010/207/119 1013/208/119 1016/208/119 1012/207/119
f 1015/208/119 1021/208/119 1014/208/119 1013/208/119
f 1014/208/119 1017/208/119 1016/208/119 1013/208/119
f 1019/208/320 1018/208/320 1016/208/119 1017/208/119
f 1020/208/119 1017/208/119 1014/208/119
f 1021/208/119 1022/208/119 1024/208/119 1014/208/119
f 1021/208/119 1023/208/119 1022/208/119
f 1025/207/119 1012/207/119 1026/207/119
f 1027/205/581 999/205/119 1028/205/119
f 1027/205/581 1029/204/583 1030/204/571 997/204/572
f 1031/209/119 1033/209/119 1032/209/119
f 1033/209/119 1034/209/119 1035/209/119 1032/209/119
f 1037/210/16 1039/210/17 1038/210/1 1036/210/584
f 1039/210/17 1041/210/17 1040/210/19 1038/210/1
f 1043/210/16 1042/210/16 1040/210/19 1041/210/17
f 1045/211/19 1044/211/16 1042/210/16 1043/210/16
f 1048/212/8 1049/212/11 1047/212/585 1046/212/586
f 1050/212/113 1051/212/12 1049/212/11 1048/212/8
f 1050/212/113 1052/212/13 1054/212/11 1051/212/12
f 1052/212/13 1053/213/10 1055/213/10 1054/212/11
f 1057/214/12 1059/214/12 1058/214/10 1056/214/587
f 1062/214/13 1060/214/10 1059/214/12 1057/214/12
f 1063/214/113 1061/214/10 1060/214/10 1062/214/13
f 1063/214/113 1064/214/10 1065/214/113 1061/214/10
f 1067/215/3 1069/215/16 1068/215/6 1066/215/3
f 1069/215/16 1071/215/17 1070/215/16 1068/215/6
f 1071/215/17 1073/215/16 1072/215/16 1070/215/16
f 1075/215/16 1074/215/1 1072/215/16 1073/215/16
f 1078/205/588 1079/205/589 1077/205/590 1076/205/591
f 1079/205/589 1080/205/592 1082/205/593 1077/205/590
f 1080/205/592 1081/205/594 1083/205/595 1082/205/593
f 1081/205/594 1085/206/596 1084/206/597 1083/205/595
f 1085/206/596 1087/206/598 1086/206/599 1084/206/597
f 1087/206/598 1089/206/600 1088/206/601 1086/206/599
f 1091/216/602 1093/216/603 1092/216/604 1090/216/602
f 1093/216/603 1095/216/605 1094/216/606 1092/216/604
f 1095/216/605 1097/216/607 1096/216/608 1094/216/606
f 1099/217/609 1101/217/610 1100/217/611 1098/217/612
f 1101/217/610 1103/217/613 1102/217/614 1100/217/611
f 1103/217/613 1105/217/615 1104/217/616 1102/217/614
f 1107/208/617 1109/208/599 1108/208/618 1106/208/619
f 1109/208/599 1111/208/620 1110/208/621 1108/208/618
f 1111/208/620 1113/208/622 1112/208/623 1110/208/621
f 1113/208/622 1115/207/624 1114/207/625 1112/208/623
f 1115/207/624 1117/207/626 1116/207/627 1114/207/625
f 1117/207/626 1119/207/628 1118/207/629 1116/207/627
f 1121/214/630 1123/214/610 1122/214/611 1120/214/631
f 1123/214/610 1125/214/613 1124/214/632 1122/214/611
f 1125/214/613 1127/214/615 1126/214/616 1124/214/632
f 1129/217/602 1131/217/603 1130/217/633 1128/217/602
f 1131/217/603 1133/217/605 1132/217/606 1130/217/633
f 1133/217/605 1135/217/607 1134/217/634 1132/217/606
f 1137/206/601 1139/206/635 1138/206/598 1136/206/636
f 1139/206/635 1142/206/637 1140/206/638 1138/206/598
f 1142/206/637 1143/205/639 1141/205/594 1140/206/638
f 1143/205/639 1144/205/593 1146/205/640 1141/205/594
f 1144/205/593 1145/205/641 1147/205/589 1146/205/640
f 1145/205/641 1149/205/591 1148/205/642 1147/205/589
f 1151/208/643 1153/208/635 1152/208/598 1150/208/643
f 1153/208/635 1155/208/644 1154/208/621 1152/208/598
f 1155/208/644 1157/208/645 1156/208/623 1154/208/621
f 1157/208/645 1159/207/646 1158/207/625 1156/208/623
f 1159/207/646 1161/207/626 1160/207/647 1158/207/625
f 1161/207/626 1163/207/628 1162/207/648 1160/207/647
f 1166/218/118 1167/219/118 1165/219/118 1164/218/118
f 1169/218/119 1171/219/119 1170/219/119 1168/218/119
f 1173/218/62 1175/220/62 1174/220/62 1172/218/62
f 1175/220/62 1177/220/62 1176/220/62 1174/220/62
f 1180/221/119 1181/221/119 1179/221/119 1178/221/119
f 1183/222/65 1185/222/649 1184/222/63 1182/222/65
f 1185/222/649 1187/222/64 1186/222/64 1184/222/63
f 1189/223/113 1191/224/10 1190/225/13 1188/226/10
f 1191/224/10 1193/227/113 1192/228/113 1190/225/13
f 1195/229/10 1197/230/12 1196/231/11 1194/232/10
f 1197/230/12 1199/233/12 1198/234/12 1196/231/11
f 1201/218/118 1203/219/118 1202/219/118 1200/218/118
f 1205/218/323 1207/218/650 1206/218/325 1204/218/323
f 1207/218/650 1209/218/123 1208/218/123 1206/218/325
f 1211/218/325 1213/218/323 1212/218/120 1210/218/322
f 1213/218/323 1215/218/120 1214/218/120 1212/218/120
f 1216/131/651 1218/131/652 1219/182/653 1217/182/654
f 1242/182/655 1219/182/653 1218/131/652 1220/131/656
f 1220/131/656 1218/131/652 1221/131/657
f 1221/131/657 1222/131/658 1223/131/659 1220/131/656
f 1224/235/660 1225/235/661 1223/131/659 1222/131/658
f 1224/235/660 1226/235/662 1225/235/661
f 1228/236/663 1226/235/662 1227/235/664 1230/236/665
f 1231/236/666 1225/235/661 1226/235/662 1228/236/663
f 1228/236/663 1230/236/665 1238/236/667 1229/236/668
f 1229/236/668 1233/236/669 1231/236/666 1228/236/663
f 1225/235/661 1231/236/666 1232/182/670 1223/131/659
f 1233/236/669 1234/182/671 1232/182/670 1231/236/666
f 1234/182/671 1233/236/669 1235/236/672 1236/182/673
f 1229/236/668 1237/236/674 1235/236/672 1233/236/669
f 1237/236/674 1229/236/668 1238/236/667
f 1234/182/671 1236/182/673 1239/182/675 1241/182/676
f 1243/182/677 1241/182/676 1239/182/675 1240/182/678
f 1232/182/670 1234/182/671 1241/182/676 1242/182/655
f 1219/182/653 1242/182/655 1241/182/676 1243/182/677
f 1219/182/653 1243/182/677 1244/182/679 1217/182/654
f 1244/182/679 1243/182/677 1240/182/678
f 1220/131/656 1223/131/659 1232/182/670 1242/182/655
f 1247/237/312 1248/237/312 1246/237/312 1245/237/312
f 1251/237/680 1252/237/680 1250/237/680 1249/237/680
f 1255/238/324 1256/238/681 1254/238/324 1253/238/649
f 1256/238/681 1257/238/64 1258/238/65 1254/238/324
f 1260/239/113 1262/240/12 1261/241/113 1259/242/113
f 1264/243/113 1263/244/113 1262/240/12 1260/239/113
f 1267/245/10 1268/240/10 1266/244/10 1265/246/10
f 1269/247/10 1270/241/10 1268/240/10 1267/245/10
f 1273/248/118 1274/248/118 1272/248/118 1271/248/118
f 1277/249/682 1278/249/65 1276/249/78 1275/249/682
f 1278/249/65 1279/249/85 1280/249/85 1276/249/78
f 1282/248/120 1284/248/683 1283/248/325 1281/248/123
f 1284/248/683 1286/248/120 1285/248/650 1283/248/325
f 1288/250/118 1290/251/118 1289/251/118 1287/250/118
f 1292/252/118 1294/252/118 1293/252/118 1291/252/118
f 1296/253/322 1298/253/323 1297/253/322 1295/253/322
f 1300/254/684 1302/254/118 1301/254/118 1299/254/118
f 1304/251/123 1306/251/123 1305/251/120 1303/251/123
f 1308/255/118 1310/256/118 1309/256/118 1307/255/118
f 1312/257/684 1314/257/118 1313/257/118 1311/257/684
f 1316/258/323 1318/258/323 1317/258/323 1315/258/323
f 1320/259/119 1322/259/119 1321/259/119 1319/259/119
f 1324/258/118 1326/258/118 1325/258/118 1323/258/118
f 1328/258/65 1330/258/685 1329/258/64 1327/258/65
f 1332/260/649 1334/260/649 1333/260/649 1331/260/649
f 1336/254/119 1338/254/119 1337/254/119 1335/254/119
f 1340/261/570 1342/261/686 1341/261/570 1339/261/570
f 1344/252/687 1346/252/688 1345/252/689 1343/252/690
f 1348/253/118 1350/253/118 1349/253/118 1347/253/118
f 1352/262/325 1354/262/325 1353/262/325 1351/262/325
f 1356/254/119 1358/263/119 1357/263/119 1355/254/119
f 1360/252/325 1362/252/323 1361/252/120 1359/252/325
f 1364/264/570 1366/264/680 1365/264/570 1363/264/570
f 1368/265/686 1370/265/570 1369/265/686 1367/265/570
f 1372/266/118 1374/266/118 1373/266/118 1371/266/118
f 1376/267/323 1378/267/650 1377/267/323 1375/267/650
f 1380/268/312 1382/268/312 1381/268/118 1379/268/312
f 1384/266/122 1386/266/325 1385/266/683 1383/266/691
f 1388/267/118 1390/267/118 1389/267/118 1387/267/118
f 1392/269/312 1394/269/312 1393/269/312 1391/269/312
f 1396/270/570 1398/266/570 1397/266/686 1395/270/570
f 1400/271/649 1402/271/685 1401/271/61 1399/271/649
f 1404/272/323 1406/272/323 1405/272/323 1403/272/323
f 1408/273/64 1410/273/63 1409/273/63 1407/273/649
f 1412/271/682 1414/271/64 1413/271/64 1411/271/682
f 1416/274/692 1418/274/693 1417/274/692 1415/274/692
f 1420/272/118 1422/272/118 1421/272/118 1419/272/118
f 1424/275/65 1426/275/64 1425/275/685 1423/275/65
f 1428/276/118 1430/277/118 1429/277/118 1427/276/118
f 1432/274/684 1434/274/684 1433/274/118 1431/274/684
f 1436/278/122 1438/278/322 1437/278/650 1435/278/122
f 1440/274/119 1442/274/119 1441/274/119 1439/274/119
f 1444/271/61 1446/271/61 1445/271/61 1443/271/61
f 1448/276/119 1450/276/119 1449/276/119 1447/276/119
f 1452/278/570 1454/278/570 1453/278/570 1451/278/570
f 1456/279/65 1458/279/65 1457/279/65 1455/279/65
f 1460/280/119 1462/280/119 1461/280/119 1459/280/119
f 1464/272/119 1466/272/119 1465/272/119 1463/272/119
f 1468/281/10 1470/281/12 1469/281/13 1467/281/10
f 1470/281/12 1472/281/113 1471/281/10 1469/281/13
f 1472/281/113 1470/281/12 1473/281/694
f 1470/281/12 1475/281/12 1474/281/10 1473/281/694
f 1474/281/10 1475/281/12 1476/281/10
f 1475/281/12 1478/281/13 1477/281/10 1476/281/10
f 1480/281/10 1479/281/95 1478/281/13 1475/281/12
f 1481/282/695 1480/281/10 1482/282/10
f 1475/281/12 1483/282/13 1482/282/10 1480/281/10
f 1484/281/312 1486/282/696 1485/282/312
f 1488/283/697 1490/284/697 1489/285/697 1487/286/698
f 1492/287/119 1494/287/119 1493/287/119 1491/287/119
f 1496/288/118 1498/288/118 1497/288/118 1495/288/118
f 1500/289/17 1502/289/18 1501/289/6 1499/289/102
f 1504/290/118 1506/290/118 1505/290/118 1503/290/118
f 1508/291/699 1510/291/700 1509/292/701 1507/292/702
f 1512/291/703 1511/291/704 1510/291/700 1508/291/699
f 1514/292/705 1513/292/705 1511/291/704 1512/291/703
f 1517/293/706 1518/293/706 1516/294/707 1515/294/707
f 1521/295/307 1522/295/708 1520/295/2 1519/295/709
f 1523/296/710 1525/296/710 1524/296/711
f 1526/296/712 1527/296/713 1524/296/711 1525/296/710
f 1528/297/714 1529/296/715 1524/296/711 1527/296/713
f 1530/298/716 1531/296/717 1529/296/715 1528/297/714
f 1530/298/716 1532/299/718 1615/300/719 1531/296/717
f 1530/298/720 1534/298/721 1606/298/722 1533/298/723
f 1530/298/720 1535/298/724 1536/298/725 1534/298/721
f 1536/298/725 1537/298/726 1607/298/727 1534/298/721
f 1536/298/725 1538/298/728 1539/298/729 1537/298/726
f 1540/298/730 1539/298/729 1541/298/731
f 1540/298/730 1546/298/732 1537/298/726 1539/298/729
f 1541/298/731 1542/298/733 1543/298/734 1540/298/730
f 1544/301/735 1547/301/736 1545/298/737 1543/298/734
f 1540/298/730 1543/298/734 1545/298/737 1546/298/732
f 1546/298/732 1545/298/737 1548/298/738 1550/298/739
f 1551/301/684 1548/298/738 1545/298/737 1547/301/736
f 1551/301/684 1552/301/740 1549/298/741 1548/298/738
f 1548/298/738 1549/298/741 1604/298/742 1550/298/739
f 1555/302/740 1552/301/740 1551/301/684 1553/302/118
f 1547/301/736 1554/302/736 1553/302/118 1551/301/684
f 1554/302/736 1558/302/743 1556/302/547 1553/302/118
f 1555/302/740 1553/302/118 1556/302/547 1559/302/744
f 1557/302/745 1556/302/547 1558/302/743 1612/302/746
f 1557/302/745 1560/302/747 1559/302/744 1556/302/547
f 1561/303/748 1563/302/749 1555/302/740 1559/302/744
f 1562/302/750 1561/303/748 1559/302/744 1560/302/747
f 1563/302/749 1561/303/748 1564/303/751 1572/303/752
f 1565/303/753 1566/303/754 1564/303/751 1561/303/748
f 1566/303/754 1567/303/755 1569/303/756 1564/303/751
f 1567/303/755 1568/303/757 1570/303/758 1569/303/756
f 1569/303/756 1571/303/759 1572/303/752 1564/303/751
f 1573/303/17 1571/303/759 1569/303/756 1570/303/758
f 1571/303/759 1574/304/760 1579/304/761 1572/303/752
f 1573/303/17 1575/305/19 1574/304/760 1571/303/759
f 1610/306/110 1576/306/100 1574/304/760 1575/305/19
f 1609/304/17 1577/304/19 1574/304/760 1576/306/100
f 1596/307/762 1578/307/763 1574/304/760 1577/304/19
f 1574/304/760 1578/307/763 1581/307/764 1579/304/761
f 1572/303/752 1579/304/761 1580/301/765 1563/302/749
f 1579/304/761 1581/307/764 1582/307/766 1580/301/765
f 1578/307/763 1584/307/767 1583/307/768 1581/307/764
f 1584/307/767 1586/307/769 1585/307/770 1583/307/768
f 1589/307/771 1588/307/772 1586/307/769 1587/307/773
f 1584/307/767 1593/307/774 1587/307/773 1586/307/769
f 1591/308/775 1592/308/776 1590/308/777 1589/307/718
f 1598/289/778 1595/309/773 1593/307/774 1594/289/779
f 1596/307/762 1597/289/780 1594/289/779 1593/307/774
f 1578/307/763 1596/307/762 1593/307/774 1584/307/767
f 1552/301/740 1580/301/765 1599/298/781 1549/298/741
f 1563/302/749 1580/301/765 1552/301/740 1555/302/740
f 1602/298/782 1601/298/783 1599/298/781 1600/298/784
f 1601/298/783 1604/298/742 1549/298/741 1599/298/781
f 1601/298/783 1602/298/782 1603/298/785
f 1601/298/783 1603/298/785 1605/298/786 1604/298/742
f 1605/298/786 1607/298/727 1550/298/739 1604/298/742
f 1607/298/727 1605/298/786 1606/298/722 1534/298/721
f 1606/298/722 1605/298/786 1603/298/785 1608/298/787
f 1537/298/726 1546/298/732 1550/298/739 1607/298/727
f 1611/302/788 1558/302/743 1554/302/736 1614/302/789
f 1613/302/790 1612/302/746 1558/302/743 1611/302/788
f 1614/302/789 1554/302/736 1547/301/736 1544/301/735
f 1532/299/718 1616/300/791 1618/300/792 1615/300/719
f 1617/300/793 1619/300/794 1618/300/792 1616/300/791
f 1619/300/794 1620/296/795 1618/300/792
f 1622/296/796 1621/296/797 1618/300/792 1620/296/795
f 1622/296/796 1623/296/710 1524/296/798 1621/296/797
f 1625/310/9 1628/310/799 1626/310/800 1624/310/801
f 1629/310/802 1627/310/803 1626/310/800 1628/310/799
f 1630/310/804 1631/310/805 1627/310/803 1629/310/802
f 1632/310/806 1633/310/807 1631/310/805 1630/310/804
f 1636/254/808 1637/254/323 1635/254/323 1634/254/325
f 1640/259/809 1641/259/809 1639/259/809 1638/259/809
f 1644/311/570 1645/311/570 1643/311/570 1642/311/570
f 1648/312/10 1649/313/113 1647/314/113 1646/315/113
f 1652/311/810 1653/311/810 1651/311/810 1650/311/810
f 1656/259/811 1657/259/811 1655/259/811 1654/259/811
f 1660/264/680 1661/316/570 1659/316/680 1658/264/570
f 1664/253/85 1665/253/62 1663/253/62 1662/253/85
f 1668/256/812 1669/256/813 1667/256/685 1666/256/812
f 1672/257/325 1673/257/691 1671/257/122 1670/257/325
f 1676/317/113 1677/318/113 1675/319/10 1674/320/113
f 1680/321/113 1681/322/10 1679/323/113 1678/324/113
f 1684/325/119 1685/325/119 1683/325/119 1682/325/119
f 1688/252/62 1689/252/62 1687/252/62 1686/252/64
f 1692/326/119 1693/254/119 1691/254/119 1690/326/119
f 1696/327/118 1697/262/118 1695/262/118 1694/327/118
f 1700/260/61 1701/260/61 1699/260/61 1698/260/61
f 1703/256/323 1705/256/325 1704/256/325 1702/256/120
f 1708/328/118 1709/326/118 1707/326/118 1706/328/118
f 1712/329/570 1713/329/680 1711/329/570 1710/329/570
f 1716/330/13 1717/331/10 1715/332/13 1714/333/113
f 1720/334/10 1721/335/113 1719/336/113 1718/337/113
f 1724/328/120 1725/328/120 1723/328/120 1722/328/120
f 1728/338/95 1784/338/95 1727/338/10 1726/338/11
f 1727/338/10 1732/339/10 1730/339/113 1726/338/11
f 1729/339/12 1726/338/11 1730/339/113
f 1729/339/12 1730/339/113 1731/339/12 1785/339/13
f 1735/339/113 1731/339/12 1730/339/113 1734/339/10
f 1730/339/113 1732/339/10 1749/339/96 1733/339/97
f 1736/339/96 1734/339/10 1730/339/113 1733/339/97
f 1737/339/96 1736/339/96 1738/339/97
f 1733/339/97 1741/339/14 1738/339/97 1736/339/96
f 1737/339/96 1738/339/97 1731/339/12 1735/339/113
f 1738/339/97 1739/339/14 1781/339/96 1731/339/12
f 1740/340/10 1780/340/10 1739/339/14 1738/339/97
f 1738/339/97 1741/339/14 1743/340/95 1740/340/10
f 1741/339/14 1733/339/97 1742/339/12
f 1744/340/95 1740/340/10 1743/340/95
f 1745/340/8 1744/340/95 1742/339/12 1733/339/97
f 1740/340/10 1744/340/95 1745/340/8 1746/340/13
f 1746/340/13 1745/340/8 1747/340/10
f 1745/340/8 1748/340/694 1750/340/12 1747/340/10
f 1733/339/97 1749/339/96 1748/340/694 1745/340/8
f 1740/340/10 1746/340/13 1751/340/12 1753/340/10
f 1753/340/10 1751/340/12 1752/341/10 1755/341/12
f 1753/340/10 1754/340/96 1780/340/10 1740/340/10
f 1755/341/12 1756/341/8 1754/340/96 1753/340/10
f 1757/341/12 1776/341/97 1756/341/8 1755/341/12
f 1755/341/12 1758/341/96 1769/341/95 1757/341/12
f 1755/341/12 1759/341/10 1761/341/10 1758/341/96
f 1759/341/10 1755/341/12 1752/341/10
f 1761/341/10 1759/341/10 1760/341/10 1763/341/10
f 1758/341/96 1761/341/10 1762/341/10
f 1764/341/11 1768/341/10 1762/341/10 1761/341/10
f 1761/341/10 1763/341/10 1767/341/814 1764/341/11
f 1765/341/96 1766/341/10 1764/341/11
f 1764/341/11 1767/341/814 1770/342/113 1765/341/96
f 1757/341/12 1768/341/10 1764/341/11 1766/341/10
f 1768/341/10 1757/341/12 1769/341/95
f 1771/342/12 1765/341/96 1770/342/113
f 1771/342/12 1770/342/113 1772/342/10 1774/342/10
f 1773/342/10 1777/342/815 1775/342/12 1772/342/10
f 1766/341/10 1774/342/10 1772/342/10 1757/341/12
f 1772/342/10 1775/342/12 1776/341/97 1757/341/12
f 1779/342/13 1778/342/816 1777/342/815 1773/342/10
f 1731/339/12 1781/339/96 1782/338/817 1784/338/95
f 1784/338/95 1782/338/817 1783/338/818 1727/338/10
f 1785/339/13 1731/339/12 1784/338/95 1728/338/95
f 1732/339/10 1727/338/10 1783/338/818
f 1788/343/819 1789/343/820 1787/343/12 1786/343/695
f 1788/343/819 1790/343/821 1792/343/822 1789/343/820
f 1791/343/823 1793/343/824 1792/343/822 1790/343/821
f 1796/344/119 1797/344/119 1795/344/119 1794/344/119
f 1800/345/825 1801/345/826 1799/345/827 1798/345/828
f 1802/346/829 1804/346/830 1803/346/831
f 1804/346/830 1805/346/832 1806/346/833 1803/346/831
f 1807/347/10 1808/347/10 1809/347/13
f 1826/347/10 1810/347/10 1809/347/13 1808/347/10
f 1810/347/10 1812/347/10 1811/347/10 1809/347/13
f 1810/347/10 1814/347/95 1813/347/10 1812/347/10
f 1816/347/95 1815/347/113 1814/347/95 1810/347/10
f 1816/347/95 1818/348/10 1817/347/13 1815/347/113
f 1818/348/10 1820/347/113 1819/347/113 1817/347/13
f 1818/348/10 1822/348/13 1821/347/10 1820/347/113
f 1824/348/10 1823/348/834 1822/348/13 1818/348/10
f 1818/348/10 1825/348/818 1824/348/10
f 1828/349/835 1830/182/714 1829/349/836 1827/349/837
f 1830/182/838 1832/182/839 1833/182/840 1831/182/841
f 1832/182/839 1834/182/842 1838/182/843 1833/182/840
f 1834/182/842 1835/182/844 1839/182/845 1838/182/843
f 1835/182/844 1834/182/842 1836/350/846 1866/350/847
f 1834/182/842 1837/132/848 1865/350/849 1836/350/846
f 1838/182/843 1840/303/850 1842/303/851 1833/182/840
f 1839/182/845 1841/303/852 1840/303/850 1838/182/843
f 1843/303/853 1845/303/854 1844/303/855 1841/303/852
f 1839/182/845 1858/182/856 1843/303/853 1841/303/852
f 1847/304/857 1846/304/858 1845/303/854 1843/303/853
f 1849/307/859 1848/307/860 1846/304/858 1847/304/857
f 1849/307/859 1851/307/861 1850/307/862 1848/307/860
f 1852/351/863 1851/307/861 1849/307/859 1854/351/864
f 1855/351/865 1853/351/866 1852/351/863 1854/351/864
f 1847/304/857 1856/309/867 1854/351/864 1849/307/859
f 1857/309/113 1855/351/865 1854/351/864 1856/309/867
f 1857/309/113 1856/309/867 1858/182/856 1862/309/117
f 1847/304/857 1843/303/853 1858/182/856 1856/309/867
f 1835/182/844 1859/182/12 1858/182/856 1839/182/845
f 1864/236/10 1860/236/10 1858/182/856 1859/182/12
f 1860/236/10 1861/352/868 1858/182/856
f 1863/352/95 1862/309/117 1858/182/856 1861/352/868
f 1868/353/869 1870/353/870 1869/353/871 1867/353/872
f 1870/353/870 1872/353/873 1871/353/874 1869/353/871
f 1872/353/873 1874/353/875 1873/353/876 1871/353/874
f 1874/353/875 1876/353/877 1875/353/878 1873/353/876
f 1878/354/879 1880/354/880 1879/354/98 1877/354/881
f 1882/355/882 1884/355/883 1883/355/884 1881/355/885
f 1886/355/886 1885/355/886 1884/355/883 1882/355/882
f 1888/355/886 1887/355/886 1885/355/886 1886/355/886
f 1888/355/886 1890/355/886 1889/355/887 1887/355/886
f 1890/355/886 1893/355/888 1891/355/889 1889/355/887
f 1893/355/888 1894/355/890 1892/355/891 1891/355/889
f 1896/356/892 1898/356/893 1897/356/894 1895/356/895
f 1900/357/896 1902/357/120 1901/357/897 1899/357/898
f 1904/357/899 1903/357/900 1901/357/897 1902/357/120
f 1908/358/123 1905/358/901 1903/357/900 1904/357/899
f 1907/358/902 1906/358/903 1903/357/900 1905/358/901
f 1911/359/10 1912/360/10 1910/360/10 1909/359/13
f 1915/361/119 1916/361/119 1914/361/119 1913/361/119
f 1919/209/118 1920/362/118 1918/362/118 1917/209/118
f 1923/363/118 1924/363/118 1922/363/118 1921/363/118
f 1927/364/701 1928/364/701 1926/364/904 1925/364/701
f 1928/364/701 1929/364/704 1930/364/703 1926/364/904
f 1929/364/704 1931/364/701 1932/364/702 1930/364/703
f 1934/365/16 1936/365/905 1935/365/905 1933/365/16
f 1938/366/904 1940/367/904 1939/368/701 1937/369/904
f 1942/370/904 1941/371/701 1939/368/701 1940/367/904
f 1945/372/906 1946/372/907 1944/372/908 1943/372/909
f 1946/372/907 1947/372/910 1948/372/911 1944/372/908
f 1947/372/910 1949/373/912 1950/373/913 1948/372/911
f 1949/373/912 1951/374/914 1952/374/915 1950/373/913
f 1954/375/916 1956/375/917 1955/375/918 1953/375/919
f 1956/375/917 1958/375/920 1957/375/921 1955/375/918
f 1958/375/920 1960/376/922 1959/376/923 1957/375/921
f 1960/376/922 1962/376/585 1961/376/924 1959/376/923
f 1964/355/925 1966/355/926 1965/355/927 1963/355/928
f 1967/355/929 1968/355/930 1965/355/931
f 1970/355/932 1971/355/933 1969/355/934 1968/355/930
f 1972/355/935 1973/355/936 1971/355/933 1970/355/932
f 1971/355/933 1974/355/120 1969/355/934
f 1975/355/937 1976/355/937 1977/355/85
f 1976/355/61 1979/355/61 1978/355/61
f 1981/355/938 1983/355/796 1982/355/939 1980/355/123
f 1983/355/796 1985/377/120 1984/355/323 1982/355/939
f 1988/377/940 1986/377/459 1985/377/120 1983/355/796
f 1986/377/459 1988/377/940 1987/377/938
f 1988/377/940 1989/377/941 1993/377/123 1987/377/938
f 1988/377/940 1990/377/942 1991/377/795 1989/377/941
f 1991/377/795 1990/377/942 1992/377/943
f 1987/377/938 1993/377/123 1994/377/123
f 1997/378/944 1998/378/945 1996/378/946 1995/378/947
f 1997/378/944 1999/378/948 2000/378/949 1998/378/945
f 1999/378/948 2001/378/950 2002/378/951 2000/378/949
f 2001/378/950 2003/378/543 2004/378/952 2002/378/951
f 2006/379/953 2008/380/954 2007/380/120 2005/379/953
f 2010/380/930 2009/380/930 2007/380/120 2008/380/954
f 2013/381/119 2014/381/119 2012/381/119 2011/381/119
f 2017/267/570 2018/267/810 2016/267/570 2015/267/570
f 2021/273/955 2022/273/956 2020/273/957 2019/273/955
f 2025/382/16 2026/383/19 2024/383/16 2023/384/16
f 2029/385/649 2030/385/958 2028/385/85 2027/385/649
f 2033/386/959 2034/387/960 2032/388/961 2031/389/962
f 2035/386/963 2036/390/964 2034/387/960 2033/386/959
f 2035/386/963 2037/391/685 2038/392/965 2036/390/964
f 2039/393/966 2040/394/967 2038/392/965 2037/391/685
f 2039/393/966 2041/395/968 2042/396/969 2040/394/967
f 2041/395/968 2043/395/970 2044/397/971 2042/396/969
f 2046/398/972 2048/399/973 2047/399/865 2045/398/974
f 2047/399/865 2048/399/973 2049/399/866
f 2048/399/973 2051/400/960 2050/400/975 2049/399/866
f 2051/400/960 2053/400/976 2052/400/977 2050/400/975
f 2056/400/61 2054/400/658 2052/400/977 2053/400/976
f 2056/400/61 2057/401/967 2055/401/978 2054/400/658
f 2058/401/979 2059/401/980 2055/401/978 2057/401/967
f 2060/402/981 2061/402/982 2059/401/980 2058/401/979
f 2061/402/982 2060/402/981 2062/402/758
f 2063/403/983 2064/403/111 2062/402/758 2060/402/981
f 2067/269/123 2068/269/984 2066/269/984 2065/269/984
f 2071/275/61 2072/404/812 2070/404/812 2069/275/61
f 2075/405/19 2076/406/19 2074/407/19 2073/408/19
f 2079/277/119 2080/276/119 2078/276/119 2077/277/119
f 2083/409/119 2084/410/119 2082/410/119 2081/409/119
f 2087/276/118 2088/276/118 2086/276/118 2085/276/118
f 2091/411/808 2092/411/323 2090/411/323 2089/411/808
f 2095/412/118 2096/272/118 2094/272/684 2093/412/118
f 2099/411/118 2100/413/118 2098/413/118 2097/411/118
f 2103/272/808 2104/272/323 2102/272/323 2101/272/808
f 2107/414/16 2108/415/16 2106/416/16 2105/417/16
f 2111/418/16 2112/419/16 2110/420/16 2109/421/16
f 2115/404/680 2116/404/680 2114/404/680 2113/404/680
f 2118/271/62 2120/271/985 2119/271/985 2117/271/65
f 2123/271/65 2124/271/65 2122/271/65 2121/271/65
f 2127/404/813 2128/404/813 2126/404/813 2125/404/813
f 2131/274/119 2132/274/119 2130/274/119 2129/274/119
f 2135/278/118 2136/278/118 2134/278/118 2133/278/118
f 2139/422/118 2140/422/118 2138/422/118 2137/422/118
f 2143/279/986 2144/279/987 2142/279/988 2141/279/986
f 2147/423/64 2148/423/64 2146/423/64 2145/423/65
f 2151/411/118 2152/413/118 2150/413/118 2149/411/118
f 2155/424/2 2156/425/2 2154/426/2 2153/427/16
f 2159/428/16 2160/429/19 2158/430/1 2157/431/16
f 2163/432/16 2164/433/19 2162/434/16 2161/435/16
f 2167/422/120 2168/422/120 2166/422/120 2165/422/120
f 2171/279/811 2172/279/811 2170/279/989 2169/279/989
f 2175/436/680 2176/269/680 2174/269/680 2173/436/680
f 2179/437/990 2180/437/991 2178/437/992 2177/437/993
f 2180/437/991 2179/437/990 2181/437/994
f 2179/437/990 2182/437/995 2187/437/996 2181/437/994
f 2183/282/997 2188/282/998 2186/437/996 2182/437/995
f 2182/437/995 2185/437/61 2192/437/999 2184/437/61
f 2187/437/996 2182/437/995 2184/437/61
f 2185/437/61 2182/437/995 2186/437/996
f 2188/282/998 2183/282/997 2189/282/1000
f 2183/282/997 2191/282/1001 2190/282/1002 2189/282/1000
f 2194/438/17 2196/438/2 2195/438/19 2193/438/17
f 2196/438/2 2198/438/19 2197/438/19 2195/438/19
f 2198/438/19 2196/438/2 2199/438/16
f 2201/439/19 2200/438/16 2199/438/16 2196/438/2
f 2200/438/16 2201/439/19 2202/438/19
f 2201/439/19 2204/438/110 2203/438/16 2202/438/19
f 2206/439/19 2205/438/1003 2204/438/110 2201/439/19
f 2208/439/111 2207/439/1004 2206/439/19 2201/439/19
f 2210/439/1005 2209/439/1006 2207/439/1004 2208/439/111
f 2210/439/1005 2212/439/1007 2211/439/1008 2209/439/1006
f 2214/440/320 2216/441/320 2215/441/320 2213/440/119
f 2218/442/118 2220/442/118 2219/442/312 2217/442/118
f 2222/442/118 2221/442/118 2220/442/118 2218/442/118
f 2224/442/118 2223/442/118 2221/442/118 2222/442/118
f 2226/442/118 2225/442/118 2223/442/118 2224/442/118
f 2226/442/118 2228/443/118 2227/443/118 2225/442/118
f 2228/443/118 2230/443/118 2229/443/118 2227/443/118
f 2230/443/118 2232/443/118 2231/443/118 2229/443/118
f 2232/443/118 2234/443/118 2233/443/118 2231/443/118
f 2236/345/1009 2238/345/1010 2237/345/1011 2235/345/1012
f 2239/444/1013 2240/444/1014 2241/444/1015
f 2243/444/1016 2242/444/1017 2241/444/1015 2240/444/1014
f 2246/445/1018 2247/445/1019 2245/445/964 2244/445/1020
f 2248/445/649 2249/445/965 2245/445/964 2247/445/1019
f 2249/445/965 2250/445/685 2252/445/62 2245/445/964
f 2251/445/65 2253/446/1021 2252/445/62 2250/445/685
f 2257/446/61 2254/446/1022 2253/446/1021 2251/445/65
f 2256/446/1023 2255/446/1024 2253/446/1021 2254/446/1022
f 2260/447/1025 2261/447/1026 2259/447/1027 2258/447/1028
f 2262/447/1029 2263/447/1030 2261/447/1026 2260/447/1025
f 2264/447/1031 2265/447/1032 2263/447/1030 2262/447/1029
f 2266/447/119 2267/447/570 2265/447/1032 2264/447/1031
f 2268/447/570 2269/447/119 2267/447/570 2266/447/119
f 2268/447/570 2270/447/570 2272/447/119 2269/447/119
f 2270/447/570 2271/448/1033 2273/448/1034 2272/447/119
f 2271/448/1033 2275/448/1035 2274/448/1036 2273/448/1034
f 2275/448/1035 2277/448/1037 2276/448/1038 2274/448/1036
f 2277/448/1037 2279/448/1039 2278/448/1040 2276/448/1038
f 2280/449/119 2281/449/1041 2282/450/119
f 2285/450/19 2286/451/19 2284/449/17 2283/450/16
f 2287/451/17 2288/451/16 2284/449/17 2286/451/19
f 2289/451/19 2290/451/16 2284/449/17 2288/451/16
f 2290/451/16 2291/451/19 2292/451/16 2284/449/17
f 2293/451/16 2294/451/16 2292/451/16 2291/451/19
f 2295/451/16 2296/451/16 2294/451/16 2293/451/16
f 2297/451/19 2298/451/19 2294/451/16 2296/451/16
f 2298/451/19 2299/452/1042 2300/452/111 2294/451/16
f 2301/452/107 2294/451/16 2300/452/111
f 2302/453/1043 2304/453/1044 2303/453/1045
f 2305/453/824 2306/453/1046 2303/453/1045 2304/453/1044
f 2307/453/1047 2308/453/1048 2306/453/1046 2305/453/824
f 2309/454/1049 2310/454/1050 2308/453/1048 2307/453/1047
f 2309/454/1049 2311/454/1051 2310/454/1050
f 2311/454/1051 2312/454/90 2313/454/1052 2310/454/1050
f 2314/454/1053 2315/454/1054 2313/454/1052 2312/454/90
f 2314/454/1053 2316/454/80 2317/454/1055 2315/454/1054
f 2318/454/1056 2319/454/1057 2317/454/1055 2316/454/80
f 2318/454/1056 2320/454/1058 2319/454/1057
f 2320/454/1058 2321/454/1059 2322/454/1060 2319/454/1057
f 2321/454/1059 2323/454/1061 2324/454/1062 2322/454/1060
f 2323/454/1061 2325/454/1063 2326/454/1064 2324/454/1062
f 2326/454/1064 2325/454/1063 2327/454/1065
f 2330/455/1066 2331/456/1067 2329/456/1068 2328/455/1069
f 2331/456/1067 2332/456/1070 2333/456/1071 2329/456/1068
f 2332/456/1070 2334/457/1072 2336/457/1073 2333/456/1071
f 2334/457/1072 2335/457/1074 2337/457/1075 2336/457/1073
f 2339/458/1076 2341/458/1077 2340/458/1078 2338/458/1079
f 2341/458/1077 2343/458/952 2342/458/1080 2340/458/1078
f 2343/458/952 2345/458/1081 2344/458/1082 2342/458/1080
f 2347/459/1083 2349/460/1084 2348/461/1085 2346/461/1085
f 2347/459/1083 2371/462/1086 2351/462/1087 2349/460/1084
f 2350/460/1083 2354/460/1088 2349/460/1089
f 2352/463/118 2353/463/1090 2349/460/1091
f 2364/460/1092 2355/460/1093 2349/460/1089 2354/460/1088
f 2355/460/1093 2357/463/1094 2356/463/1095 2349/460/1089
f 2361/463/1096 2358/463/1097 2356/463/1095 2357/463/1094
f 2361/463/1096 2359/463/1098 2358/463/1097
f 2359/463/1098 2362/463/1099 2360/463/1100 2358/463/1097
f 2360/463/1100 2362/463/1099 2363/463/1101
f 2354/460/1088 2366/460/1102 2365/460/1103 2364/460/1092
f 2365/460/1103 2366/460/1102 2367/460/1104
f 2369/460/1105 2368/460/1106 2367/460/1104 2366/460/1102
f 2369/460/1105 2370/460/1107 2368/460/1106
f 2372/463/1108 2374/463/1109 2373/460/1110
f 2375/460/119 2376/460/119 2377/460/119
f 2378/298/1111 2380/298/1112 2379/298/1113
f 2381/464/119 2382/464/119 2383/464/119
f 2384/465/119 2386/465/119 2385/465/119
usemtl ColorVar1_Material
f 2390/466/10 2389/467/10 2387/468/113 2388/467/10
f 2391/467/113 2389/467/10 2390/466/10
f 2392/467/10 2391/467/113 2390/466/10 2393/467/10
f 2394/467/113 2393/467/10 2390/466/10 2395/467/113
f 2396/467/10 2395/467/113 2390/466/10 2397/467/10
f 2398/467/10 2397/467/10 2390/466/10
f 2399/467/10 2398/467/10 2390/466/10 2400/467/10
f 2401/467/10 2400/467/10 2390/466/10
f 2402/467/114 2401/467/10 2390/466/10 2403/467/12
f 2404/467/12 2403/467/12 2390/466/10 2405/467/10
f 2406/467/10 2405/467/10 2390/466/10 2407/467/113
f 2388/467/10 2407/467/113 2390/466/10
f 2410/469/1114 2411/470/1115 2409/467/1116 2408/468/1117
f 2414/469/1118 2415/470/1119 2413/467/1120 2412/468/1121
f 2418/469/1122 2419/470/1123 2417/467/1124 2416/468/1125
f 2422/469/1126 2423/470/1127 2421/467/1128 2420/468/1129
f 2426/469/1130 2427/470/1131 2425/467/1132 2424/468/1133
f 2430/469/1134 2431/470/1135 2429/467/1136 2428/468/1137
f 2434/469/1138 2435/470/1139 2433/467/1140 2432/468/1141
f 2438/469/1142 2439/470/1143 2437/467/1144 2436/468/1145
f 2442/469/1146 2443/470/1147 2441/467/1148 2440/468/1149
f 2446/469/1150 2447/470/1151 2445/467/1152 2444/468/1153
f 2450/469/1154 2451/470/1155 2449/467/1156 2448/468/1157
f 2454/469/1158 2455/470/1159 2453/467/1160 2452/468/1161
f 2458/469/1162 2459/470/1163 2457/467/1164 2456/468/1165
f 2462/469/1166 2463/470/1167 2461/467/1168 2460/468/1169
f 2466/469/1170 2467/470/1171 2465/467/1172 2464/468/1173
f 2470/469/1174 2471/470/1175 2469/467/1176 2468/468/1177
f 2474/469/1178 2475/470/1179 2473/467/1180 2472/468/1181
f 2478/469/1182 2479/470/1183 2477/467/1184 2476/468/1185
f 2482/469/1155 2483/470/1186 2481/467/1187 2480/468/1188
f 2486/469/1189 2487/470/1190 2485/467/1191 2484/468/1192
f 2490/471/1193 2491/472/1194 2489/473/1195 2488/474/1196
f 2493/471/1197 2495/472/1198 2494/473/1199 2492/474/1200
f 2498/471/1201 2499/472/1202 2497/473/1203 2496/474/1204
f 2502/471/1205 2503/472/1206 2501/473/1207 2500/474/1208
f 2506/471/1209 2507/472/1210 2505/473/1211 2504/474/1212
f 2510/471/1213 2511/472/1214 2509/473/1215 2508/474/1215
f 2514/471/1216 2515/472/1217 2513/473/1218 2512/474/1219
f 2518/471/1220 2519/472/1221 2517/473/1222 2516/474/1223
f 2522/474/1224 2523/471/1225 2521/472/1226 2520/473/1227
f 2526/471/1204 2527/472/1228 2525/473/1229 2524/474/1230
f 2530/474/1231 2531/471/1232 2529/472/1233 2528/473/1234
f 2534/471/1235 2535/472/1236 2533/473/1237 2532/474/1238
f 2538/475/1239 2539/476/1240 2537/477/1241 2536/478/1242
f 2542/479/6 2543/480/2 2541/481/1243 2540/482/3
f 2546/478/1244 2547/475/1245 2545/476/1246 2544/477/1244
f 2550/475/1114 2551/476/1247 2549/477/1116 2548/478/1248
f 2554/475/1249 2555/476/1250 2553/477/1251 2552/478/1252
f 2558/475/1253 2559/476/1254 2557/477/1255 2556/478/1256
f 2562/478/1257 2563/475/1258 2561/476/1258 2560/477/1259
f 2566/475/1260 2567/476/1261 2565/477/1262 2564/478/1263
f 2570/475/1264 2571/476/1265 2569/477/1132 2568/478/1266
f 2574/475/1267 2575/476/1268 2573/477/1128 2572/478/1269
f 2578/475/1158 2579/476/1270 2577/477/1160 2576/478/1271
f 2582/475/1166 2583/476/1272 2581/477/1273 2580/478/1274
f 2586/475/1275 2587/476/1276 2585/477/1277 2584/478/1278
f 2590/475/1279 2591/476/1280 2589/477/1120 2588/478/1281
f 2593/475/1146 2595/476/1282 2594/477/1283 2592/478/1284
f 2598/475/1150 2599/476/1285 2597/477/1286 2596/478/1287
f 2602/468/1288 2603/469/1289 2601/470/1290 2600/467/1291
f 2606/468/1292 2607/469/1293 2605/470/1294 2604/467/1295
f 2610/469/1296 2611/470/1295 2609/467/1297 2608/468/1298
f 2614/469/1299 2615/470/1300 2613/467/1301 2612/468/1302
f 2618/468/1303 2619/469/1304 2617/470/1305 2616/467/1306
f 2622/469/1307 2623/470/1308 2621/467/1309 2620/468/1310
f 2626/469/1311 2627/470/1312 2625/467/1313 2624/468/1314
f 2630/469/1315 2631/470/1316 2629/467/1317 2628/468/1318
f 2634/469/1319 2635/470/1320 2633/467/1321 2632/468/1322
f 2638/469/1323 2639/470/1324 2637/467/1325 2636/468/1326
f 2642/469/1327 2643/470/1328 2641/467/1329 2640/468/1330
f 2646/469/1331 2647/470/1332 2645/467/1333 2644/468/1334
f 2650/468/1335 2651/469/1336 2649/470/1337 2648/467/1338
f 2654/469/1339 2655/470/1340 2653/467/1341 2652/468/1342
f 2658/469/1343 2659/470/1344 2657/467/1345 2656/468/1346
f 2662/468/1347 2663/469/1348 2661/470/1349 2660/467/1350
f 2666/468/1351 2667/469/1352 2665/470/1353 2664/467/1354
f 2670/482/3 2671/480/109 2669/482/110 2668/482/1355
f 2671/480/109 2670/482/3 2672/480/105
f 2670/482/3 2673/479/3 2674/480/3 2672/480/105
f 2675/480/16 2676/480/905 2669/482/110 2671/480/109
f 2707/482/1356 2669/482/110 2676/480/905 2677/482/16
f 2678/480/16 2679/480/307 2677/482/16 2676/480/905
f 2706/482/1357 2677/482/16 2679/480/307 2680/482/3
f 2681/480/537 2682/480/103 2680/482/3 2679/480/307
f 2705/482/1358 2680/482/3 2682/480/103 2683/482/307
f 2684/480/307 2685/480/1359 2683/482/307 2682/480/103
f 2687/480/103 2688/480/1360 2686/482/1361 2685/480/1359
f 2704/482/1362 2683/482/307 2685/480/1359 2686/482/1361
f 2703/482/1363 2686/482/1361 2688/480/1360 2689/482/1364
f 2690/480/104 2691/480/1365 2689/482/1364 2688/480/1360
f 2702/482/1366 2689/482/1364 2691/480/1365 2692/482/16
f 2693/480/16 2694/480/1367 2692/482/16 2691/480/1365
f 2695/482/5 2701/482/1368 2692/482/16 2694/480/1367
f 2696/480/1368 2697/480/1369 2695/482/5 2694/480/1367
f 2697/480/1369 2699/481/105 2698/482/16
f 2700/482/1370 2695/482/5 2697/480/1369 2698/482/16
f 2708/476/1371 2710/477/16 2709/477/19
f 2711/477/19 2714/477/101 2709/477/19 2710/477/16
f 2710/477/16 2712/477/1372 2711/477/19
f 2715/477/101 2714/477/101 2711/477/19 2713/477/1373
f 2714/477/101 2717/477/16 2721/477/16 2709/477/19
f 2716/477/17 2714/477/101 2715/477/101
f 2720/477/1374 2717/477/16 2714/477/101 2718/477/109
f 2714/477/101 2719/477/1375 2718/477/109
f 2717/477/16 2722/477/7 2723/477/1376 2721/477/16
f 2724/477/1004 2721/477/16 2723/477/1376
f 2721/477/16 2726/477/17 2725/477/17
f 2727/477/1377 2709/477/19 2721/477/16 2725/477/17
f 2730/483/1378 2731/484/1379 2729/485/1380 2728/486/1381
f 2730/483/1378 2732/483/1382 2733/484/1341 2731/484/1379
f 2734/483/1383 2736/484/1384 2735/485/1341 2732/483/1385
f 2738/483/1386 2737/484/1387 2736/484/1384 2734/483/1383
f 2740/483/1388 2739/484/1354 2737/484/1387 2738/483/1386
f 2742/483/1389 2743/484/1390 2741/485/1354 2740/483/1391
f 2745/483/1392 2746/484/1393 2744/485/1390 2742/483/1394
f 2745/483/1392 2747/483/1395 2750/484/1396 2746/484/1393
f 2748/483/1397 2751/484/1398 2749/485/1399 2747/483/1400
f 2748/483/1397 2753/483/1401 2752/484/1402 2751/484/1398
f 2755/483/1403 2756/484/1404 2754/485/1405 2753/483/1406
f 2755/483/1403 2757/483/1407 2758/484/1408 2756/484/1404
f 2757/483/1407 2759/483/1409 2761/484/1410 2758/484/1408
f 2759/483/1409 2760/483/1411 2762/484/1412 2761/484/1410
f 2763/483/1413 2765/484/1414 2764/485/1415 2760/483/1416
f 2766/483/1417 2768/484/1418 2767/485/1419 2763/483/1420
f 2769/483/1421 2771/484/1422 2770/485/1418 2766/483/1423
f 2772/483/1424 2774/484/1425 2773/485/1422 2769/483/1426
f 2775/483/1427 2777/484/1428 2776/485/1429 2772/483/1430
f 2778/483/1431 2729/485/1380 2777/484/1428 2775/483/1427
f 2781/471/1432 2782/472/1433 2780/473/1434 2779/474/1435
f 2785/487/1436 2786/487/1437 2784/488/1438 2783/488/1439
f 2786/487/1437 2787/487/1440 2789/488/1441 2784/488/1438
f 2787/487/1440 2788/487/1442 2790/488/4 2789/488/1441
f 2792/488/1443 2794/487/1444 2793/487/17 2791/488/1371
f 2798/488/1445 2795/487/1446 2794/487/1444 2792/488/1443
f 2804/487/1447 2797/487/1448 2795/487/1446 2796/487/110
f 2799/488/3 2796/487/110 2795/487/1446 2798/488/1445
f 2798/488/1445 2800/488/1449 2801/488/16 2799/488/3
f 2802/488/3 2803/487/100 2796/487/110 2799/488/3
f 2806/487/1450 2808/487/1451 2807/487/1452 2805/487/1453
f 2811/488/19 2810/487/102 2808/487/1451 2809/488/1365
f 2806/487/1450 2813/488/1454 2809/488/1365 2808/487/1451
f 2812/488/1455 2809/488/1365 2813/488/1454 2814/488/1456
f 2817/487/1457 2815/488/1458 2813/488/1454 2806/487/1450
f 2818/487/4 2816/488/1459 2815/488/1458 2817/487/1457
f 2821/487/1372 2822/487/1460 2820/488/1461 2819/488/1462
f 2822/487/1460 2823/487/1463 2825/488/1457 2820/488/1461
f 2823/487/1463 2824/487/1361 2826/488/3 2825/488/1457
f 2828/489/1464 2830/490/1464 2829/490/1465 2827/489/1466
f 2832/489/16 2831/490/307 2830/490/1464 2828/489/1464
f 2835/487/1467 2836/487/1468 2834/487/1469 2833/487/1470
f 2835/487/1467 2838/488/1471 2840/488/100 2836/487/1468
f 2837/487/1472 2841/488/1473 2838/488/1471 2835/487/1467
f 2844/488/1474 2840/488/100 2838/488/1471 2839/488/5
f 2837/487/1472 2843/487/19 2842/488/18 2841/488/1473
f 2845/488/6 2846/487/105 2836/487/1468 2840/488/100
f 2848/489/3 2850/490/1003 2849/490/1475 2847/489/1451
f 2848/489/3 2852/489/100 2851/490/19 2850/490/1003
f 2854/487/1476 2856/487/1477 2855/488/1478 2853/488/1479
f 2856/487/1477 2858/487/1480 2857/488/1481 2855/488/1478
f 2858/487/1480 2860/487/1356 2859/488/16 2857/488/1481
f 2862/487/1482 2864/487/109 2863/487/1483 2861/487/1484
f 2862/487/1482 2869/488/1485 2865/488/1486 2864/487/109
f 2867/488/1003 2866/487/1355 2864/487/109 2865/488/1486
f 2868/488/1487 2865/488/1486 2869/488/1485 2870/488/1488
f 2873/487/1489 2871/488/1490 2869/488/1485 2862/487/1482
f 2874/487/17 2872/488/1464 2871/488/1490 2873/487/1489
f 2877/487/1491 2878/488/1492 2876/488/1493 2875/487/1494
f 2877/487/1491 2879/487/1495 2881/488/1496 2878/488/1492
f 2879/487/1495 2880/487/1497 2882/488/6 2881/488/1496
f 2884/488/1498 2886/488/1499 2885/487/1500 2883/487/1475
f 2886/488/1499 2888/488/1501 2887/487/1502 2885/487/1500
f 2888/488/1501 2892/488/3 2889/487/1503 2887/487/1502
f 2887/487/1502 2889/487/1503 2891/487/1504 2890/487/1505
f 2892/488/3 2894/488/1358 2893/487/102 2889/487/1503
f 2888/488/1501 2896/488/1506 2895/488/1507 2892/488/3
f 2898/488/1508 2900/487/1499 2899/487/100 2897/488/1498
f 2902/488/1509 2901/487/1510 2900/487/1499 2898/488/1508
f 2904/488/1451 2903/487/1511 2901/487/1510 2902/488/1509
f 2907/488/1512 2908/487/1513 2906/487/19 2905/488/105
f 2909/488/1514 2910/487/1515 2908/487/1513 2907/488/1512
f 2911/488/110 2914/487/7 2910/487/1515 2909/488/1514
f 2909/488/1514 2912/488/1516 2913/488/1517 2911/488/110
f 2915/488/17 2916/487/17 2914/487/7 2911/488/110
f 2917/487/1518 2918/487/1475 2910/487/1515 2914/487/7
f 2921/487/1519 2922/488/1520 2920/488/1521 2919/487/1522
f 2921/487/1519 2923/487/1523 2925/488/1524 2922/488/1520
f 2924/487/16 2926/488/16 2925/488/1524 2923/487/1523
f 2929/488/100 2930/488/1525 2928/487/1526 2927/487/3
f 2930/488/1525 2931/488/1527 2934/487/1528 2928/487/1526
f 2931/488/1527 2932/488/19 2935/487/1497 2934/487/1528
f 2931/488/1527 2933/488/1529 2940/488/1371 2932/488/19
f 2934/487/1528 2935/487/1497 2937/487/1530 2936/487/1531
f 2939/488/19 2938/487/100 2935/487/1497 2932/488/19
f 2943/488/1532 2944/487/1533 2942/487/537 2941/488/1361
f 2945/488/1534 2946/487/1535 2944/487/1533 2943/488/1532
f 2945/488/1534 2947/488/1536 2948/487/1537 2946/487/1535
f 2950/487/1538 2952/488/1539 2951/488/5 2949/487/1540
f 2950/487/1538 2954/487/1541 2953/488/1542 2952/488/1539
f 2956/487/17 2955/488/3 2953/488/1542 2954/487/1541
f 2959/488/109 2960/488/1543 2958/487/1544 2957/487/1498
f 2961/488/1545 2962/487/1546 2958/487/1544 2960/488/1543
f 2961/488/1545 2963/488/1498 2967/487/1355 2962/487/1546
f 2961/488/1545 2964/488/1547 2965/488/1548 2963/488/1498
f 2969/487/3 2967/487/1355 2963/488/1498 2966/488/100
f 2968/487/1549 2970/487/1550 2962/487/1546 2967/487/1355
f 2972/488/1551 2974/487/1552 2973/487/101 2971/488/1553
f 2977/488/1554 2975/487/1555 2974/487/1552 2972/488/1551
f 2978/488/1556 2976/487/1557 2975/487/1555 2977/488/1554
f 2981/488/1558 2982/487/1559 2980/487/5 2979/488/1459
f 2981/488/1558 2983/488/1560 2986/487/1561 2982/487/1559
f 2983/488/1560 2984/488/1562 2992/488/1377 2985/488/100
f 2985/488/100 2987/487/1475 2986/487/1561 2983/488/1560
f 2986/487/1561 2987/487/1475 2989/487/1563 2988/487/1564
f 2991/488/106 2990/487/105 2987/487/1475 2985/488/100
f 2995/487/1565 2996/487/1566 2994/488/1567 2993/488/1568
f 2996/487/1566 2997/487/1569 2998/488/1570 2994/488/1567
f 2997/487/1569 2999/487/103 3000/488/1468 2998/488/1570
f 3002/488/1571 3004/487/1572 3003/487/1368 3001/488/1377
f 3006/488/1573 3005/487/1574 3004/487/1572 3002/488/1571
f 3011/488/1575 3007/487/1497 3005/487/1574 3006/488/1573
f 3009/487/1576 3008/487/1577 3005/487/1574 3007/487/1497
f 3012/488/3 3010/487/16 3007/487/1497 3011/488/1575
f 3006/488/1573 3014/488/1367 3013/488/1578 3011/488/1575
f 3017/487/1579 3018/487/1580 3016/488/1581 3015/488/1582
f 3021/488/1583 3022/487/1584 3020/487/1585 3019/488/1586
f 3025/488/1587 3026/487/1588 3024/487/1589 3023/488/1590
f 3029/487/1591 3030/487/1592 3028/488/1593 3027/488/1594
f 3033/488/1595 3034/487/1596 3032/487/1597 3031/488/1598
f 3037/488/1599 3038/487/1600 3036/487/1601 3035/488/1602
f 3041/487/1603 3042/487/1593 3040/488/1604 3039/488/1605
f 3045/487/1606 3046/487/1595 3044/488/1607 3043/488/1608
f 3049/487/1609 3050/487/1610 3048/488/1611 3047/488/1612
f 3053/488/1613 3054/487/1614 3052/487/1615 3051/488/1616
f 3057/487/1617 3058/487/1618 3056/488/1619 3055/488/1620
f 3061/488/1621 3062/487/1622 3060/487/1623 3059/488/1624
f 3065/487/1625 3066/487/1626 3064/488/1627 3063/488/1628
f 3069/487/1629 3070/487/1630 3068/488/1631 3067/488/1632
f 3072/487/1633 3074/487/1634 3073/488/1635 3071/488/1636
f 3077/488/1637 3078/487/1638 3076/487/1639 3075/488/1580
f 3081/488/1640 3082/487/1641 3080/487/1642 3079/488/1643
f 3085/487/1644 3086/487/1645 3084/488/1646 3083/488/1647
f 3089/491/1648 3090/492/1649 3088/493/1650 3087/494/1650
f 3093/495/1651 3094/496/1652 3092/497/1653 3091/498/1653
f 3097/499/1654 3098/500/1655 3096/501/1286 3095/502/1286
f 3101/503/1656 3102/502/1657 3100/494/1258 3099/504/1252
f 3105/505/1658 3106/506/1659 3104/506/1658 3103/507/1660
f 3109/508/1661 3110/509/1662 3108/510/1663 3107/511/1663
f 3113/512/1664 3114/513/1665 3112/513/1666 3111/514/1666
f 3117/515/1667 3118/516/1668 3116/517/1668 3115/518/1667
f 3121/519/1669 3122/520/1670 3120/502/1671 3119/503/1672
f 3125/521/1673 3126/522/1674 3124/493/1675 3123/492/1676
f 3129/489/16 3130/490/100 3128/490/1459 3127/489/1506
f 3131/489/100 3132/490/110 3130/490/100 3129/489/16
f 3135/489/1677 3136/490/1678 3134/490/1679 3133/489/1680
f 3137/489/16 3138/490/17 3136/490/1678 3135/489/1677
f 3141/489/109 3142/490/2 3140/490/16 3139/489/1498
f 3143/489/16 3144/490/100 3142/490/2 3141/489/109
f 3147/523/16 3148/524/3 3146/524/16 3145/523/1498
f 3150/524/3 3152/524/1553 3151/523/3 3149/523/101
f 3155/523/19 3156/524/100 3154/524/16 3153/523/16
f 3159/524/19 3160/524/307 3158/523/3 3157/523/17
f 3163/524/3 3164/524/101 3162/523/3 3161/523/6
f 3167/523/19 3168/524/2 3166/524/100 3165/523/105
f 3171/524/19 3172/524/16 3170/523/19 3169/523/100
f 3175/523/100 3176/524/1498 3174/524/100 3173/523/19
f 3179/524/100 3180/524/100 3178/523/100 3177/523/100
f 3183/505/1681 3184/494/1682 3182/525/1682 3181/506/1683
f 3187/521/1684 3188/492/1685 3186/492/1686 3185/491/1685
f 3191/494/1687 3192/526/1687 3190/527/1688 3189/491/1688
f 3195/509/683 3196/502/683 3194/528/683 3193/529/122
f 3199/491/1689 3200/527/1690 3198/500/1691 3197/499/1692
f 3203/530/119 3204/510/119 3202/517/119 3201/516/119
f 3207/507/1693 3208/506/1693 3206/531/1693 3205/522/1693
f 3211/502/1694 3212/501/1694 3210/526/1695 3209/494/1696
f 3215/532/1697 3216/533/1698 3214/505/1699 3213/532/1699
f 3219/494/1700 3220/493/1701 3218/493/1701 3217/522/1701
f 3223/504/1702 3224/514/1703 3222/520/1704 3221/519/1705
f 3227/495/1706 3228/534/1707 3226/535/1708 3225/496/1709
f 3231/534/1710 3232/536/1711 3230/535/1710 3229/534/1710
f 3235/510/1712 3236/537/1712 3234/528/1713 3233/520/1713
f 3239/532/1714 3240/538/1715 3238/507/1716 3237/539/1714
f 3243/522/1717 3244/531/1718 3242/525/1719 3241/494/1719
f 3247/540/1720 3248/511/1721 3246/541/1721 3245/542/1722
f 3251/511/118 3252/510/118 3250/541/118 3249/511/118
f 3255/530/1722 3256/543/1723 3254/510/1722 3253/530/1722
f 3259/504/1724 3260/494/1725 3258/514/1717 3257/504/1726
f 3263/498/64 3264/497/64 3262/536/64 3261/534/64
f 3267/514/1692 3268/513/1727 3266/544/1728 3265/520/1729
f 3271/502/1730 3272/520/1710 3270/528/1711 3269/528/1711
f 3275/520/1731 3276/544/1732 3274/545/1733 3273/518/1734
f 3279/532/1735 3280/539/1736 3278/533/1737 3277/532/1738
f 3283/538/1739 3284/532/1700 3282/505/1700 3281/507/1701
f 3287/540/1740 3288/542/1741 3286/509/1741 3285/508/1740
f 3291/509/1653 3292/529/1742 3290/537/1742 3289/510/1742
f 3295/518/1743 3296/545/1744 3294/513/1744 3293/512/1694
f 3299/490/2 3300/489/1745 3298/489/100 3297/490/103
f 3299/490/2 3301/490/1746 3302/489/1747 3300/489/1745
f 3303/546/105 3304/547/1748 3305/548/19
f 3322/549/905 3306/550/100 3305/548/19 3304/547/1748
f 3311/551/100 3307/552/6 3305/548/19 3306/550/100
f 3310/553/1749 3308/554/1497 3305/548/19 3307/552/6
f 3305/548/19 3308/554/1497 3309/555/1004
f 3312/556/17 3307/552/6 3311/551/100 3315/557/3
f 3313/558/19 3307/552/6 3312/556/17
f 3315/557/3 3314/559/307 3312/556/17
f 3316/560/16 3315/557/3 3311/551/100 3317/561/1750
f 3318/562/19 3317/561/1750 3311/551/100
f 3306/550/100 3320/563/1498 3319/564/1751 3311/551/100
f 3306/550/100 3321/565/1004 3320/563/1498
f 3325/489/1752 3326/489/1358 3324/490/1367 3323/490/1753
f 3326/489/1358 3327/489/1754 3328/490/1 3324/490/1367
f 3330/489/3 3332/489/1356 3331/490/102 3329/490/1755
f 3332/489/1356 3334/489/1 3333/490/1 3331/490/102
f 3336/489/1756 3338/489/1376 3337/490/1757 3335/490/1758
f 3338/489/1376 3340/489/101 3339/490/16 3337/490/1757
f 3342/489/1759 3344/489/1745 3343/490/1486 3341/490/1760
f 3344/489/1745 3346/489/1367 3345/490/17 3343/490/1486
f 3348/467/113 3367/467/11 3349/466/10 3347/468/10
f 3350/467/10 3347/468/10 3349/466/10 3351/467/10
f 3352/467/12 3351/467/10 3349/466/10 3353/467/13
f 3354/467/113 3353/467/13 3349/466/10 3355/467/113
f 3356/467/10 3355/467/113 3349/466/10 3357/467/10
f 3358/467/10 3357/467/10 3349/466/10
f 3359/467/10 3358/467/10 3349/466/10 3360/467/10
f 3361/467/12 3360/467/10 3349/466/10
f 3362/467/113 3361/467/12 3349/466/10 3363/467/10
f 3364/467/10 3363/467/10 3349/466/10 3365/467/13
f 3366/467/10 3365/467/13 3349/466/10 3367/467/11
f 3370/469/1279 3371/470/1119 3369/467/1120 3368/468/1121
f 3374/469/1122 3375/470/1761 3373/467/1124 3372/468/1762
f 3378/469/1763 3379/470/1131 3377/467/1132 3376/468/1176
f 3382/469/1134 3383/470/1764 3381/467/1765 3380/468/1137
f 3386/469/1138 3387/470/1766 3385/467/1767 3384/468/1768
f 3390/469/1142 3391/470/1769 3389/467/1144 3388/468/1770
f 3394/469/1771 3395/470/1772 3393/467/1283 3392/468/1191
f 3398/469/1150 3399/470/1151 3397/467/1152 3396/468/1153
f 3402/469/1154 3403/470/1773 3401/467/1774 3400/468/995
f 3406/469/1158 3407/470/1159 3405/467/1775 3404/468/1161
f 3410/469/1162 3411/470/1776 3409/467/1137 3408/468/1165
f 3414/469/1777 3415/470/1778 3413/467/1779 3412/468/1136
f 3418/469/1260 3419/470/1780 3417/467/1262 3416/468/1261
f 3422/469/1781 3423/470/1175 3421/467/1782 3420/468/1783
f 3426/469/1239 3427/470/1784 3425/467/1180 3424/468/1785
f 3430/469/1786 3431/470/1787 3429/467/1184 3428/468/1185
f 3434/469/1788 3435/470/1789 3433/467/1187 3432/468/1188
f 3438/469/1275 3439/470/1190 3437/467/1790 3436/468/1791
f 3442/471/1792 3443/472/1793 3441/473/1794 3440/474/1794
f 3446/471/1795 3447/472/1796 3445/473/1797 3444/474/1798
f 3450/471/1799 3451/472/1198 3449/473/1800 3448/474/1801
f 3454/471/1201 3455/472/1802 3453/473/1203 3452/474/1803
f 3458/471/1804 3459/472/1805 3457/473/1806 3456/474/1807
f 3462/471/1808 3463/472/1809 3461/473/1215 3460/474/1215
f 3466/471/1810 3467/472/1811 3465/473/1812 3464/474/1813
f 3470/471/1230 3471/472/1814 3469/473/1815 3468/474/1223
f 3474/474/1816 3475/471/1817 3473/472/1818 3472/473/1819
f 3478/471/1820 3479/472/1821 3477/473/1822 3476/474/1823
f 3482/471/1204 3483/472/1824 3481/473/1229 3480/474/1230
f 3486/474/1825 3487/471/1826 3485/472/1827 3484/473/1828
f 3490/475/1829 3491/476/1830 3489/477/1241 3488/478/1831
f 3494/479/16 3495/480/100 3493/481/3 3492/482/3
f 3498/475/1249 3499/476/1832 3497/477/1258 3496/478/1833
f 3502/475/1253 3503/476/1254 3501/477/1255 3500/478/1834
f 3506/478/1835 3507/475/1836 3505/476/1258 3504/477/1264
f 3510/475/1162 3511/476/1837 3509/477/1137 3508/478/1838
f 3514/475/1839 3515/476/1265 3513/477/1132 3512/478/1266
f 3518/475/1840 3519/476/1841 3517/477/1128 3516/478/1842
f 3522/475/1843 3523/476/1844 3521/477/1160 3520/478/1845
f 3526/475/1166 3527/476/1846 3525/477/1168 3524/478/1847
f 3529/475/1275 3531/476/1276 3530/477/1790 3528/478/1848
f 3534/475/1279 3535/476/1849 3533/477/1120 3532/478/1850
f 3538/475/1771 3539/476/1851 3537/477/1852 3536/478/1147
f 3542/475/1154 3543/476/1853 3541/477/1774 3540/478/1854
f 3546/475/1150 3547/476/1855 3545/477/1856 3544/478/1287
f 3550/468/1857 3551/469/1858 3549/470/1859 3548/467/1860
f 3554/468/1861 3555/469/1862 3553/470/1863 3552/467/1864
f 3558/469/1865 3559/470/1866 3557/467/1867 3556/468/1868
f 3562/469/1869 3563/470/1870 3561/467/1871 3560/468/1872
f 3566/468/1873 3567/469/1874 3565/470/1875 3564/467/1876
f 3570/469/1877 3571/470/1878 3569/467/1879 3568/468/1880
f 3574/469/1881 3575/470/1309 3573/467/1882 3572/468/1883
f 3578/469/1884 3579/470/1885 3577/467/1415 3576/468/1886
f 3582/469/1319 3583/470/1887 3581/467/1888 3580/468/1889
f 3586/468/1890 3587/469/1891 3585/470/1414 3584/467/1892
f 3590/469/1893 3591/470/1892 3589/467/1894 3588/468/1895
f 3594/469/1896 3595/470/1897 3593/467/1898 3592/468/1899
f 3598/469/1900 3599/470/1901 3597/467/1902 3596/468/1903
f 3602/469/1904 3603/470/1905 3601/467/1906 3600/468/1342
f 3606/469/1907 3607/470/1908 3605/467/1909 3604/468/1910
f 3610/468/1911 3611/469/1912 3609/470/1913 3608/467/1914
f 3614/468/1915 3615/469/1347 3613/470/1350 3612/467/1916
f 3618/482/16 3619/480/1377 3617/482/1366 3616/482/1917
f 3619/480/1377 3618/482/16 3620/480/16
f 3618/482/16 3621/479/17 3622/480/17 3620/480/16
f 3623/480/307 3624/480/1361 3617/482/1366 3619/480/1377
f 3626/480/16 3627/480/1918 3625/482/16 3624/480/1361
f 3655/482/5 3617/482/1366 3624/480/1361 3625/482/16
f 3654/482/1367 3625/482/16 3627/480/1918 3628/482/1919
f 3629/480/1374 3630/480/1506 3628/482/1919 3627/480/1918
f 3653/482/1920 3628/482/1919 3630/480/1506 3631/482/3
f 3632/480/3 3633/480/1921 3631/482/3 3630/480/1506
f 3635/480/1459 3636/480/3 3634/482/5 3633/480/1921
f 3652/482/1451 3631/482/3 3633/480/1921 3634/482/5
f 3651/482/1498 3634/482/5 3636/480/3 3637/482/1498
f 3638/480/1498 3639/480/1922 3637/482/1498 3636/480/3
f 3650/482/698 3637/482/1498 3639/480/1922 3640/482/3
f 3641/480/3 3642/480/1376 3640/482/3 3639/480/1922
f 3644/482/1923 3646/482/16 3640/482/3 3642/480/1376
f 3643/480/1553 3645/480/16 3644/482/1923 3642/480/1376
f 3647/482/110 3644/482/1923 3645/480/16 3648/482/16
f 3645/480/16 3649/481/16 3648/482/16
f 3656/476/18 3657/477/2 3658/477/17
f 3657/477/2 3675/477/1924 3659/477/16 3658/477/17
f 3666/477/16 3660/477/16 3658/477/17 3659/477/16
f 3660/477/16 3663/477/1511 3661/477/100 3658/477/17
f 3662/477/1004 3658/477/17 3661/477/100
f 3664/477/100 3660/477/16 3665/477/2
f 3660/477/16 3666/477/16 3668/477/17 3665/477/2
f 3667/477/1925 3666/477/16 3659/477/16 3673/477/100
f 3671/477/1371 3668/477/17 3666/477/16 3669/477/16
f 3666/477/16 3670/477/17 3669/477/16
f 3665/477/2 3668/477/17 3672/477/19
f 3674/477/1926 3673/477/100 3659/477/16
f 3678/483/1378 3679/484/1927 3677/485/1928 3676/486/1431
f 3678/483/1378 3680/483/1929 3681/484/1341 3679/484/1927
f 3682/483/1383 3684/484/1930 3683/485/1341 3680/483/1385
f 3686/483/1931 3685/484/1932 3684/484/1930 3682/483/1383
f 3688/483/1391 3687/484/1933 3685/484/1932 3686/483/1931
f 3690/483/1934 3691/484/1935 3689/485/1290 3688/483/1391
f 3693/483/1936 3694/484/1937 3692/485/1935 3690/483/1394
f 3693/483/1936 3695/483/1395 3698/484/1399 3694/484/1937
f 3696/483/1938 3699/484/1398 3697/485/1399 3695/483/1939
f 3696/483/1938 3701/483/1940 3700/484/1405 3699/484/1398
f 3702/483/1941 3704/484/1404 3703/485/1942 3701/483/1943
f 3702/483/1941 3706/483/1944 3705/484/1945 3704/484/1404
f 3706/483/1944 3708/483/1946 3707/484/1947 3705/484/1945
f 3708/483/1946 3710/483/1411 3709/484/1948 3707/484/1947
f 3711/483/1413 3713/484/1949 3712/485/1415 3710/483/1950
f 3714/483/1951 3716/484/1952 3715/485/1953 3711/483/1413
f 3717/483/1954 3719/484/1955 3718/485/1418 3714/483/1417
f 3720/483/1430 3722/484/1956 3721/485/1957 3717/483/1958
f 3723/483/1959 3725/484/1960 3724/485/1429 3720/483/1961
f 3726/483/1431 3677/485/1962 3725/484/1960 3723/483/1959
f 3729/471/1432 3730/472/1963 3728/473/1964 3727/474/1435
f 3733/487/1965 3734/487/1966 3732/488/1967 3731/488/1968
f 3734/487/1966 3735/487/1969 3737/488/1970 3732/488/1967
f 3735/487/1969 3736/487/19 3738/488/19 3737/488/1970
f 3740/488/1971 3742/487/1570 3741/487/1972 3739/488/104
f 3746/488/1973 3743/487/1974 3742/487/1570 3740/488/1971
f 3752/487/1975 3745/487/1976 3743/487/1974 3744/487/16
f 3747/488/18 3744/487/16 3743/487/1974 3746/488/1973
f 3746/488/1973 3748/488/1977 3749/488/1978 3747/488/18
f 3750/488/105 3751/487/307 3744/487/16 3747/488/18
f 3755/487/1979 3756/487/1503 3754/487/1980 3753/487/1981
f 3755/487/1979 3757/488/1982 3763/488/105 3756/487/1503
f 3758/487/1983 3759/488/1458 3757/488/1982 3755/487/1979
f 3760/487/16 3761/488/5 3759/488/1458 3758/487/1983
f 3765/488/1984 3763/488/105 3757/488/1982 3762/488/1475
f 3764/488/100 3766/487/16 3756/487/1503 3763/488/105
f 3769/487/1506 3770/487/1985 3768/488/1986 3767/488/18
f 3770/487/1985 3771/487/1987 3773/488/1457 3768/488/1986
f 3771/487/1987 3772/487/1506 3774/488/3 3773/488/1457
f 3776/489/105 3778/490/1 3777/490/19 3775/489/1988
f 3780/489/105 3779/490/1 3778/490/1 3776/489/105
f 3783/487/1989 3784/487/3 3782/487/16 3781/487/19
f 3783/487/1989 3785/488/1990 3791/488/1498 3784/487/3
f 3786/487/1991 3787/488/1992 3785/488/1990 3783/487/1989
f 3786/487/1991 3788/487/16 3789/488/16 3787/488/1992
f 3793/488/1993 3791/488/1498 3785/488/1990 3790/488/1994
f 3792/488/16 3794/487/109 3784/487/3 3791/488/1498
f 3796/489/1486 3798/490/1366 3797/490/1995 3795/489/1996
f 3796/489/1486 3800/489/105 3799/490/16 3798/490/1366
f 3802/487/1997 3804/487/1998 3803/488/1999 3801/488/2000
f 3804/487/1998 3806/487/2001 3805/488/2002 3803/488/1999
f 3806/487/2001 3808/487/2003 3807/488/101 3805/488/2002
f 3810/487/2004 3812/487/6 3811/487/2005 3809/487/101
f 3810/487/2004 3816/488/2006 3813/488/19 3812/487/6
f 3815/488/16 3814/487/16 3812/487/6 3813/488/19
f 3817/488/5 3813/488/19 3816/488/2006 3818/488/2007
f 3821/487/2008 3819/488/2009 3816/488/2006 3810/487/2004
f 3822/487/6 3820/488/1497 3819/488/2009 3821/487/2008
f 3825/487/1491 3826/488/2010 3824/488/2011 3823/487/2012
f 3825/487/1491 3827/487/2013 3829/488/2014 3826/488/2010
f 3827/487/2013 3828/487/1923 3830/488/17 3829/488/2014
f 3832/488/16 3834/488/1499 3833/487/1500 3831/487/1497
f 3834/488/1499 3836/488/2015 3835/487/2016 3833/487/1500
f 3836/488/2015 3840/488/1745 3837/487/3 3835/487/2016
f 3835/487/2016 3837/487/3 3839/487/2017 3838/487/2018
f 3840/488/1745 3842/488/1 3841/487/17 3837/487/3
f 3836/488/2015 3844/488/2019 3843/488/2020 3840/488/1745
f 3846/488/1508 3848/487/2021 3847/487/18 3845/488/1459
f 3850/488/2022 3849/487/2023 3848/487/2021 3846/488/1508
f 3852/488/2024 3851/487/2025 3849/487/2023 3850/488/2022
f 3855/488/2026 3856/487/1513 3854/487/16 3853/488/100
f 3857/488/2027 3858/487/2028 3856/487/1513 3855/488/2026
f 3859/488/100 3862/487/18 3858/487/2028 3857/488/2027
f 3857/488/2027 3860/488/1243 3861/488/2029 3859/488/100
f 3863/488/16 3864/487/16 3862/487/18 3859/488/100
f 3865/487/2030 3866/487/2031 3858/487/2028 3862/487/18
f 3869/487/2032 3870/488/2033 3868/488/2034 3867/487/2035
f 3869/487/2032 3871/487/1512 3873/488/1991 3870/488/2033
f 3872/487/1752 3874/488/1464 3873/488/1991 3871/487/1512
f 3877/488/1355 3878/488/2036 3876/487/2002 3875/487/1451
f 3878/488/2036 3879/488/2037 3882/487/2038 3876/487/2002
f 3879/488/2037 3881/488/2039 3888/488/2040 3880/488/697
f 3879/488/2037 3880/488/697 3883/487/109 3882/487/2038
f 3882/487/2038 3883/487/109 3885/487/2041 3884/487/2042
f 3887/488/16 3886/487/102 3883/487/109 3880/488/697
f 3891/488/2043 3892/487/2044 3890/487/5 3889/488/1459
f 3893/488/2045 3894/487/2046 3892/487/2044 3891/488/2043
f 3893/488/2045 3895/488/2047 3896/487/1988 3894/487/2046
f 3898/487/2048 3900/488/2049 3899/488/2050 3897/487/2051
f 3898/487/2048 3902/487/1541 3901/488/2052 3900/488/2049
f 3904/487/2 3903/488/2053 3901/488/2052 3902/487/1541
f 3907/488/100 3908/488/2054 3906/487/2055 3905/487/105
f 3909/488/1566 3910/487/2056 3906/487/2055 3908/488/2054
f 3909/488/1566 3911/488/101 3915/487/1925 3910/487/2056
f 3909/488/1566 3912/488/2057 3913/488/2058 3911/488/101
f 3917/487/1923 3915/487/1925 3911/488/101 3914/488/6
f 3916/487/2059 3918/487/2060 3910/487/2056 3915/487/1925
f 3920/488/1551 3922/487/2061 3921/487/6 3919/488/6
f 3925/488/2062 3923/487/2063 3922/487/2061 3920/488/1551
f 3926/488/2064 3924/487/2065 3923/487/2063 3925/488/2062
f 3929/488/2066 3930/487/2067 3928/487/105 3927/488/16
f 3929/488/2066 3931/488/2068 3934/487/2069 3930/487/2067
f 3932/488/100 3936/487/2017 3934/487/2069 3931/488/2068
f 3931/488/2068 3933/488/2070 3940/488/2071 3932/488/100
f 3934/487/2069 3936/487/2017 3937/487/2072 3935/487/2073
f 3939/488/6 3938/487/19 3936/487/2017 3932/488/100
f 3943/487/2074 3944/487/2075 3942/488/2076 3941/488/2077
f 3944/487/2075 3945/487/2078 3946/488/2079 3942/488/2076
f 3945/487/2078 3947/487/5 3948/488/18 3946/488/2079
f 3950/488/2080 3952/487/2081 3951/487/1 3949/488/1459
f 3954/488/2082 3953/487/2083 3952/487/2081 3950/488/2080
f 3959/488/1968 3955/487/101 3953/487/2083 3954/488/2082
f 3957/487/2084 3956/487/2085 3953/487/2083 3955/487/101
f 3960/488/100 3958/487/100 3955/487/101 3959/488/1968
f 3954/488/2082 3962/488/2086 3961/488/2087 3959/488/1968
f 3965/487/2088 3966/487/2089 3964/488/2090 3963/488/2091
f 3969/488/2092 3970/487/1647 3968/487/2093 3967/488/2094
f 3973/488/2095 3974/487/1589 3972/487/2096 3971/488/2095
f 3977/487/1592 3978/487/2097 3976/488/1593 3975/488/2098
f 3981/488/2099 3982/487/2100 3980/487/2101 3979/488/2102
f 3985/487/2103 3986/487/2104 3984/488/2105 3983/488/2106
f 3989/487/2107 3990/487/2108 3988/488/2109 3987/488/2110
f 3993/487/1609 3994/487/2111 3992/488/2112 3991/488/2113
f 3997/488/1613 3998/487/1615 3996/487/1614 3995/488/2114
f 4001/487/2115 4002/487/2116 4000/488/2117 3999/488/2118
f 4005/488/2119 4006/487/2120 4004/487/2121 4003/488/2122
f 4008/487/2114 4010/487/1625 4009/488/1627 4007/488/1628
f 4013/487/2123 4014/487/2124 4012/488/2125 4011/488/2126
f 4017/488/2127 4018/487/2128 4016/487/2129 4015/488/2130
f 4021/487/2131 4022/487/2132 4020/488/2133 4019/488/2134
f 4025/488/1637 4026/487/2135 4024/487/2136 4023/488/2137
f 4029/488/2138 4030/487/2139 4028/487/1642 4027/488/2140
f 4033/487/2141 4034/487/2142 4032/488/1646 4031/488/2143
f 4037/491/2144 4038/492/2145 4036/493/1650 4035/494/2146
f 4041/495/1653 4042/496/1653 4040/497/2147 4039/498/2147
f 4045/499/2148 4046/500/2149 4044/501/1654 4043/502/1654
f 4049/503/2150 4050/502/2150 4048/494/2151 4047/504/2152
f 4053/505/2153 4054/506/1660 4052/506/2154 4051/507/2155
f 4057/508/1668 4058/509/1668 4056/510/1668 4055/511/1668
f 4061/512/2156 4062/513/1666 4060/513/2157 4059/514/2158
f 4065/515/2159 4066/516/2160 4064/517/2161 4063/518/2162
f 4069/519/1660 4070/520/2163 4068/502/1659 4067/503/1659
f 4073/521/2164 4074/522/2165 4072/493/2166 4071/492/2167
f 4077/489/6 4078/490/2168 4076/490/1474 4075/489/2169
f 4079/489/307 4080/490/3 4078/490/2168 4077/489/6
f 4083/524/17 4084/524/109 4082/523/110 4081/523/2
f 4087/524/2 4088/524/16 4086/523/2 4085/523/102
f 4091/524/105 4092/524/1358 4090/523/100 4089/523/6
f 4095/523/102 4096/524/1243 4094/524/102 4093/523/2
f 4099/524/1 4100/524/1 4098/523/17 4097/523/100
f 4103/524/16 4104/524/7 4102/523/16 4101/523/100
f 4107/505/2170 4108/494/2171 4106/525/2171 4105/506/1681
f 4111/521/2172 4112/492/1684 4110/492/2173 4109/491/2174
f 4115/494/2175 4116/526/1688 4114/527/2175 4113/491/2175
f 4119/509/323 4120/502/323 4118/528/323 4117/529/122
f 4123/491/2176 4124/527/1728 4122/500/2177 4121/499/2178
f 4127/530/119 4128/510/119 4126/517/119 4125/516/119
f 4131/507/2179 4132/506/2180 4130/531/2181 4129/522/2182
f 4135/502/2183 4136/501/2184 4134/526/1694 4133/494/2185
f 4139/515/2186 4140/518/2187 4138/543/2186 4137/530/2186
f 4143/532/2188 4144/533/2189 4142/505/2190 4141/532/2191
f 4147/494/2192 4148/493/1739 4146/493/1701 4145/522/1701
f 4151/504/2193 4152/514/2194 4150/520/2195 4149/519/2196
f 4155/495/2197 4156/534/2198 4154/535/2198 4153/496/2199
f 4159/534/1710 4160/536/1710 4158/535/1710 4157/534/1710
f 4163/510/2200 4164/537/2201 4162/528/2202 4161/520/2202
f 4167/532/2203 4168/538/2204 4166/507/2205 4165/539/1716
f 4171/522/2206 4172/531/2207 4170/525/1718 4169/494/1719
f 4175/540/2208 4176/511/2209 4174/541/2210 4173/542/2211
f 4179/511/118 4180/510/118 4178/541/118 4177/511/118
f 4183/530/2209 4184/543/2212 4182/510/1720 4181/530/2213
f 4187/504/1725 4188/494/2214 4186/514/1725 4185/504/1717
f 4191/498/78 4192/497/78 4190/536/64 4189/534/78
f 4195/514/1727 4196/513/1689 4194/544/2215 4193/520/2216
f 4199/502/1711 4200/520/1711 4198/528/1711 4197/528/1711
f 4203/520/1244 4204/544/2217 4202/545/1253 4201/518/2218
f 4207/532/2219 4208/539/2219 4206/533/2219 4205/532/2219
f 4211/538/2192 4212/532/2220 4210/505/1701 4209/507/2221
f 4215/540/2222 4216/542/2222 4214/509/2223 4213/508/2224
f 4219/509/1653 4220/529/1653 4218/537/1653 4217/510/1653
f 4223/518/2225 4224/545/2226 4222/513/2225 4221/512/2227
f 4227/490/2228 4228/489/19 4226/489/1368 4225/490/5
f 4227/490/2228 4229/490/2229 4230/489/2230 4228/489/19
f 4231/546/19 4232/547/2231 4233/548/4
f 4250/549/16 4234/550/101 4233/548/4 4232/547/2231
f 4239/551/105 4235/552/16 4233/548/4 4234/550/101
f 4238/553/1498 4236/554/2232 4233/548/4 4235/552/16
f 4233/548/4 4236/554/2232 4237/555/19
f 4240/556/16 4235/552/16 4239/551/105 4243/557/2
f 4241/558/19 4235/552/16 4240/556/16
f 4243/557/2 4242/559/19 4240/556/16
f 4244/560/6 4243/557/2 4239/551/105 4245/561/2233
f 4246/562/19 4245/561/2233 4239/551/105
f 4234/550/101 4248/563/2234 4247/564/1377 4239/551/105
f 4234/550/101 4249/565/19 4248/563/2234
f 4253/489/2040 4254/489/16 4252/490/2235 4251/490/2236
f 4254/489/16 4255/489/102 4256/490/19 4252/490/2235
f 4258/489/2237 4260/489/2238 4259/490/2 4257/490/307
f 4260/489/2238 4262/489/3 4261/490/16 4259/490/2
f 4264/489/2239 4266/489/2240 4265/490/2241 4263/490/2242
f 4266/489/2240 4268/489/100 4267/490/19 4265/490/2241
f 4270/489/19 4272/489/19 4271/490/2235 4269/490/2018
f 4272/489/19 4274/489/16 4273/490/19 4271/490/2235
f 4278/466/16 4277/467/16 4275/468/17 4276/467/17
f 4279/467/16 4277/467/16 4278/466/16 4280/467/6
f 4281/467/19 4280/467/6 4278/466/16 4282/467/17
f 4283/467/17 4282/467/17 4278/466/16
f 4284/467/17 4283/467/17 4278/466/16 4285/467/16
f 4286/467/19 4285/467/16 4278/466/16 4287/467/16
f 4288/467/16 4287/467/16 4278/466/16 4289/467/16
f 4290/467/19 4289/467/16 4278/466/16 4291/467/1
f 4292/467/16 4291/467/1 4278/466/16 4293/467/16
f 4294/467/19 4293/467/16 4278/466/16
f 4295/467/16 4294/467/19 4278/466/16 4276/467/17
f 4298/469/2243 4299/470/2244 4297/467/1154 4296/468/1155
f 4302/469/1152 4303/470/1120 4301/467/1150 4300/468/1151
f 4306/469/1128 4307/470/2245 4305/467/1840 4304/468/1154
f 4310/469/1124 4311/470/1116 4309/467/1122 4308/468/2246
f 4314/469/1160 4315/470/1161 4313/467/1158 4312/468/1159
f 4318/469/1255 4319/470/1184 4317/467/1138 4316/468/1139
f 4322/469/1136 4323/470/2247 4321/467/1134 4320/468/1764
f 4326/469/1283 4327/470/1191 4325/467/1771 4324/468/2248
f 4330/469/1144 4331/470/2249 4329/467/1142 4328/468/1143
f 4334/469/2250 4335/470/1121 4333/467/1279 4332/468/1119
f 4338/469/797 4339/470/1117 4337/467/1114 4336/468/1122
f 4342/469/1132 4343/470/1176 4341/467/1763 4340/468/1131
f 4346/469/1262 4347/470/2251 4345/467/1170 4344/468/1171
f 4350/469/1184 4351/470/1185 4349/467/2252 4348/468/2253
f 4354/469/2254 4355/470/2255 4353/467/1162 4352/468/2256
f 4358/469/1191 4359/470/1192 4357/467/1275 4356/468/1190
f 4362/469/2257 4363/470/1188 4361/467/1155 4360/468/1789
f 4366/469/1168 4367/470/1136 4365/467/1777 4364/468/1778
f 4370/469/1241 4371/470/2258 4369/467/2259 4368/468/1179
f 4374/469/1176 4375/470/2260 4373/467/1174 4372/468/1175
f 4378/471/2261 4379/472/2262 4377/473/2263 4376/474/2264
f 4381/471/2265 4383/472/2266 4382/473/2267 4380/474/2267
f 4386/471/2268 4387/472/2269 4385/473/2270 4384/474/2271
f 4390/471/2272 4391/472/2273 4389/473/2274 4388/474/2275
f 4394/471/2264 4395/472/2276 4393/473/2277 4392/474/2278
f 4398/471/2279 4399/472/2274 4397/473/2280 4396/474/2281
f 4401/471/2282 4403/472/2283 4402/473/2284 4400/474/2285
f 4406/471/2286 4407/472/2287 4405/473/2288 4404/474/2289
f 4410/471/2290 4411/472/2291 4409/473/2292 4408/474/2292
f 4414/471/2293 4415/472/2294 4413/473/2295 4412/474/2296
f 4418/471/2297 4419/472/2298 4417/473/2299 4416/474/2300
f 4422/474/2301 4423/471/2302 4421/472/2303 4420/473/2304
f 4426/474/2305 4427/471/2300 4425/472/2299 4424/473/2305
f 4430/471/2306 4431/472/2307 4429/473/2308 4428/474/2309
f 4434/474/2310 4435/471/2311 4433/472/2312 4432/473/2313
f 4438/471/2314 4439/472/2315 4437/473/2316 4436/474/2317
f 4442/475/1187 4443/476/2318 4441/477/2319 4440/478/2320
f 4446/479/9 4447/480/95 4445/481/10 4444/482/10
f 4450/475/1241 4451/476/2321 4449/477/1239 4448/478/2322
f 4454/478/2323 4455/475/2324 4453/476/2325 4452/477/1681
f 4458/475/2243 4459/476/2326 4457/477/2327 4456/478/2328
f 4462/475/1283 4463/476/1829 4461/477/2329 4460/478/2330
f 4466/475/2331 4467/476/2332 4465/477/1126 4464/478/2333
f 4470/475/1137 4471/476/2334 4469/477/2335 4468/478/2336
f 4474/475/2337 4475/476/2338 4473/477/1260 4472/478/2339
f 4478/475/2340 4479/476/2341 4477/477/1843 4476/478/1844
f 4482/475/2342 4483/476/2343 4481/477/1787 4480/478/2344
f 4486/475/1132 4487/476/1266 4485/477/1763 4484/478/2345
f 4490/475/2346 4491/476/2347 4489/477/1151 4488/478/2348
f 4494/475/2349 4495/476/2350 4493/477/1174 4492/478/2351
f 4498/475/1152 4499/476/2352 4497/477/1150 4496/478/1855
f 4502/475/2353 4503/476/2354 4501/477/1142 4500/478/2355
f 4506/475/797 4507/476/2356 4505/477/1114 4504/478/2357
f 4510/475/2250 4511/476/2358 4509/477/2359 4508/478/2360
f 4514/468/2361 4515/469/2362 4513/470/2363 4512/467/2364
f 4518/468/2365 4519/469/2366 4517/470/2367 4516/467/2368
f 4522/469/2369 4523/470/2370 4521/467/2371 4520/468/2372
f 4526/469/2373 4527/470/2374 4525/467/2375 4524/468/2376
f 4530/468/2377 4531/469/2378 4529/470/2379 4528/467/2380
f 4534/469/2381 4535/470/2382 4533/467/2383 4532/468/2384
f 4538/469/2385 4539/470/2386 4537/467/2387 4536/468/2388
f 4542/469/2389 4543/470/2390 4541/467/2391 4540/468/2392
f 4546/468/2393 4547/469/2392 4545/470/2394 4544/467/2395
f 4550/469/2396 4551/470/2397 4549/467/2398 4548/468/2399
f 4554/468/2400 4555/469/2401 4553/470/2402 4552/467/2403
f 4558/468/2404 4559/469/2405 4557/470/2406 4556/467/2407
f 4562/469/2408 4563/470/2409 4561/467/2410 4560/468/2411
f 4566/468/2412 4567/469/2413 4565/470/2414 4564/467/2415
f 4570/482/113 4571/480/2416 4569/482/10 4568/482/2417
f 4571/480/2416 4570/482/113 4572/480/12
f 4570/482/113 4573/479/97 4574/480/15 4572/480/12
f 4575/480/96 4576/480/99 4569/482/10 4571/480/2416
f 4578/480/707 4579/480/117 4577/482/10 4576/480/99
f 4607/482/9 4569/482/10 4576/480/99 4577/482/10
f 4606/482/2418 4577/482/10 4579/480/117 4580/482/97
f 4581/480/96 4582/480/2417 4580/482/97 4579/480/117
f 4605/482/2416 4580/482/97 4582/480/2417 4583/482/2419
f 4584/480/2419 4585/480/2420 4583/482/2419 4582/480/2417
f 4604/482/2421 4583/482/2419 4585/480/2420 4586/482/814
f 4587/480/2422 4588/480/2423 4586/482/814 4585/480/2420
f 4590/480/2424 4591/480/2425 4589/482/97 4588/480/2423
f 4603/482/2426 4586/482/814 4588/480/2423 4589/482/97
f 4602/482/2427 4589/482/97 4591/480/2425 4592/482/10
f 4593/480/10 4594/480/2428 4592/482/10 4591/480/2425
f 4595/482/2429 4601/482/2424 4592/482/10 4594/480/2428
f 4596/480/2430 4597/480/2431 4595/482/2429 4594/480/2428
f 4597/480/2431 4599/481/11 4598/482/10
f 4600/482/2432 4595/482/2429 4597/480/2431 4598/482/10
f 4610/477/10 4611/477/12 4609/477/113 4608/476/95
f 4610/477/10 4612/477/11 4611/477/12
f 4615/477/13 4616/477/10 4609/477/113 4611/477/12
f 4613/477/13 4614/477/96 4611/477/12
f 4617/477/2433 4615/477/13 4611/477/12 4614/477/96
f 4616/477/10 4615/477/13 4618/477/113 4622/477/10
f 4615/477/13 4619/477/9 4620/477/117 4618/477/113
f 4621/477/13 4618/477/113 4620/477/117
f 4622/477/10 4618/477/113 4623/477/2434
f 4624/477/113 4616/477/10 4622/477/10
f 4616/477/10 4625/477/2435 4626/477/114 4609/477/113
f 4627/477/11 4609/477/113 4626/477/114
f 4630/483/2436 4631/484/2407 4629/485/2437 4628/486/2438
f 4630/483/2436 4632/483/2439 4633/484/2440 4631/484/2407
f 4634/483/2441 4636/484/2442 4635/485/2440 4632/483/2443
f 4638/483/2444 4637/484/2445 4636/484/2442 4634/483/2441
f 4640/483/2446 4639/484/2447 4637/484/2445 4638/483/2444
f 4642/483/2448 4643/484/2449 4641/485/2447 4640/483/2446
f 4645/483/2450 4646/484/2451 4644/485/2452 4642/483/2453
f 4645/483/2450 4647/483/2454 4650/484/2455 4646/484/2451
f 4648/483/2456 4651/484/2457 4649/485/2455 4647/483/2458
f 4648/483/2456 4653/483/2459 4652/484/2460 4651/484/2457
f 4654/483/2461 4656/484/2462 4655/485/2460 4653/483/2463
f 4654/483/2461 4658/483/2464 4657/484/2465 4656/484/2462
f 4658/483/2464 4660/483/2466 4659/484/2467 4657/484/2465
f 4660/483/2466 4662/483/2468 4661/484/2469 4659/484/2467
f 4663/483/2470 4665/484/2471 4664/485/2469 4662/483/2472
f 4666/483/2473 4668/484/2474 4667/485/2475 4663/483/2476
f 4669/483/2477 4671/484/2478 4670/485/2474 4666/483/2479
f 4672/483/2480 4674/484/2481 4673/485/2478 4669/483/2482
f 4675/483/2483 4677/484/2484 4676/485/2481 4672/483/2485
f 4678/483/2486 4629/485/2487 4677/484/2484 4675/483/2483
f 4681/487/2488 4682/487/2489 4680/488/2490 4679/488/2491
f 4682/487/2489 4683/487/2492 4685/488/2493 4680/488/2490
f 4683/487/2492 4684/487/2494 4686/488/2494 4685/488/2493
f 4688/488/2495 4690/487/2496 4689/487/10 4687/488/96
f 4694/488/2497 4691/487/2498 4690/487/2496 4688/488/2495
f 4695/488/114 4692/487/10 4691/487/2498 4694/488/2497
f 4700/487/2499 4693/487/11 4691/487/2498 4692/487/10
f 4694/488/2497 4696/488/2500 4697/488/2501 4695/488/114
f 4698/488/12 4699/487/95 4692/487/10 4695/488/114
f 4703/487/2502 4704/487/814 4702/487/2503 4701/487/2504
f 4703/487/2502 4705/488/2505 4711/488/8 4704/487/814
f 4706/487/2506 4707/488/2507 4705/488/2505 4703/487/2502
f 4708/487/814 4709/488/2508 4707/488/2507 4706/487/2506
f 4712/488/2509 4711/488/8 4705/488/2505 4710/488/2510
f 4713/488/10 4714/487/10 4704/487/814 4711/488/8
f 4717/487/2511 4718/487/2512 4716/488/2513 4715/488/2514
f 4718/487/2512 4719/487/2515 4721/488/2516 4716/488/2513
f 4719/487/2515 4720/487/99 4722/488/15 4721/488/2516
f 4724/489/12 4726/490/99 4725/490/2517 4723/489/2518
f 4728/489/10 4727/490/8 4726/490/99 4724/489/12
f 4731/487/2519 4732/487/99 4730/487/2520 4729/487/2521
f 4731/487/2519 4733/488/2522 4739/488/15 4732/487/99
f 4734/487/2523 4735/488/2524 4733/488/2522 4731/487/2519
f 4734/487/2523 4736/487/2429 4737/488/2525 4735/488/2524
f 4741/488/2526 4739/488/15 4733/488/2522 4738/488/694
f 4740/488/10 4742/487/695 4732/487/99 4739/488/15
f 4744/487/2527 4746/487/2528 4745/488/2529 4743/488/2530
f 4746/487/2528 4748/487/2531 4747/488/2532 4745/488/2529
f 4748/487/2531 4750/487/2422 4749/488/814 4747/488/2532
f 4752/487/2533 4754/487/2429 4753/487/2534 4751/487/2535
f 4757/488/10 4756/487/14 4754/487/2429 4755/488/10
f 4752/487/2533 4758/488/2536 4755/488/10 4754/487/2429
f 4759/488/2537 4755/488/10 4758/488/2536 4760/488/1101
f 4763/487/2538 4761/488/2539 4758/488/2536 4752/487/2533
f 4764/487/97 4762/488/1101 4761/488/2539 4763/487/2538
f 4767/487/2540 4768/488/2541 4766/488/2542 4765/487/2543
f 4767/487/2540 4769/487/2544 4771/488/2545 4768/488/2541
f 4769/487/2544 4770/487/814 4772/488/10 4771/488/2545
f 4774/488/14 4776/488/2546 4775/487/2547 4773/487/2548
f 4776/488/2546 4778/488/2549 4777/487/2550 4775/487/2547
f 4778/488/2549 4782/488/2433 4779/487/2551 4777/487/2550
f 4777/487/2550 4779/487/2551 4781/487/868 4780/487/2552
f 4782/488/2433 4784/488/2553 4783/487/97 4779/487/2551
f 4778/488/2549 4786/488/2554 4785/488/2555 4782/488/2433
f 4788/488/2556 4790/487/2557 4789/487/95 4787/488/12
f 4792/488/2558 4791/487/2559 4790/487/2557 4788/488/2556
f 4794/488/2560 4793/487/2561 4791/487/2559 4792/488/2558
f 4797/488/2562 4798/487/2563 4796/487/2564 4795/488/2564
f 4799/488/2565 4800/487/2566 4798/487/2563 4797/488/2562
f 4801/488/585 4804/487/2567 4800/487/2566 4799/488/2565
f 4799/488/2565 4802/488/2568 4803/488/2569 4801/488/585
f 4805/488/585 4806/487/14 4804/487/2567 4801/488/585
f 4807/487/2570 4808/487/2571 4800/487/2566 4804/487/2567
f 4811/487/2572 4812/488/2573 4810/488/8 4809/487/96
f 4811/487/2572 4813/487/2574 4815/488/2575 4812/488/2573
f 4814/487/10 4816/488/96 4815/488/2575 4813/487/2574
f 4819/488/95 4820/488/2576 4818/487/2577 4817/487/10
f 4820/488/2576 4821/488/2578 4824/487/2579 4818/487/2577
f 4821/488/2578 4823/488/2580 4830/488/2581 4822/488/2582
f 4821/488/2578 4822/488/2582 4825/487/2553 4824/487/2579
f 4824/487/2579 4825/487/2553 4827/487/2583 4826/487/2584
f 4829/488/95 4828/487/586 4825/487/2553 4822/488/2582
f 4833/488/2585 4834/487/2586 4832/487/10 4831/488/113
f 4835/488/2587 4837/487/2588 4834/487/2586 4833/488/2585
f 4835/488/2587 4836/488/2589 4838/487/2590 4837/487/2588
f 4840/487/2591 4842/488/2592 4841/488/2593 4839/487/2594
f 4840/487/2591 4844/487/2595 4843/488/2596 4842/488/2592
f 4846/487/95 4845/488/2597 4843/488/2596 4844/487/2595
f 4849/488/2567 4850/488/2598 4848/487/2585 4847/487/2567
f 4851/488/2599 4852/487/2600 4848/487/2585 4850/488/2598
f 4851/488/2599 4853/488/2422 4857/487/95 4852/487/2600
f 4851/488/2599 4854/488/2601 4855/488/2602 4853/488/2422
f 4859/487/12 4857/487/95 4853/488/2422 4856/488/694
f 4858/487/2603 4860/487/2604 4852/487/2600 4857/487/95
f 4862/488/2605 4864/487/2606 4863/487/95 4861/488/117
f 4867/488/2607 4865/487/2608 4864/487/2606 4862/488/2605
f 4868/488/695 4866/487/10 4865/487/2608 4867/488/2607
f 4871/488/2609 4872/487/2610 4870/487/95 4869/488/2611
f 4871/488/2609 4873/488/2612 4876/487/2613 4872/487/2610
f 4873/488/2612 4875/488/2614 4882/488/2615 4874/488/99
f 4874/488/99 4878/487/694 4876/487/2613 4873/488/2612
f 4876/487/2613 4878/487/694 4879/487/2616 4877/487/2617
f 4881/488/115 4880/487/114 4878/487/694 4874/488/99
f 4885/487/2618 4886/487/2619 4884/488/2620 4883/488/2621
f 4886/487/2619 4887/487/2622 4888/488/2623 4884/488/2620
f 4887/487/2622 4889/487/2624 4890/488/13 4888/488/2623
f 4892/488/2625 4894/487/2626 4893/487/868 4891/488/2627
f 4896/488/2628 4895/487/2629 4894/487/2626 4892/488/2625
f 4901/488/2630 4897/487/95 4895/487/2629 4896/488/2628
f 4899/487/2631 4898/487/2632 4895/487/2629 4897/487/95
f 4902/488/12 4900/487/585 4897/487/95 4901/488/2630
f 4896/488/2628 4904/488/2633 4903/488/2634 4901/488/2630
f 4907/487/2635 4908/487/2636 4906/488/2637 4905/488/2637
f 4911/488/2638 4912/487/2639 4910/487/2640 4909/488/2641
f 4915/488/2642 4916/487/2643 4914/487/2644 4913/488/2645
f 4919/488/2646 4920/487/2638 4918/487/2647 4917/488/2648
f 4923/487/2649 4924/487/2650 4922/488/2651 4921/488/2652
f 4927/488/2653 4928/487/2654 4926/487/2655 4925/488/2656
f 4931/488/2657 4932/487/2658 4930/487/2659 4929/488/2660
f 4935/487/2661 4936/487/2662 4934/488/2663 4933/488/2664
f 4939/487/2665 4940/487/2666 4938/488/2667 4937/488/2668
f 4943/487/2669 4944/487/2670 4942/488/2671 4941/488/2672
f 4947/488/2673 4948/487/2674 4946/487/2675 4945/488/2676
f 4951/487/2677 4952/487/2678 4950/488/2679 4949/488/2680
f 4955/488/2681 4956/487/2682 4954/487/2683 4953/488/2684
f 4959/487/2685 4960/487/2676 4958/488/2686 4957/488/2687
f 4963/487/2688 4964/487/2689 4962/488/2690 4961/488/2691
f 4967/488/2692 4968/487/2693 4966/487/2694 4965/488/2695
f 4971/487/2696 4972/487/2697 4970/488/2698 4969/488/2699
f 4975/488/2700 4976/487/2701 4974/487/2702 4973/488/2703
f 4978/488/2704 4980/487/2705 4979/487/2706 4977/488/2707
f 4983/487/2708 4984/487/2709 4982/488/2710 4981/488/2711
f 4987/491/1704 4988/492/2712 4986/493/2713 4985/494/2714
f 4991/495/2715 4992/496/2715 4990/497/2716 4989/498/2716
f 4995/503/1688 4996/502/2717 4994/494/2175 4993/504/2718
f 4999/508/2719 5000/509/2720 4998/510/2721 4997/511/2722
f 5003/512/2723 5004/513/2724 5002/513/2723 5001/514/2187
f 5007/515/2725 5008/516/2726 5006/517/2721 5005/518/2727
f 5011/519/2728 5012/520/2729 5010/502/2730 5009/503/2731
f 5015/521/2732 5016/522/2200 5014/493/2200 5013/492/2732
f 5019/489/2733 5020/490/2734 5018/490/2735 5017/489/2736
f 5021/489/113 5022/490/10 5020/490/2734 5019/489/2733
f 5025/489/2428 5026/490/15 5024/490/2571 5023/489/2737
f 5027/489/95 5028/490/13 5026/490/15 5025/489/2428
f 5031/489/116 5032/490/2738 5030/490/2739 5029/489/2740
f 5033/489/12 5034/490/585 5032/490/2738 5031/489/116
f 5037/524/95 5038/524/95 5036/523/95 5035/523/585
f 5041/523/96 5042/524/2418 5040/524/96 5039/523/586
f 5045/524/14 5046/524/814 5044/523/10 5043/523/586
f 5049/523/10 5050/524/8 5048/524/113 5047/523/96
f 5053/524/10 5054/524/10 5052/523/10 5051/523/11
f 5057/524/585 5058/524/2508 5056/523/585 5055/523/99
f 5061/523/95 5062/524/95 5060/524/95 5059/523/95
f 5065/524/13 5066/524/13 5064/523/10 5063/523/99
f 5069/523/12 5070/524/10 5068/524/10 5067/523/95
f 5073/524/95 5074/524/2618 5072/523/95 5071/523/2567
f 5077/505/1244 5078/494/1244 5076/525/1244 5075/506/2741
f 5081/521/2742 5082/492/2743 5080/492/2744 5079/491/2745
f 5085/494/2746 5086/526/2747 5084/527/2151 5083/491/2152
f 5089/509/649 5090/502/64 5088/528/649 5087/529/649
f 5093/491/2748 5094/527/2749 5092/500/2750 5091/499/2751
f 5097/530/119 5098/510/119 5096/517/119 5095/516/119
f 5101/507/2203 5102/506/2203 5100/531/2752 5099/522/2205
f 5105/502/2753 5106/501/2754 5104/526/2753 5103/494/2753
f 5109/515/1664 5110/518/2755 5108/543/2756 5107/530/2757
f 5113/532/2758 5114/533/2758 5112/505/2197 5111/532/1708
f 5117/494/2759 5118/493/2759 5116/493/2759 5115/522/2759
f 5121/504/2760 5122/514/2760 5120/520/2761 5119/519/2762
f 5125/495/1699 5126/534/2763 5124/535/2764 5123/496/2765
f 5129/534/2766 5130/536/2766 5128/535/2766 5127/534/2766
f 5133/510/2165 5134/537/2767 5132/528/1676 5131/520/2768
f 5137/522/2769 5138/531/2769 5136/525/2770 5135/494/2771
f 5141/511/118 5142/510/118 5140/541/118 5139/511/118
f 5145/530/2772 5146/543/2773 5144/510/2774 5143/530/2775
f 5149/504/2776 5150/494/2777 5148/514/2778 5147/504/2779
f 5153/498/322 5154/497/322 5152/536/322 5151/534/322
f 5157/514/2751 5158/513/2780 5156/544/2781 5155/520/2782
f 5161/502/2783 5162/520/2784 5160/528/2766 5159/528/2785
f 5165/520/2786 5166/544/1681 5164/545/2787 5163/518/2788
f 5169/532/2789 5170/539/2790 5168/533/2742 5167/532/2742
f 5173/538/2791 5174/532/2791 5172/505/2791 5171/507/2791
f 5177/540/2792 5178/542/2793 5176/509/2149 5175/508/2149
f 5181/509/2794 5182/529/2795 5180/537/2796 5179/510/2797
f 5185/490/2798 5186/489/2508 5184/489/585 5183/490/96
f 5185/490/2798 5187/490/2799 5188/489/2421 5186/489/2508
f 5189/546/2800 5190/547/2801 5191/548/96
f 5208/549/2802 5192/550/10 5191/548/96 5190/547/2801
f 5198/551/2803 5193/552/2804 5191/548/96 5192/550/10
f 5196/553/2805 5194/554/2627 5191/548/96 5193/552/2804
f 5191/548/96 5194/554/2627 5195/555/2806
f 5197/556/113 5193/552/2804 5198/551/2803 5203/557/2807
f 5199/558/454 5193/552/2804 5197/556/113
f 5202/562/2808 5200/561/2809 5198/551/2803
f 5204/560/2427 5203/557/2807 5198/551/2803 5200/561/2809
f 5192/550/10 5206/563/14 5201/564/2433 5198/551/2803
f 5203/557/2807 5205/559/113 5197/556/113
f 5192/550/10 5207/565/2800 5206/563/14
f 5210/489/2801 5212/489/11 5211/490/9 5209/490/2810
f 5212/489/11 5214/489/8 5213/490/2430 5211/490/9
f 5216/489/2811 5218/489/12 5217/490/12 5215/490/2812
f 5218/489/12 5220/489/2553 5219/490/15 5217/490/12
f 5222/489/2813 5224/489/2525 5223/490/2814 5221/490/2815
f 5224/489/2525 5226/489/14 5225/490/14 5223/490/2814
f 5230/466/2 5229/467/105 5227/468/16 5228/467/6
f 5231/467/19 5229/467/105 5230/466/2 5232/467/16
f 5233/467/17 5232/467/16 5230/466/2 5234/467/16
f 5235/467/19 5234/467/16 5230/466/2 5236/467/17
f 5237/467/17 5236/467/17 5230/466/2 5238/467/307
f 5239/467/1371 5238/467/307 5230/466/2 5240/467/16
f 5241/467/17 5240/467/16 5230/466/2 5242/467/16
f 5243/467/16 5242/467/16 5230/466/2 5244/467/16
f 5245/467/16 5244/467/16 5230/466/2 5246/467/105
f 5247/467/19 5246/467/105 5230/466/2 5228/467/6
f 5250/469/1774 5251/470/2816 5249/467/1154 5248/468/1155
f 5254/469/2817 5255/470/1153 5253/467/1150 5252/468/1151
f 5258/469/1128 5259/470/1172 5257/467/1840 5256/468/2818
f 5262/469/2819 5263/470/1125 5261/467/2820 5260/468/2246
f 5266/469/1160 5267/470/1161 5265/467/2821 5264/468/1159
f 5270/469/1767 5271/470/2822 5269/467/1138 5268/468/1139
f 5274/469/1136 5275/470/2823 5273/467/2824 5272/468/1764
f 5278/469/1283 5279/470/1191 5277/467/1771 5276/468/1147
f 5282/469/1144 5283/470/1770 5281/467/1142 5280/468/2825
f 5286/469/1120 5287/470/1121 5285/467/1279 5284/468/1119
f 5290/469/1116 5291/470/2826 5289/467/2827 5288/468/2828
f 5294/469/2829 5295/470/1133 5293/467/1763 5292/468/1131
f 5298/469/2337 5299/470/2339 5297/467/1260 5296/468/1171
f 5302/469/1184 5303/470/2817 5301/467/1786 5300/468/2830
f 5306/469/2831 5307/470/2832 5305/467/2833 5304/468/2834
f 5310/469/1277 5311/470/1192 5309/467/2835 5308/468/1190
f 5314/469/1187 5315/470/2836 5313/467/2319 5312/468/1789
f 5318/469/1779 5319/470/1136 5317/467/1166 5316/468/1778
f 5322/469/1180 5323/470/2837 5321/467/1829 5320/468/1784
f 5326/469/2838 5327/470/1177 5325/467/2839 5324/468/1175
f 5330/471/2840 5331/472/2841 5329/473/2842 5328/474/2843
f 5334/474/2844 5335/471/2845 5333/472/2846 5332/473/2847
f 5338/471/2265 5339/472/2848 5337/473/2312 5336/474/2849
f 5342/471/2850 5343/472/2301 5341/473/2270 5340/474/2851
f 5346/471/2272 5347/472/2852 5345/473/2853 5344/474/2279
f 5350/471/2854 5351/472/2855 5349/473/2277 5348/474/2856
f 5354/471/2279 5355/472/2274 5353/473/2857 5352/474/2858
f 5358/471/2859 5359/472/2860 5357/473/2284 5356/474/2861
f 5362/471/2286 5363/472/2862 5361/473/2863 5360/474/2289
f 5366/471/2305 5367/472/2305 5365/473/2292 5364/474/2292
f 5370/471/2864 5371/472/2865 5369/473/2295 5368/474/2296
f 5374/471/2297 5375/472/2866 5373/473/2299 5372/474/2299
f 5378/474/2850 5379/471/2302 5377/472/2867 5376/473/2868
f 5382/471/2856 5383/472/2277 5381/473/2869 5380/474/2870
f 5386/474/2871 5387/471/2872 5385/472/2872 5384/473/2873
f 5390/471/2271 5391/472/2270 5389/473/2316 5388/474/2874
f 5394/475/1187 5395/476/2875 5393/477/1788 5392/478/2876
f 5398/479/97 5399/480/97 5397/481/15 5396/482/15
f 5402/475/1241 5403/476/2877 5401/477/1239 5400/478/2878
f 5406/478/2323 5407/475/2879 5405/476/2325 5404/477/2786
f 5410/475/1774 5411/476/2880 5409/477/1154 5408/478/2881
f 5414/475/1283 5415/476/2882 5413/477/2175 5412/478/2883
f 5418/475/1128 5419/476/2332 5417/477/1840 5416/478/2884
f 5422/478/2885 5423/475/2886 5421/476/2887 5420/477/2888
f 5426/475/2831 5427/476/2889 5425/477/1162 5424/478/2890
f 5430/475/1262 5431/476/1263 5429/477/1260 5428/478/2891
f 5434/475/2892 5435/476/2341 5433/477/1158 5432/478/2893
f 5438/475/1767 5439/476/2343 5437/477/1138 5436/478/2894
f 5442/475/1132 5443/476/1266 5441/477/1763 5440/478/2895
f 5446/475/1782 5447/476/2896 5445/477/1174 5444/478/2351
f 5450/475/2817 5451/476/2897 5449/477/1150 5448/478/1855
f 5454/475/1144 5455/476/2898 5453/477/1249 5452/478/2899
f 5458/475/2900 5459/476/2356 5457/477/1114 5456/478/2357
f 5462/475/2250 5463/476/1281 5461/477/2359 5460/478/2360
f 5466/468/2366 5467/469/2901 5465/470/2447 5464/467/2902
f 5470/468/2903 5471/469/2904 5469/470/2905 5468/467/2906
f 5474/469/2369 5475/470/2907 5473/467/2908 5472/468/2909
f 5478/469/2373 5479/470/2457 5477/467/2460 5476/468/2910
f 5482/468/2911 5483/469/2912 5481/470/2913 5480/467/2914
f 5486/469/2915 5487/470/2916 5485/467/2917 5484/468/2918
f 5490/469/2919 5491/470/2920 5489/467/2921 5488/468/2922
f 5494/469/2923 5495/470/2924 5493/467/2390 5492/468/2925
f 5498/469/2926 5499/470/2927 5497/467/2391 5496/468/2392
f 5502/468/2928 5503/469/2392 5501/470/2391 5500/467/2395
f 5506/469/2929 5507/470/2930 5505/467/2931 5504/468/2932
f 5510/469/2933 5511/470/2934 5509/467/2935 5508/468/2936
f 5514/468/2937 5515/469/2938 5513/470/2939 5512/467/2940
f 5518/468/2941 5519/469/2942 5517/470/2943 5516/467/2944
f 5522/469/2945 5523/470/2946 5521/467/2947 5520/468/2948
f 5526/482/12 5527/480/2949 5525/482/95 5524/482/2950
f 5527/480/2949 5526/482/12 5528/480/10
f 5526/482/12 5529/479/2567 5530/480/97 5528/480/10
f 5531/480/95 5532/480/2951 5525/482/95 5527/480/2949
f 5563/482/868 5525/482/95 5532/480/2951 5533/482/115
f 5534/480/12 5535/480/2811 5533/482/115 5532/480/2951
f 5562/482/2553 5533/482/115 5535/480/2811 5536/482/96
f 5537/480/96 5538/480/2952 5536/482/96 5535/480/2811
f 5561/482/2953 5536/482/96 5538/480/2952 5539/482/97
f 5540/480/96 5541/480/2954 5539/482/97 5538/480/2952
f 5543/480/2567 5544/480/2955 5542/482/96 5541/480/2954
f 5560/482/2956 5539/482/97 5541/480/2954 5542/482/96
f 5546/480/14 5547/480/2957 5545/482/10 5544/480/2955
f 5559/482/586 5542/482/96 5544/480/2955 5545/482/10
f 5558/482/2958 5545/482/10 5547/480/2957 5548/482/12
f 5549/480/12 5550/480/2429 5548/482/12 5547/480/2957
f 5551/482/13 5557/482/2959 5548/482/12 5550/480/2429
f 5552/480/11 5553/480/2567 5551/482/13 5550/480/2429
f 5553/480/2567 5555/481/12 5554/482/13
f 5556/482/2508 5551/482/13 5553/480/2567 5554/482/13
f 5566/477/10 5567/477/10 5565/477/113 5564/476/2517
f 5566/477/10 5568/477/2960 5567/477/10
f 5571/477/11 5572/477/10 5565/477/113 5567/477/10
f 5569/477/11 5570/477/95 5567/477/10
f 5573/477/2582 5571/477/11 5567/477/10 5570/477/95
f 5572/477/10 5571/477/11 5574/477/13 5578/477/95
f 5577/477/2811 5574/477/13 5571/477/11 5575/477/8
f 5571/477/11 5576/477/12 5575/477/8
f 5578/477/95 5574/477/13 5579/477/99
f 5580/477/13 5572/477/10 5578/477/95
f 5572/477/10 5581/477/2738 5582/477/96 5565/477/113
f 5583/477/10 5565/477/113 5582/477/96
f 5586/483/2961 5587/484/2962 5585/485/2963 5584/486/2964
f 5586/483/2961 5588/483/2965 5589/484/2966 5587/484/2962
f 5590/483/2441 5592/484/2967 5591/485/2968 5588/483/2443
f 5594/483/2969 5593/484/2970 5592/484/2967 5590/483/2441
f 5596/483/2446 5595/484/2447 5593/484/2970 5594/483/2969
f 5598/483/2971 5599/484/2972 5597/485/2973 5596/483/2974
f 5601/483/2975 5602/484/2976 5600/485/2452 5598/483/2453
f 5601/483/2975 5603/483/2977 5606/484/2455 5602/484/2976
f 5604/483/2978 5607/484/2371 5605/485/2455 5603/483/2458
f 5604/483/2978 5609/483/2463 5608/484/2460 5607/484/2371
f 5610/483/2979 5612/484/2380 5611/485/2980 5609/483/2981
f 5610/483/2979 5614/483/2982 5613/484/2465 5612/484/2380
f 5614/483/2982 5616/483/2983 5615/484/2984 5613/484/2465
f 5616/483/2983 5618/483/2985 5617/484/2469 5615/484/2984
f 5619/483/2986 5621/484/2475 5620/485/2469 5618/483/2987
f 5622/483/2473 5624/484/2930 5623/485/2475 5619/483/2476
f 5625/483/2482 5627/484/2988 5626/485/2930 5622/483/2989
f 5628/483/2480 5630/484/2990 5629/485/2991 5625/483/2482
f 5631/483/2992 5633/484/2484 5632/485/2481 5628/483/2993
f 5634/483/2994 5585/485/2995 5633/484/2484 5631/483/2992
f 5637/471/2874 5638/472/2996 5636/473/2997 5635/474/2998
f 5641/487/2999 5642/487/3000 5640/488/3001 5639/488/1101
f 5642/487/3000 5643/487/2495 5645/488/3002 5640/488/3001
f 5643/487/2495 5644/487/2803 5646/488/3003 5645/488/3002
f 5648/488/3004 5650/487/3005 5649/487/12 5647/488/585
f 5654/488/3006 5651/487/3007 5650/487/3005 5648/488/3004
f 5660/487/3008 5653/487/3009 5651/487/3007 5652/487/3010
f 5655/488/2430 5652/487/3010 5651/487/3007 5654/488/3006
f 5654/488/3006 5656/488/114 5657/488/3011 5655/488/2430
f 5658/488/10 5659/487/13 5652/487/3010 5655/488/2430
f 5663/487/3012 5664/487/96 5662/487/3013 5661/487/585
f 5663/487/3012 5665/488/3014 5671/488/2419 5664/487/96
f 5666/487/2516 5667/488/3015 5665/488/3014 5663/487/3012
f 5668/487/96 5669/488/2804 5667/488/3015 5666/487/2516
f 5672/488/3016 5671/488/2419 5665/488/3014 5670/488/3017
f 5673/488/10 5674/487/3018 5664/487/96 5671/488/2419
f 5677/487/3019 5678/487/2512 5676/488/3020 5675/488/2419
f 5678/487/2512 5679/487/3021 5681/488/2516 5676/488/3020
f 5679/487/3021 5680/487/2951 5682/488/814 5681/488/2516
f 5684/489/707 5686/490/3022 5685/490/2806 5683/489/3023
f 5688/489/3024 5687/490/2424 5686/490/3022 5684/489/707
f 5691/487/3025 5692/487/14 5690/487/3026 5689/487/2571
f 5691/487/3025 5693/488/3027 5699/488/586 5692/487/14
f 5694/487/2575 5695/488/3028 5693/488/3027 5691/487/3025
f 5694/487/2575 5696/487/96 5697/488/10 5695/488/3028
f 5701/488/3029 5699/488/586 5693/488/3027 5698/488/3030
f 5700/488/12 5702/487/96 5692/487/14 5699/488/586
f 5704/489/95 5706/490/95 5705/490/3031 5703/489/3032
f 5704/489/95 5708/489/13 5707/490/10 5706/490/95
f 5710/487/3033 5712/487/3034 5711/488/3035 5709/488/3036
f 5712/487/3034 5714/487/3037 5713/488/3038 5711/488/3035
f 5714/487/3037 5716/487/2553 5715/488/113 5713/488/3038
f 5718/487/3001 5720/487/13 5719/487/2494 5717/487/3039
f 5718/487/3001 5724/488/3040 5721/488/96 5720/487/13
f 5723/488/8 5722/487/96 5720/487/13 5721/488/96
f 5725/488/3041 5721/488/96 5724/488/3040 5726/488/3042
f 5729/487/2493 5727/488/3043 5724/488/3040 5718/487/3001
f 5730/487/96 5728/488/11 5727/488/3043 5729/487/2493
f 5733/487/3044 5734/488/3045 5732/488/8 5731/487/12
f 5733/487/3044 5735/487/3046 5737/488/3047 5734/488/3045
f 5735/487/3046 5736/487/10 5738/488/12 5737/488/3047
f 5740/488/10 5742/488/3048 5741/487/2547 5739/487/10
f 5742/488/3048 5744/488/3049 5743/487/3050 5741/487/2547
f 5744/488/3049 5748/488/114 5745/487/10 5743/487/3050
f 5743/487/3050 5745/487/10 5747/487/2804 5746/487/3051
f 5748/488/114 5750/488/97 5749/487/97 5745/487/10
f 5744/488/3049 5752/488/3052 5751/488/2508 5748/488/114
f 5754/488/3053 5756/487/3054 5755/487/96 5753/488/96
f 5758/488/3055 5757/487/3056 5756/487/3054 5754/488/3053
f 5760/488/2525 5759/487/3057 5757/487/3056 5758/488/3055
f 5763/488/3058 5764/487/3059 5762/487/3060 5761/488/3061
f 5765/488/3062 5766/487/3063 5764/487/3059 5763/488/3058
f 5767/488/10 5770/487/585 5766/487/3063 5765/488/3062
f 5765/488/3062 5768/488/10 5769/488/10 5767/488/10
f 5771/488/10 5772/487/10 5770/487/585 5767/488/10
f 5773/487/2597 5774/487/3031 5766/487/3063 5770/487/585
f 5777/487/3064 5778/488/3065 5776/488/3066 5775/487/3067
f 5777/487/3064 5779/487/3068 5781/488/3069 5778/488/3065
f 5780/487/10 5782/488/95 5781/488/3069 5779/487/3068
f 5785/488/98 5786/488/3070 5784/487/3071 5783/487/814
f 5786/488/3070 5787/488/3072 5790/487/3073 5784/487/3071
f 5787/488/3072 5789/488/3074 5796/488/3075 5788/488/2424
f 5787/488/3072 5788/488/2424 5791/487/3019 5790/487/3073
f 5790/487/3073 5791/487/3019 5793/487/3076 5792/487/3009
f 5795/488/98 5794/487/97 5791/487/3019 5788/488/2424
f 5799/488/3077 5800/487/3078 5798/487/9 5797/488/2428
f 5801/488/3079 5803/487/3080 5800/487/3078 5799/488/3077
f 5801/488/3079 5802/488/2571 5804/487/3081 5803/487/3080
f 5806/487/3082 5808/488/3083 5807/488/3084 5805/487/3085
f 5806/487/3082 5810/487/3086 5809/488/2610 5808/488/3083
f 5812/487/10 5811/488/2738 5809/488/2610 5810/487/3086
f 5815/488/95 5816/488/3087 5814/487/3088 5813/487/10
f 5817/488/3089 5818/487/3090 5814/487/3088 5816/488/3087
f 5817/488/3089 5819/488/2429 5823/487/95 5818/487/3090
f 5817/488/3089 5820/488/3091 5821/488/115 5819/488/2429
f 5825/487/10 5823/487/95 5819/488/2429 5822/488/814
f 5824/487/3092 5826/487/3093 5818/487/3090 5823/487/95
f 5828/488/3094 5830/487/3095 5829/487/96 5827/488/10
f 5833/488/3096 5831/487/3097 5830/487/3095 5828/488/3094
f 5834/488/3061 5832/487/2618 5831/487/3097 5833/488/3096
f 5837/488/3098 5838/487/3099 5836/487/99 5835/488/114
f 5837/488/3098 5839/488/3100 5842/487/3101 5838/487/3099
f 5839/488/3100 5841/488/3102 5848/488/3016 5840/488/1101
f 5840/488/1101 5844/487/585 5842/487/3101 5839/488/3100
f 5842/487/3101 5844/487/585 5845/487/3103 5843/487/3104
f 5847/488/11 5846/487/15 5844/487/585 5840/488/1101
f 5851/487/2603 5852/487/2619 5850/488/3105 5849/488/14
f 5852/487/2619 5853/487/2598 5854/488/3106 5850/488/3105
f 5853/487/2598 5855/487/694 5856/488/585 5854/488/3106
f 5858/488/3107 5860/487/3108 5859/487/95 5857/488/3109
f 5862/488/3110 5861/487/3111 5860/487/3108 5858/488/3107
f 5867/488/3112 5863/487/2798 5861/487/3111 5862/488/3110
f 5865/487/3113 5864/487/3114 5861/487/3111 5863/487/2798
f 5868/488/15 5866/487/114 5863/487/2798 5867/488/3112
f 5862/488/3110 5870/488/3115 5869/488/3116 5867/488/3112
f 5873/487/3117 5874/487/3118 5872/488/3119 5871/488/3120
f 5877/488/3121 5878/487/3122 5876/487/2710 5875/488/3123
f 5881/488/3124 5882/487/2644 5880/487/2644 5879/488/3125
f 5884/488/3126 5886/487/3127 5885/487/3128 5883/488/3129
f 5889/487/3130 5890/487/3131 5888/488/3132 5887/488/3133
f 5893/488/3134 5894/487/3135 5892/487/3136 5891/488/2653
f 5897/488/3137 5898/487/3138 5896/487/3139 5895/488/3140
f 5901/487/3141 5902/487/2651 5900/488/2663 5899/488/3142
f 5905/487/3143 5906/487/3144 5904/488/3145 5903/488/3146
f 5909/487/3147 5910/487/2670 5908/488/3148 5907/488/3149
f 5913/487/3150 5914/487/3151 5912/488/3152 5911/488/3153
f 5917/488/3154 5918/487/3155 5916/487/3156 5915/488/3157
f 5921/487/2676 5922/487/3158 5920/488/2686 5919/488/2696
f 5925/487/3159 5926/487/3160 5924/488/3161 5923/488/3162
f 5929/488/3163 5930/487/3164 5928/487/3165 5927/488/3166
f 5933/487/3167 5934/487/3168 5932/488/3169 5931/488/2699
f 5937/488/2700 5938/487/3170 5936/487/3171 5935/488/3172
f 5941/488/3173 5942/487/3174 5940/487/3175 5939/488/3176
f 5945/487/3177 5946/487/3178 5944/488/2710 5943/488/3179
f 5949/491/2193 5950/492/2193 5948/493/1702 5947/494/3180
f 5953/495/2716 5954/496/3181 5952/497/2716 5951/498/2716
f 5957/503/3182 5958/502/3183 5956/494/3182 5955/504/3184
f 5961/508/3185 5962/509/3185 5960/510/3186 5959/511/3186
f 5965/512/3187 5966/513/3187 5964/513/2723 5963/514/2187
f 5969/515/2725 5970/516/3188 5968/517/3188 5967/518/2727
f 5973/519/3189 5974/520/3190 5972/502/3191 5971/503/3192
f 5977/489/3057 5978/490/3193 5976/490/3194 5975/489/3195
f 5979/489/12 5980/490/97 5978/490/3193 5977/489/3057
f 5983/489/2803 5984/490/586 5982/490/3196 5981/489/3197
f 5985/489/695 5986/490/14 5984/490/586 5983/489/2803
f 5989/489/117 5990/490/97 5988/490/14 5987/489/814
f 5991/489/13 5992/490/96 5990/490/97 5989/489/117
f 5995/524/12 5996/524/585 5994/523/695 5993/523/14
f 5999/523/14 6000/524/95 5998/524/14 5997/523/868
f 6003/524/13 6004/524/99 6002/523/114 6001/523/10
f 6007/523/97 6008/524/586 6006/524/96 6005/523/585
f 6011/524/113 6012/524/2430 6010/523/10 6009/523/10
f 6015/524/12 6016/524/15 6014/523/114 6013/523/98
f 6019/523/10 6020/524/10 6018/524/113 6017/523/96
f 6023/523/97 6024/524/12 6022/524/14 6021/523/586
f 6027/524/95 6028/524/2553 6026/523/8 6025/523/113
f 6031/505/3198 6032/494/1733 6030/525/1733 6029/506/3198
f 6035/521/2790 6036/492/2790 6034/492/2790 6033/491/2790
f 6039/494/1836 6040/526/1657 6038/527/1258 6037/491/2152
f 6043/509/64 6044/502/78 6042/528/64 6041/529/78
f 6047/491/2782 6048/527/3199 6046/500/3200 6045/499/2751
f 6051/530/119 6052/510/119 6050/517/119 6049/516/119
f 6055/507/3201 6056/506/2203 6054/531/3202 6053/522/3203
f 6059/502/3204 6060/501/3205 6058/526/3206 6057/494/3207
f 6063/515/3208 6064/518/3209 6062/543/3210 6061/530/3210
f 6067/532/2198 6068/533/3211 6066/505/3212 6065/532/3213
f 6071/494/3214 6072/493/3215 6070/493/3216 6069/522/3216
f 6075/504/3217 6076/514/3218 6074/520/3217 6073/519/3219
f 6079/495/3220 6080/534/3221 6078/535/3222 6077/496/3220
f 6083/534/3223 6084/536/2766 6082/535/2766 6081/534/3224
f 6087/510/2165 6088/537/3225 6086/528/2164 6085/520/1676
f 6091/532/2180 6092/538/2181 6090/507/3226 6089/539/3227
f 6095/522/2770 6096/531/2770 6094/525/2776 6093/494/2776
f 6099/540/3228 6100/511/3229 6098/541/3230 6097/542/3231
f 6103/511/118 6104/510/118 6102/541/118 6101/511/118
f 6107/530/3232 6108/543/3233 6106/510/3233 6105/530/3233
f 6111/504/3234 6112/494/3235 6110/514/3234 6109/504/2776
f 6115/498/120 6116/497/120 6114/536/120 6113/534/120
f 6119/502/2766 6120/520/3236 6118/528/3236 6117/528/3223
f 6123/520/2171 6124/544/3237 6122/545/3238 6121/518/3239
f 6127/532/2744 6128/539/2789 6126/533/2789 6125/532/2744
f 6130/538/3240 6132/532/3241 6131/505/3240 6129/507/3242
f 6135/540/1654 6136/542/3243 6134/509/1286 6133/508/3244
f 6139/509/3245 6140/529/2715 6138/537/3245 6137/510/2716
f 6143/518/3246 6144/545/3247 6142/513/3248 6141/512/3249
f 6147/490/3057 6148/489/2433 6146/489/12 6145/490/586
f 6147/490/3057 6149/490/3250 6150/489/3251 6148/489/2433
f 6151/546/113 6152/547/114 6153/548/95
f 6170/549/3252 6154/550/12 6153/548/95 6152/547/114
f 6159/551/95 6155/552/10 6153/548/95 6154/550/12
f 6158/553/3253 6156/554/3074 6153/548/95 6155/552/10
f 6153/548/95 6156/554/3074 6157/555/12
f 6160/556/99 6155/552/10 6159/551/95 6163/557/95
f 6161/558/113 6155/552/10 6160/556/99
f 6163/557/95 6162/559/2800 6160/556/99
f 6164/560/8 6163/557/95 6159/551/95 6165/561/2567
f 6166/562/113 6165/561/2567 6159/551/95
f 6154/550/12 6168/563/3041 6167/564/3254 6159/551/95
f 6154/550/12 6169/565/113 6168/563/3041
f 6173/489/96 6174/489/96 6172/490/3019 6171/490/3255
f 6174/489/96 6175/489/2567 6176/490/113 6172/490/3019
f 6178/489/3256 6180/489/3257 6179/490/2429 6177/490/3258
f 6180/489/3257 6182/489/10 6181/490/14 6179/490/2429
f 6184/489/2956 6186/489/3259 6185/490/3260 6183/490/96
f 6186/489/3259 6188/489/95 6187/490/99 6185/490/3260
f 6190/489/1101 6192/489/96 6191/490/2951 6189/490/3030
f 6192/489/96 6194/489/585 6193/490/12 6191/490/2951
usemtl Lights_Mat
f 6196/566/3261 6198/566/3262 6197/566/3263 6195/566/3264
f 6200/566/3265 6199/566/3266 6198/566/3262 6196/566/3261
f 6202/566/3267 6201/566/3268 6199/566/3266 6200/566/3265
f 6204/567/3269 6206/567/459 6205/567/929 6203/567/3270
f 6204/567/3269 6208/567/123 6207/567/123 6206/567/459
f 6210/568/3271 6212/568/3272 6211/568/3273 6209/568/3274
f 6212/568/3272 6214/568/3275 6213/568/3276 6211/568/3273
f 6214/568/3275 6216/568/3277 6215/568/3278 6213/568/3276
f 6218/569/3279 6220/569/933 6219/569/3280 6217/569/3281
f 6222/569/3282 6221/569/120 6219/569/3280 6220/569/933
f 6224/570/965 6226/571/812 6225/572/65 6223/573/3283
f 6226/571/812 6228/574/78 6227/575/65 6225/572/65
f 6228/574/78 6230/576/61 6229/577/965 6227/575/65
f 6232/578/682 6231/579/89 6229/577/965 6230/576/61
f 6234/580/61 6233/581/958 6231/579/89 6232/578/682
f 6235/581/61 6236/580/71 6237/579/61
f 6236/580/71 6239/578/965 6238/577/649 6237/579/61
f 6239/578/965 6240/576/78 6238/577/649
f 6240/576/78 6242/574/90 6241/575/65 6238/577/649
f 6244/571/78 6243/572/3284 6241/575/65 6242/574/90
f 6246/570/3285 6245/573/3286 6243/572/3284 6244/571/78
