# Blender 5.1.1
# www.blender.org
mtllib car1.mtl
o Demo_ColorVar2_Material_0.4611
v 0.418934 0.298916 -0.265281
v 0.241610 0.319007 -0.254273
v 0.418810 0.315023 -0.095538
v 0.418814 0.317242 -0.006348
v 0.241499 0.333500 -0.095531
v -0.101046 0.332262 -0.095539
v 0.241498 0.335718 -0.006351
v -0.108556 0.334480 -0.006354
v 0.241496 0.333499 0.082828
v -0.101044 0.332262 0.082830
v 0.241611 0.319007 0.241570
v 0.418813 0.315023 0.082831
v 0.418928 0.298916 0.252581
v -0.064475 0.326567 0.226433
v -0.064480 0.326567 -0.239137
v 0.895465 -0.042927 -0.166085
v 0.895462 -0.032280 -0.176908
v 0.895465 -0.057984 -0.166085
v 0.895459 -0.039592 -0.157892
v 0.895467 -0.024228 -0.173519
v 0.895459 -0.061320 -0.157892
v 0.895467 -0.076684 -0.173519
v 0.895462 -0.076684 -0.195623
v 0.895462 -0.068631 -0.176908
v 0.895461 -0.068631 -0.192230
v 0.895465 -0.057984 -0.203059
v 0.895465 -0.042927 -0.203059
v 0.895464 -0.061320 -0.211247
v 0.895464 -0.039592 -0.211247
v 0.895462 -0.024228 -0.195623
v 0.895461 -0.032280 -0.192230
v 0.895466 -0.042927 0.153383
v 0.895466 -0.057984 0.153383
v 0.895461 -0.032280 0.164210
v 0.895464 -0.039592 0.145194
v 0.895463 -0.024228 0.160818
v 0.895464 -0.061320 0.145194
v 0.895463 -0.076684 0.160818
v 0.895468 -0.076684 0.182922
v 0.895461 -0.068631 0.164210
v 0.895463 -0.068631 0.179533
v 0.895467 -0.057984 0.190358
v 0.895467 -0.042927 0.190358
v 0.895459 -0.061320 0.198549
v 0.895459 -0.039592 0.198549
v 0.895468 -0.024228 0.182922
v 0.895463 -0.032280 0.179533
v -0.106551 0.229890 -0.412704
v -0.088138 0.229890 -0.407646
v -0.106551 0.210135 -0.412704
v -0.088138 0.210135 -0.407646
v -0.109179 0.205540 -0.408813
v -0.087867 0.205540 -0.402963
v -0.112709 0.198934 -0.400083
v -0.089294 0.198934 -0.393649
v -0.122624 0.198934 -0.364012
v -0.099208 0.198934 -0.357576
v -0.124016 0.202668 -0.354196
v -0.101812 0.202668 -0.348092
v -0.122955 0.202668 -0.343305
v -0.110246 0.202668 -0.339805
v -0.128702 0.201236 -0.311582
v -0.116575 0.201236 -0.312690
v -0.106551 0.210135 -0.412704
v -0.106551 0.229890 -0.412704
v -0.109179 0.205540 -0.408813
v -0.109179 0.235730 -0.408813
v -0.112709 0.198934 -0.400083
v -0.112709 0.241323 -0.400083
v -0.122624 0.198934 -0.364012
v -0.122624 0.241323 -0.364012
v -0.124016 0.202668 -0.354196
v -0.124016 0.233136 -0.354196
v -0.122955 0.202668 -0.343305
v -0.122955 0.227924 -0.343305
v -0.128702 0.201236 -0.311582
v -0.128702 0.216717 -0.311582
v -0.088138 0.229890 -0.407646
v -0.088735 0.228026 -0.404483
v -0.088138 0.210135 -0.407646
v -0.088735 0.211366 -0.404483
v -0.087867 0.205540 -0.402963
v -0.088506 0.207490 -0.400402
v -0.089294 0.198934 -0.393649
v -0.089740 0.201919 -0.392283
v -0.099208 0.198934 -0.357576
v -0.098387 0.201919 -0.360841
v -0.101812 0.202668 -0.348092
v -0.100660 0.205069 -0.352565
v -0.101812 0.233136 -0.348092
v -0.110246 0.202668 -0.339805
v -0.116575 0.201236 -0.312690
v -0.110246 0.227924 -0.339805
v -0.116575 0.216717 -0.312690
v -0.100660 0.230764 -0.352565
v -0.128702 0.201236 -0.311582
v -0.116575 0.201236 -0.312690
v -0.128702 0.216717 -0.311582
v -0.116575 0.216717 -0.312690
v -0.088735 0.228026 -0.404483
v -0.088138 0.229890 -0.407646
v -0.088506 0.232953 -0.400402
v -0.087867 0.235730 -0.402963
v -0.089740 0.237669 -0.392283
v -0.089294 0.241323 -0.393649
v -0.098387 0.237669 -0.360841
v -0.100660 0.230764 -0.352565
v -0.099208 0.241323 -0.357576
v -0.101812 0.233136 -0.348092
v -0.106551 0.229890 -0.412704
v -0.109179 0.235730 -0.408813
v -0.088138 0.229890 -0.407646
v -0.087867 0.235730 -0.402963
v -0.089294 0.241323 -0.393649
v -0.112709 0.241323 -0.400083
v -0.099208 0.241323 -0.357576
v -0.122624 0.241323 -0.364012
v -0.101812 0.233136 -0.348092
v -0.124016 0.233136 -0.354196
v -0.110246 0.227924 -0.339805
v -0.122955 0.227924 -0.343305
v -0.116575 0.216717 -0.312690
v -0.128702 0.216717 -0.311582
v -0.423409 0.206710 -0.083724
v -0.535975 0.198201 -0.083720
v -0.423409 0.208174 -0.006584
v -0.559133 0.197522 -0.006590
v -0.559131 0.196751 -0.059815
v -0.423409 0.208174 -0.006584
v -0.403828 0.196133 -0.006346
v -0.423409 0.206710 -0.083724
v -0.403827 0.194316 -0.099061
v -0.403827 0.194316 -0.099061
v -0.535975 0.198201 -0.083720
v -0.543551 0.183755 -0.099066
v -0.559131 0.196751 -0.059815
v -0.572286 0.181954 -0.070320
v -0.559133 0.197522 -0.006590
v -0.572290 0.182911 -0.006350
v -0.559128 0.197522 -0.006124
v -0.572281 0.181954 0.057628
v -0.559125 0.196751 0.047110
v -0.543553 0.183755 0.086361
v -0.403822 0.194316 0.086361
v -0.535976 0.198201 0.071019
v -0.423410 0.206710 0.071015
v -0.423404 0.208174 -0.006115
v -0.403822 0.194316 0.086361
v -0.403828 0.196133 -0.006346
v -0.403827 0.160042 -0.099061
v -0.403828 0.161860 -0.006346
v -0.543551 0.149481 -0.099066
v -0.389146 0.160929 -0.111148
v -0.389140 0.163012 -0.006349
v -0.550198 0.148867 -0.111139
v -0.585867 0.146539 -0.075482
v -0.572286 0.147681 -0.070320
v -0.585862 0.147573 -0.006351
v -0.585864 0.146539 0.062770
v -0.572290 0.148639 -0.006350
v -0.572281 0.147681 0.057628
v -0.543553 0.149481 0.086361
v -0.403822 0.160042 0.086361
v -0.550198 0.148867 0.098441
v -0.389141 0.160929 0.098441
v 0.663575 -0.071277 -0.238039
v 0.367427 -0.074635 -0.238035
v 0.641551 0.008284 -0.238040
v 0.373329 0.008252 -0.238037
v 0.609654 0.067699 -0.238038
v 0.403140 0.065188 -0.238034
v 0.541054 0.109863 -0.238039
v 0.485067 0.112843 -0.238033
v -0.718399 -0.076739 -0.246170
v -0.702468 -0.001596 -0.246174
v -0.432283 -0.080302 -0.246173
v -0.432283 -0.019106 -0.246173
v -0.454020 0.034441 -0.246169
v -0.492810 0.070129 -0.246167
v -0.573573 0.099643 -0.246175
v -0.641675 0.080751 -0.246177
v -0.684295 0.041886 -0.246169
v -0.641675 0.080751 -0.246177
v -0.573573 0.099643 -0.246175
v -0.641670 0.080751 -0.387526
v -0.573576 0.099643 -0.389031
v -0.492813 0.070129 -0.393848
v -0.454022 0.034441 -0.386614
v -0.492810 0.070129 -0.246167
v -0.454020 0.034441 -0.246169
v -0.432283 -0.019106 -0.246173
v -0.432283 -0.019106 -0.380177
v -0.641675 0.080751 -0.246177
v -0.641670 0.080751 -0.387526
v -0.684295 0.041886 -0.246169
v -0.684298 0.041886 -0.390131
v -0.702468 -0.001596 -0.246174
v -0.702466 -0.001596 -0.383282
v -0.718399 -0.076739 -0.246170
v -0.718396 -0.076739 -0.350988
v 0.967313 0.135029 -0.164790
v 0.967323 0.135029 -0.266064
v 0.975205 0.143225 -0.165251
v 0.971144 0.142670 -0.265883
v 0.975471 0.177308 -0.165248
v 0.972092 0.173990 -0.265856
v 0.971094 0.170275 -0.285873
v 0.970847 0.140464 -0.284961
v 0.962347 0.129404 -0.306985
v 0.961569 0.122222 -0.300862
v 0.937491 0.046631 -0.328317
v 0.942874 0.045054 -0.311196
v 0.975471 0.177308 -0.165248
v 0.972092 0.173990 -0.265856
v 0.964968 0.184454 -0.165250
v 0.961589 0.181137 -0.265857
v 0.960592 0.177421 -0.285874
v 0.971094 0.170275 -0.285873
v 0.924843 0.141275 -0.321027
v 0.962347 0.129404 -0.306985
v -0.101046 0.332262 -0.095539
v -0.108556 0.334480 -0.006354
v -0.112137 0.322780 -0.099243
v -0.064480 0.326567 -0.239137
v -0.078248 0.317720 -0.231411
v -0.219191 0.190542 -0.299494
v -0.211840 0.200228 -0.283772
v -0.260362 0.196086 -0.148790
v -0.249252 0.205583 -0.145071
v -0.278516 0.197567 -0.006353
v -0.266011 0.207639 -0.006348
v -0.260362 0.196085 0.136079
v -0.249252 0.205583 0.132377
v -0.219190 0.190542 0.286793
v -0.211839 0.200228 0.271059
v -0.064475 0.326567 0.226433
v -0.101044 0.332262 0.082830
v -0.078249 0.317720 0.218710
v -0.112141 0.322780 0.086536
v -0.119147 0.325945 -0.006357
v -0.389146 0.186802 -0.111148
v -0.550198 0.174740 -0.111139
v -0.389140 0.188885 -0.006349
v -0.260362 0.196086 -0.148790
v -0.670652 0.165357 -0.148863
v -0.278516 0.197567 -0.006353
v -0.260362 0.196085 0.136079
v -0.389141 0.186802 0.098441
v -0.670644 0.165357 0.136157
v -0.550198 0.174740 0.098441
v -0.861596 0.117085 0.136163
v -0.688938 0.165357 -0.006350
v -0.585864 0.172412 0.062770
v -0.585862 0.173446 -0.006351
v -0.585867 0.172412 -0.075482
v -0.879888 0.117085 -0.006359
v -0.861596 0.117085 -0.148862
v -0.106548 0.229889 0.399998
v -0.088133 0.229889 0.394936
v -0.106548 0.210135 0.399998
v -0.088133 0.210135 0.394936
v -0.109178 0.205540 0.396105
v -0.087864 0.205540 0.390255
v -0.112711 0.198934 0.387385
v -0.089288 0.198934 0.380945
v -0.122625 0.198934 0.351312
v -0.099203 0.198934 0.344868
v -0.124014 0.202668 0.341484
v -0.101815 0.202668 0.335385
v -0.122956 0.202668 0.330596
v -0.110244 0.202668 0.327104
v -0.128708 0.201236 0.298875
v -0.116577 0.201236 0.299982
v -0.106548 0.210135 0.399998
v -0.106548 0.229889 0.399998
v -0.109178 0.205540 0.396105
v -0.109178 0.235730 0.396105
v -0.112711 0.198934 0.387385
v -0.112711 0.241323 0.387385
v -0.122625 0.198934 0.351312
v -0.122625 0.241323 0.351312
v -0.124014 0.202668 0.341484
v -0.124014 0.233136 0.341484
v -0.122956 0.202668 0.330596
v -0.122956 0.227924 0.330596
v -0.128708 0.201236 0.298875
v -0.128708 0.216717 0.298875
v -0.088133 0.229889 0.394936
v -0.088740 0.228026 0.391777
v -0.088133 0.210135 0.394936
v -0.088740 0.211366 0.391777
v -0.087864 0.205540 0.390255
v -0.088497 0.207490 0.387699
v -0.089288 0.198934 0.380945
v -0.089744 0.201919 0.379577
v -0.099203 0.198934 0.344868
v -0.098383 0.201919 0.348139
v -0.101815 0.202668 0.335385
v -0.100658 0.205069 0.339867
v -0.101815 0.233136 0.335385
v -0.110244 0.202668 0.327104
v -0.110244 0.227924 0.327104
v -0.116577 0.201236 0.299982
v -0.116577 0.216717 0.299982
v -0.100658 0.230764 0.339867
v -0.128708 0.201236 0.298875
v -0.116577 0.201236 0.299982
v -0.128708 0.216717 0.298875
v -0.116577 0.216717 0.299982
v -0.088740 0.228026 0.391777
v -0.088133 0.229889 0.394936
v -0.088497 0.232953 0.387699
v -0.087864 0.235730 0.390255
v -0.089744 0.237669 0.379577
v -0.089288 0.241323 0.380945
v -0.098383 0.237669 0.348139
v -0.099203 0.241323 0.344868
v -0.100658 0.230764 0.339867
v -0.101815 0.233136 0.335385
v -0.106548 0.229889 0.399998
v -0.109178 0.235730 0.396105
v -0.088133 0.229889 0.394936
v -0.087864 0.235730 0.390255
v -0.089288 0.241323 0.380945
v -0.112711 0.241323 0.387385
v -0.099203 0.241323 0.344868
v -0.122625 0.241323 0.351312
v -0.101815 0.233136 0.335385
v -0.124014 0.233136 0.341484
v -0.110244 0.227924 0.327104
v -0.122956 0.227924 0.330596
v -0.116577 0.216717 0.299982
v -0.128708 0.216717 0.298875
v -0.105219 0.248417 0.290255
v -0.045355 0.311211 0.261249
v -0.080979 0.202883 0.311877
v 0.212797 0.196640 0.316019
v 0.228951 0.295421 0.275706
v 0.485066 0.112843 0.225337
v 0.541058 0.109863 0.225340
v 0.403140 0.065188 0.225337
v 0.609652 0.067699 0.225346
v 0.373328 0.008252 0.225332
v 0.367428 -0.074635 0.225336
v 0.641557 0.008284 0.225341
v 0.663580 -0.071277 0.225341
v -0.718395 -0.076739 0.233461
v -0.702465 -0.001596 0.233471
v -0.432280 -0.080302 0.233471
v -0.432280 -0.019106 0.233471
v -0.492813 0.070129 0.233468
v -0.454023 0.034441 0.233465
v -0.641672 0.080751 0.233467
v -0.573572 0.099643 0.233469
v -0.684298 0.041886 0.233467
v 0.967316 0.135029 0.152082
v 0.967318 0.135028 0.253362
v 0.975204 0.143225 0.152549
v 0.975464 0.177308 0.152542
v 0.971149 0.142670 0.253185
v 0.972089 0.173990 0.253150
v 0.970851 0.140464 0.272254
v 0.971089 0.170274 0.273173
v 0.962346 0.129404 0.294274
v 0.961560 0.122222 0.288156
v 0.937493 0.046631 0.315614
v 0.942873 0.045054 0.298488
v 0.960203 0.122101 -0.158337
v 0.972913 0.119382 -0.158333
v 0.947623 0.061615 -0.158337
v 0.960340 0.058897 -0.158338
v -0.088735 0.211366 -0.404483
v -0.088506 0.207490 -0.400402
v -0.088735 0.228026 -0.404483
v -0.088506 0.232953 -0.400402
v -0.089740 0.237669 -0.392283
v -0.089740 0.201919 -0.392283
v -0.098387 0.237669 -0.360841
v -0.098387 0.201919 -0.360841
v -0.100660 0.230764 -0.352565
v -0.100660 0.205069 -0.352565
v 0.881454 -0.042927 -0.166082
v 0.881454 -0.032280 -0.176919
v 0.881454 -0.057984 -0.166082
v 0.881457 -0.068631 -0.192232
v 0.881454 -0.068631 -0.176919
v 0.881462 -0.057984 -0.203059
v 0.881462 -0.042927 -0.203059
v 0.881457 -0.032280 -0.192232
v 0.881462 -0.042927 -0.203059
v 0.881457 -0.032280 -0.192232
v 0.895465 -0.042927 -0.203059
v 0.895461 -0.032280 -0.192230
v 0.895462 -0.032280 -0.176908
v 0.881454 -0.032280 -0.176919
v 0.895465 -0.042927 -0.166085
v 0.881454 -0.042927 -0.166082
v 0.895465 -0.057984 -0.203059
v 0.881462 -0.057984 -0.203059
v 0.895461 -0.068631 -0.192230
v 0.881457 -0.068631 -0.192232
v 0.895462 -0.068631 -0.176908
v 0.881454 -0.068631 -0.176919
v 0.895465 -0.057984 -0.166085
v 0.881454 -0.057984 -0.166082
v 0.881462 -0.057984 -0.203059
v 0.895465 -0.057984 -0.203059
v 0.881462 -0.042927 -0.203059
v 0.895465 -0.042927 -0.203059
v 0.881454 -0.042927 -0.166082
v 0.895465 -0.042927 -0.166085
v 0.881454 -0.057984 -0.166082
v 0.895465 -0.057984 -0.166085
v 0.960203 0.122101 -0.158337
v 0.972913 0.119382 -0.158333
v 0.960199 0.122101 -0.182631
v 0.972910 0.119382 -0.182627
v 0.947623 0.061615 -0.182623
v 0.960335 0.058897 -0.182632
v 0.947623 0.061615 -0.158337
v 0.960340 0.058897 -0.158338
v 0.960203 0.122101 -0.191829
v 0.972914 0.119382 -0.191825
v 0.960205 0.122101 -0.216113
v 0.972915 0.119382 -0.216109
v 0.947624 0.061615 -0.216113
v 0.960335 0.058897 -0.216109
v 0.947622 0.061615 -0.191830
v 0.960333 0.058897 -0.191825
v 0.960205 0.122101 -0.216113
v 0.972915 0.119382 -0.216109
v 0.947624 0.061615 -0.216113
v 0.960335 0.058897 -0.216109
v 0.960333 0.058897 -0.191825
v 0.972914 0.119382 -0.191825
v 0.947622 0.061615 -0.191830
v 0.960203 0.122101 -0.191829
v 0.960201 0.122101 -0.224443
v 0.972911 0.119382 -0.224439
v 0.960202 0.122101 -0.248728
v 0.972914 0.119382 -0.248738
v 0.947628 0.061615 -0.248732
v 0.960338 0.058897 -0.248729
v 0.947624 0.061615 -0.224435
v 0.960336 0.058897 -0.224445
v 0.960202 0.122101 -0.248728
v 0.972914 0.119382 -0.248738
v 0.947628 0.061615 -0.248732
v 0.960338 0.058897 -0.248729
v 0.960336 0.058897 -0.224445
v 0.972911 0.119382 -0.224439
v 0.947624 0.061615 -0.224435
v 0.960201 0.122101 -0.224443
v 0.960196 0.122101 -0.257059
v 0.972914 0.119382 -0.257059
v 0.960205 0.122101 -0.281348
v 0.972916 0.119382 -0.281344
v 0.947625 0.061615 -0.281348
v 0.960334 0.058897 -0.281344
v 0.947622 0.061615 -0.257064
v 0.960333 0.058897 -0.257060
v 0.960205 0.122101 -0.281348
v 0.972916 0.119382 -0.281344
v 0.947625 0.061615 -0.281348
v 0.960334 0.058897 -0.281344
v 0.960333 0.058897 -0.257060
v 0.972914 0.119382 -0.257059
v 0.947622 0.061615 -0.257064
v 0.960196 0.122101 -0.257059
v -0.884027 0.081289 -0.218386
v -0.884023 0.081289 -0.193193
v -0.818210 0.081289 -0.218383
v -0.818212 0.081289 -0.193199
v -0.884023 0.081289 -0.193193
v -0.884023 0.063479 -0.175392
v -0.818212 0.081289 -0.193199
v -0.818205 0.063479 -0.175388
v -0.818205 0.063479 -0.175388
v -0.884023 0.063479 -0.175392
v -0.818205 0.038292 -0.175388
v -0.884023 0.038292 -0.175392
v -0.818205 0.038292 -0.175388
v -0.884023 0.038292 -0.175392
v -0.818212 0.020483 -0.193199
v -0.884023 0.020483 -0.193193
v -0.818212 0.020483 -0.193199
v -0.818210 0.020483 -0.218383
v -0.884023 0.020483 -0.193193
v -0.884027 0.020483 -0.218386
v -0.884022 0.038292 -0.236193
v -0.884022 0.063479 -0.236193
v -0.818210 0.038292 -0.236199
v -0.818210 0.063479 -0.236199
v -0.818210 0.081289 -0.218383
v -0.884027 0.081289 -0.218386
v -0.808924 0.081289 -0.266261
v -0.872356 0.081289 -0.266259
v -0.808922 0.081289 -0.291444
v -0.872354 0.081289 -0.291444
v -0.808916 0.063479 -0.309250
v -0.872353 0.063479 -0.309258
v -0.872356 0.081289 -0.266259
v -0.808924 0.081289 -0.266261
v -0.872349 0.063479 -0.248448
v -0.808917 0.063479 -0.248449
v -0.872349 0.038292 -0.248448
v -0.808917 0.038292 -0.248449
v -0.872356 0.020483 -0.266259
v -0.808924 0.020483 -0.266261
v -0.808924 0.020483 -0.266261
v -0.872356 0.020483 -0.266259
v -0.808922 0.020483 -0.291444
v -0.872354 0.020483 -0.291444
v -0.808916 0.038292 -0.309250
v -0.872353 0.038292 -0.309258
v -0.872353 0.038292 -0.309258
v -0.872353 0.063479 -0.309258
v -0.808916 0.038292 -0.309250
v -0.808916 0.063479 -0.309250
v 0.568186 0.231188 -0.254682
v 0.577438 0.238484 -0.166816
v 0.434259 0.293005 -0.256470
v 0.430965 0.309216 -0.100403
v 0.432769 0.310964 -0.006345
v 0.582997 0.243366 -0.006353
v 0.430966 0.309216 0.087695
v 0.577439 0.238484 0.154112
v 0.434257 0.293005 0.243770
v 0.568188 0.231188 0.241981
v 0.228951 0.295421 -0.288411
v -0.045359 0.311211 -0.273953
v 0.212790 0.196640 -0.328716
v -0.080982 0.202883 -0.324580
v -0.105213 0.248417 -0.302961
v -0.211840 0.200228 -0.283772
v -0.078248 0.317720 -0.231411
v -0.249252 0.205583 -0.145071
v -0.112137 0.322780 -0.099243
v -0.266011 0.207639 -0.006348
v -0.119147 0.325945 -0.006357
v -0.249252 0.205583 0.132377
v -0.112141 0.322780 0.086536
v -0.211839 0.200228 0.271059
v -0.078249 0.317720 0.218710
v 0.116994 0.133309 -0.335043
v 0.200712 0.133309 -0.335046
v 0.116994 0.135514 -0.379489
v 0.200714 0.135514 -0.379492
v 0.116990 0.110009 -0.380752
v 0.200717 0.110009 -0.380760
v 0.116992 0.107804 -0.336320
v 0.200711 0.107804 -0.336322
v 0.116992 0.107804 -0.336320
v 0.116994 0.133309 -0.335043
v 0.116990 0.110009 -0.380752
v 0.116994 0.135514 -0.379489
v 0.116994 0.135514 -0.379489
v 0.200714 0.135514 -0.379492
v 0.116990 0.110009 -0.380752
v 0.200717 0.110009 -0.380760
v 0.200714 0.135514 -0.379492
v 0.200717 0.110009 -0.380760
v 0.200712 0.133309 -0.335046
v 0.200711 0.107804 -0.336322
v -0.559133 0.197522 -0.006590
v -0.572290 0.182911 -0.006350
v -0.423409 0.208174 -0.006584
v -0.403828 0.196133 -0.006346
v -0.403828 0.196133 -0.006346
v -0.572290 0.182911 -0.006350
v -0.403828 0.161860 -0.006346
v -0.572290 0.148639 -0.006350
v -0.403827 0.194316 -0.099061
v -0.403827 0.160042 -0.099061
v -0.543551 0.183755 -0.099066
v -0.543551 0.149481 -0.099066
v -0.572286 0.181954 -0.070320
v -0.572286 0.147681 -0.070320
v -0.572286 0.147681 -0.070320
v -0.572290 0.148639 -0.006350
v -0.572286 0.181954 -0.070320
v -0.572290 0.182911 -0.006350
v -0.572281 0.181954 0.057628
v -0.572281 0.147681 0.057628
v -0.403827 0.160042 -0.099061
v -0.403827 0.194316 -0.099061
v -0.403828 0.161860 -0.006346
v -0.403828 0.196133 -0.006346
v -0.403822 0.160042 0.086361
v -0.403822 0.194316 0.086361
v -0.550198 0.148867 -0.111139
v -0.550198 0.174740 -0.111139
v -0.389146 0.160929 -0.111148
v -0.389146 0.186802 -0.111148
v -0.389146 0.160929 -0.111148
v -0.389146 0.186802 -0.111148
v -0.389140 0.163012 -0.006349
v -0.389140 0.188885 -0.006349
v -0.389141 0.160929 0.098441
v -0.389141 0.186802 0.098441
v -0.585867 0.146539 -0.075482
v -0.585862 0.147573 -0.006351
v -0.585867 0.172412 -0.075482
v -0.585862 0.173446 -0.006351
v -0.585864 0.172412 0.062770
v -0.585864 0.146539 0.062770
v -0.550198 0.174740 0.098441
v -0.550198 0.148867 0.098441
v -0.585867 0.146539 -0.075482
v -0.550198 0.148867 -0.111139
v -0.585867 0.172412 -0.075482
v -0.550198 0.174740 -0.111139
v 0.366229 -0.097118 -0.358266
v 0.367431 -0.074635 -0.354826
v 0.366230 -0.097118 -0.331686
v 0.367427 -0.074635 -0.333043
v -0.847138 0.028383 -0.333128
v -0.866641 0.024230 -0.337153
v -0.851601 0.014657 -0.307808
v -0.873873 0.009597 -0.316271
v -0.891417 0.014657 -0.006354
v -0.913686 0.008031 -0.006354
v -0.851598 0.014656 0.295107
v -0.873871 0.009596 0.303558
v -0.847136 0.028383 0.320413
v -0.866642 0.024230 0.324452
v -0.868232 -0.002716 -0.316385
v -0.908046 -0.002716 -0.006352
v -0.860373 0.018328 -0.346066
v -0.854311 -0.004252 -0.313520
v -0.847081 0.018896 -0.346515
v -0.894125 -0.004252 -0.006356
v -0.854311 -0.004252 0.300820
v -0.868231 -0.002716 0.303679
v -0.847083 0.018896 0.333804
v -0.860378 0.018328 0.333366
v -0.843224 0.032652 0.340861
v -0.858272 0.031214 0.341632
v -0.847818 0.052840 0.342535
v -0.852762 0.035609 0.328775
v -0.859903 0.052722 0.330706
v -0.843229 0.032652 -0.353565
v -0.852767 0.035609 -0.341485
v -0.847825 0.052840 -0.355242
v -0.858266 0.031214 -0.354338
v -0.859905 0.052722 -0.343403
v -0.858272 0.031214 0.341632
v -0.864908 0.033475 0.330427
v -0.860378 0.018328 0.333366
v -0.866642 0.024230 0.324452
v -0.868231 -0.002716 0.303679
v -0.908046 -0.002716 -0.006352
v -0.873871 0.009596 0.303558
v -0.913686 0.008031 -0.006354
v -0.873873 0.009597 -0.316271
v -0.868232 -0.002716 -0.316385
v -0.866641 0.024230 -0.337153
v -0.860373 0.018328 -0.346066
v -0.864908 0.033476 -0.343136
v -0.858266 0.031214 -0.354338
v -0.432282 -0.080302 -0.333436
v -0.431804 -0.102667 -0.331691
v -0.432281 -0.080302 -0.349569
v -0.431805 -0.102667 -0.353482
v -0.420293 -0.080649 -0.332898
v -0.420293 -0.080649 -0.332898
v -0.431804 -0.102667 -0.331691
v 0.342507 -0.075099 -0.332898
v 0.366230 -0.097118 -0.331686
v -0.431804 -0.102667 -0.331691
v -0.431805 -0.102667 -0.353482
v 0.366230 -0.097118 -0.331686
v 0.366229 -0.097118 -0.358266
v -0.431805 -0.102667 -0.353482
v -0.432281 -0.080302 -0.349569
v 0.366229 -0.097118 -0.358266
v 0.367431 -0.074635 -0.354826
v 0.367431 -0.074635 -0.354826
v -0.432281 -0.080302 -0.349569
v 0.342507 -0.075099 -0.332898
v -0.420293 -0.080649 -0.332898
v -0.770366 -0.076398 -0.326500
v -0.746541 -0.073178 -0.282310
v -0.762924 -0.117963 -0.282307
v -0.802734 -0.117963 -0.006353
v -0.786352 -0.073178 -0.006357
v -0.762923 -0.117963 0.269603
v -0.746540 -0.073178 0.269599
v -0.770358 -0.076398 0.313790
v -0.432283 -0.080302 -0.246173
v -0.432282 -0.080302 -0.333436
v -0.432283 -0.019106 -0.246173
v -0.432283 -0.019106 -0.380177
v -0.432281 -0.080302 -0.349569
v 0.663575 -0.071277 -0.238039
v 0.663576 -0.071277 -0.352338
v 0.641551 0.008284 -0.238040
v 0.641550 0.008284 -0.385852
v 0.609654 0.067699 -0.238038
v 0.609657 0.067699 -0.395779
v 0.541054 0.109863 -0.238039
v 0.541057 0.099421 -0.395780
v 0.485067 0.112843 -0.238033
v 0.403140 0.065188 -0.238034
v 0.485064 0.102401 -0.395784
v 0.403142 0.065188 -0.389085
v 0.373331 0.008252 -0.383128
v 0.373329 0.008252 -0.238037
v 0.367427 -0.074635 -0.333043
v 0.367431 -0.074635 -0.354826
v 0.367427 -0.074635 -0.238035
v 0.609657 0.067699 -0.395779
v 0.641550 0.008284 -0.385852
v 0.627046 0.078875 -0.381014
v 0.662811 0.016293 -0.365536
v 0.690385 -0.071154 -0.329969
v 0.663576 -0.071277 -0.352338
v 0.373331 0.008252 -0.383128
v 0.367431 -0.074635 -0.354826
v 0.349432 0.009043 -0.366147
v 0.342507 -0.075099 -0.332898
v 0.627046 0.078875 -0.381014
v 0.609657 0.067699 -0.395779
v 0.546466 0.117963 -0.381010
v 0.541057 0.099421 -0.395780
v 0.480689 0.121463 -0.381011
v 0.485064 0.102401 -0.395784
v 0.384457 0.075926 -0.373146
v 0.403142 0.065188 -0.389085
v 0.349432 0.009043 -0.366147
v 0.373331 0.008252 -0.383128
v -0.702466 -0.001596 -0.383282
v -0.684298 0.041886 -0.390131
v -0.713902 0.004881 -0.369531
v -0.694159 0.052132 -0.376979
v -0.647843 0.094367 -0.374154
v -0.641670 0.080751 -0.387526
v -0.573836 0.114897 -0.378579
v -0.573576 0.099643 -0.389031
v -0.486068 0.082824 -0.381011
v -0.492813 0.070129 -0.393848
v -0.443921 0.044042 -0.373144
v -0.454022 0.034441 -0.386614
v -0.443921 0.044042 -0.373144
v -0.420293 -0.014147 -0.366153
v -0.454022 0.034441 -0.386614
v -0.432283 -0.019106 -0.380177
v -0.432281 -0.080302 -0.349569
v -0.420293 -0.080649 -0.332898
v -0.702466 -0.001596 -0.383282
v -0.718396 -0.076739 -0.350988
v -0.713902 0.004881 -0.369531
v -0.731213 -0.076777 -0.334432
v -0.786985 -0.117963 -0.282304
v -0.782173 -0.093899 -0.299377
v -0.762924 -0.117963 -0.282307
v -0.770366 -0.076398 -0.326500
v 0.953379 0.017761 -0.215419
v 0.953378 0.017761 -0.006348
v 0.936019 0.017761 -0.215425
v 0.953385 0.017761 -0.305814
v 0.936025 0.017761 -0.305821
v 0.939740 0.024257 -0.334662
v 0.925235 0.024257 -0.321826
v 0.897297 0.039913 -0.356442
v 0.889260 0.039913 -0.343613
v 0.936025 0.017761 -0.006345
v 0.936025 0.017761 0.202726
v 0.953379 0.017761 0.202723
v 0.936026 0.017761 0.293117
v 0.925237 0.024257 0.309127
v 0.953380 0.017761 0.293113
v 0.939744 0.024257 0.321958
v 0.897291 0.039913 0.343742
v 0.889259 0.039913 0.330916
v 0.962985 0.045054 -0.006352
v 0.945632 0.045054 -0.006349
v 0.953378 0.017761 -0.006348
v 0.936025 0.017761 -0.006345
v 0.962986 0.045054 -0.215424
v 0.962985 0.045054 -0.006352
v 0.962983 0.045054 -0.311200
v 0.953379 0.017761 -0.215419
v 0.953385 0.017761 -0.305814
v 0.953378 0.017761 -0.006348
v 0.953379 0.017761 0.202723
v 0.962986 0.045054 0.202718
v 0.953380 0.017761 0.293113
v 0.962989 0.045054 0.298495
v 0.939744 0.024257 0.321958
v 0.952000 0.046631 0.328445
v 0.897291 0.039913 0.343742
v 0.894469 0.060237 0.350758
v 0.939740 0.024257 -0.334662
v 0.952001 0.046631 -0.341141
v 0.897297 0.039913 -0.356442
v 0.894464 0.060237 -0.363454
v 0.945626 0.045054 -0.215430
v 0.942874 0.045054 -0.311196
v 0.945632 0.045054 -0.006349
v 0.962986 0.045054 -0.215424
v 0.962985 0.045054 -0.006352
v 0.962983 0.045054 -0.311200
v 0.952001 0.046631 -0.341141
v 0.937491 0.046631 -0.328317
v 0.894464 0.060237 -0.363454
v 0.886428 0.061993 -0.350623
v 0.962986 0.045054 0.202718
v 0.945631 0.045054 0.202721
v 0.962989 0.045054 0.298495
v 0.942873 0.045054 0.298488
v 0.952000 0.046631 0.328445
v 0.937493 0.046631 0.315614
v 0.894469 0.060237 0.350758
v 0.886430 0.061993 0.337923
v 0.894464 0.060237 -0.363454
v 0.886428 0.061993 -0.350623
v 0.897297 0.039913 -0.356442
v 0.889260 0.039913 -0.343613
v -0.718396 -0.076739 -0.350988
v -0.731213 -0.076777 -0.334432
v -0.718399 -0.076739 -0.246170
v -0.810174 -0.076398 -0.006348
v -0.432283 -0.080302 -0.246173
v 0.692814 -0.072586 -0.006346
v 0.367427 -0.074635 -0.238035
v -0.420293 -0.080649 -0.332898
v -0.432282 -0.080302 -0.333436
v -0.432281 -0.080302 -0.349569
v 0.342507 -0.075099 -0.332898
v 0.367431 -0.074635 -0.354826
v 0.367427 -0.074635 -0.333043
v 0.663575 -0.071277 -0.238039
v 0.913168 -0.017244 -0.215432
v 0.690385 -0.071154 -0.329969
v 0.663576 -0.071277 -0.352338
v 0.865214 -0.033471 -0.314118
v 0.913166 -0.017244 -0.293341
v 0.913174 -0.017244 -0.006351
v 0.913166 -0.017244 0.202725
v 0.913169 -0.017244 0.280633
v 0.865212 -0.033471 0.301410
v 0.663580 -0.071277 0.225341
v 0.367428 -0.074635 0.225336
v 0.690390 -0.071154 0.317259
v 0.663572 -0.071277 0.339629
v 0.342503 -0.075100 0.320193
v 0.367428 -0.074635 0.320344
v -0.432280 -0.080302 0.233471
v -0.718395 -0.076739 0.233461
v -0.420297 -0.080649 0.320192
v -0.432273 -0.080302 0.320729
v -0.432282 -0.080302 0.336866
v -0.718399 -0.076739 0.338278
v -0.731216 -0.076777 0.321735
v -0.770358 -0.076398 0.313790
v 0.367430 -0.074635 0.342121
v -0.770366 -0.076398 -0.326500
v 0.967321 0.135029 -0.006351
v 0.967313 0.135029 -0.164790
v 0.975644 0.146876 -0.006355
v 0.967316 0.135029 0.152082
v 0.975204 0.143225 0.152549
v 0.975464 0.177308 0.152542
v 0.975909 0.180959 -0.006353
v 0.975471 0.177308 -0.165248
v 0.975205 0.143225 -0.165251
v 0.961560 0.122222 0.288156
v 0.967318 0.135028 0.253362
v 0.942873 0.045054 0.298488
v 0.945631 0.045054 0.202721
v 0.967316 0.135029 0.152082
v 0.945632 0.045054 -0.006349
v 0.967321 0.135029 -0.006351
v 0.945626 0.045054 -0.215430
v 0.967323 0.135029 -0.266064
v 0.942874 0.045054 -0.311196
v 0.967313 0.135029 -0.164790
v 0.961569 0.122222 -0.300862
v 0.975471 0.177308 -0.165248
v 0.975909 0.180959 -0.006353
v 0.964968 0.184454 -0.165250
v 0.965406 0.188105 -0.006355
v 0.964967 0.184454 0.152551
v 0.975464 0.177308 0.152542
v 0.964968 0.184454 -0.165250
v 0.927343 0.157620 -0.165253
v 0.961589 0.181137 -0.265857
v 0.927469 0.154302 -0.265850
v 0.960592 0.177421 -0.285874
v 0.924843 0.141275 -0.321027
v 0.927343 0.157620 -0.165253
v 0.964968 0.184454 -0.165250
v 0.927342 0.161270 -0.006353
v 0.965406 0.188105 -0.006355
v 0.927342 0.157620 0.152547
v 0.964967 0.184454 0.152551
v -0.045359 0.311211 -0.273953
v -0.105213 0.248417 -0.302961
v -0.051711 0.320786 -0.269110
v 0.228951 0.295421 -0.288411
v 0.212790 0.196640 -0.328716
v 0.240505 0.305241 -0.284465
v 0.401257 0.282435 -0.293300
v 0.222900 0.184317 -0.333811
v -0.173277 0.193358 -0.327985
v 0.360446 0.207825 -0.334045
v 0.537575 0.210843 -0.337678
v -0.080982 0.202883 -0.324580
v -0.891873 0.098709 -0.148857
v -0.883399 0.097134 -0.226538
v -0.910166 0.098709 -0.006354
v -0.861596 0.117085 -0.148862
v -0.841611 0.114602 -0.271907
v -0.670652 0.165357 -0.148863
v -0.879888 0.117085 -0.006359
v -0.861596 0.117085 0.136163
v -0.891870 0.098709 0.136153
v -0.841608 0.114602 0.259200
v -0.670644 0.165357 0.136157
v -0.637532 0.162875 0.268271
v -0.260362 0.196085 0.136079
v -0.219190 0.190542 0.286793
v -0.341498 0.166884 0.352634
v -0.173275 0.193358 0.315281
v -0.064475 0.326567 0.226433
v -0.051714 0.320786 0.256417
v 0.241611 0.319007 0.241570
v 0.418928 0.298916 0.252581
v 0.240507 0.305241 0.271759
v 0.401255 0.282435 0.280599
v 0.537576 0.210843 0.324981
v 0.360447 0.207825 0.321348
v 0.528399 0.191756 0.354875
v 0.627119 0.173893 0.356111
v 0.580949 0.223839 0.252585
v 0.724772 0.159718 0.347190
v 0.879488 0.147669 0.323724
v 0.927467 0.154302 0.253156
v 0.593007 0.231782 0.152545
v 0.927342 0.157620 0.152547
v 0.924842 0.141275 0.308326
v 0.377199 0.193541 0.354506
v 0.217856 0.169828 0.353332
v 0.222899 0.184317 0.321103
v -0.591776 0.151904 0.345927
v -0.807088 0.103633 0.339677
v -0.862926 0.086174 0.329308
v -0.807082 0.072132 0.356824
v -0.591776 0.151904 0.345927
v -0.647838 0.094367 0.361445
v -0.573835 0.114897 0.365877
v -0.341498 0.166884 0.352634
v -0.443917 0.044042 0.360447
v 0.217856 0.169828 0.353332
v 0.384454 0.075925 0.360449
v 0.377199 0.193541 0.354506
v 0.480694 0.121463 0.368308
v 0.528399 0.191756 0.354875
v 0.546470 0.117963 0.368308
v 0.627119 0.173893 0.356111
v 0.627044 0.078875 0.368310
v 0.724772 0.159718 0.347190
v 0.737018 0.078030 0.359382
v 0.879488 0.147669 0.323724
v 0.886430 0.061993 0.337923
v 0.752260 0.024594 0.343578
v 0.886430 0.061993 0.337923
v 0.889259 0.039913 0.330916
v 0.662806 0.016293 0.352839
v 0.384454 0.075925 0.360449
v -0.420296 -0.014147 0.353447
v 0.349432 0.009043 0.353440
v -0.694158 0.052132 0.364268
v -0.805139 0.036490 0.361871
v -0.847818 0.052840 0.342535
v -0.871757 0.095320 0.304569
v -0.883395 0.097134 0.213827
v -0.637535 0.162875 -0.280975
v -0.260362 0.196086 -0.148790
v -0.219191 0.190542 -0.299494
v -0.341502 0.166884 -0.365333
v -0.064480 0.326567 -0.239137
v -0.173277 0.193358 -0.327985
v -0.051711 0.320786 -0.269110
v 0.222900 0.184317 -0.333811
v 0.217858 0.169828 -0.366032
v 0.360446 0.207825 -0.334045
v 0.377191 0.193541 -0.367202
v 0.537575 0.210843 -0.337678
v 0.627115 0.173893 -0.368820
v 0.580949 0.223839 -0.265286
v 0.528401 0.191756 -0.367580
v 0.401257 0.282435 -0.293300
v 0.418934 0.298916 -0.265281
v 0.240505 0.305241 -0.284465
v 0.241610 0.319007 -0.254273
v 0.593014 0.231782 -0.165245
v 0.724776 0.159718 -0.359892
v 0.879490 0.147669 -0.336418
v 0.927469 0.154302 -0.265850
v 0.924843 0.141275 -0.321027
v 0.927343 0.157620 -0.165253
v -0.591770 0.151904 -0.358638
v -0.807084 0.103633 -0.352393
v -0.862926 0.086174 -0.342011
v -0.807085 0.072132 -0.369529
v -0.591770 0.151904 -0.358638
v -0.647843 0.094367 -0.374154
v -0.573836 0.114897 -0.378579
v -0.341502 0.166884 -0.365333
v -0.443921 0.044042 -0.373144
v 0.217858 0.169828 -0.366032
v 0.384457 0.075926 -0.373146
v 0.377191 0.193541 -0.367202
v 0.480689 0.121463 -0.381011
v 0.528401 0.191756 -0.367580
v 0.627115 0.173893 -0.368820
v 0.546466 0.117963 -0.381010
v 0.627046 0.078875 -0.381014
v 0.662811 0.016293 -0.365536
v 0.737014 0.078030 -0.372084
v 0.724776 0.159718 -0.359892
v 0.886428 0.061993 -0.350623
v 0.886428 0.061993 -0.350623
v 0.752259 0.024594 -0.356277
v 0.889260 0.039913 -0.343613
v 0.879490 0.147669 -0.336418
v -0.420293 -0.014147 -0.366153
v 0.384457 0.075926 -0.373146
v 0.349432 0.009043 -0.366147
v -0.694159 0.052132 -0.376979
v -0.805137 0.036490 -0.374580
v -0.847825 0.052840 -0.355242
v -0.871755 0.095320 -0.317273
v 0.593014 0.231782 -0.165245
v 0.600625 0.235433 -0.006358
v 0.927343 0.157620 -0.165253
v 0.927342 0.161270 -0.006353
v 0.927342 0.157620 0.152547
v 0.593007 0.231782 0.152545
v 0.593014 0.231782 -0.165245
v 0.577438 0.238484 -0.166816
v 0.600625 0.235433 -0.006358
v 0.580949 0.223839 -0.265286
v 0.418934 0.298916 -0.265281
v 0.568186 0.231188 -0.254682
v 0.434259 0.293005 -0.256470
v 0.430965 0.309216 -0.100403
v 0.432769 0.310964 -0.006345
v 0.418810 0.315023 -0.095538
v 0.418814 0.317242 -0.006348
v 0.418813 0.315023 0.082831
v 0.430966 0.309216 0.087695
v 0.418928 0.298916 0.252581
v 0.434257 0.293005 0.243770
v 0.580949 0.223839 0.252585
v 0.593007 0.231782 0.152545
v 0.568188 0.231188 0.241981
v 0.577439 0.238484 0.154112
v 0.582997 0.243366 -0.006353
v -0.762924 -0.117963 -0.282307
v -0.802734 -0.117963 -0.006353
v -0.786985 -0.117963 -0.282304
v -0.826796 -0.117963 -0.006350
v -0.786985 -0.117963 0.269605
v -0.762923 -0.117963 0.269603
v -0.770358 -0.076398 0.313790
v -0.810174 -0.076398 -0.006348
v -0.782175 -0.093899 0.286665
v -0.821983 -0.093899 -0.006352
v -0.786985 -0.117963 0.269605
v -0.826796 -0.117963 -0.006350
v -0.786985 -0.117963 -0.282304
v -0.782173 -0.093899 -0.299377
v -0.770366 -0.076398 -0.326500
v 0.865214 -0.033471 -0.314118
v 0.913166 -0.017244 -0.293341
v 0.889260 0.039913 -0.343613
v 0.925235 0.024257 -0.321826
v 0.936025 0.017761 -0.305821
v 0.936019 0.017761 -0.215425
v 0.913168 -0.017244 -0.215432
v 0.936025 0.017761 -0.006345
v 0.936025 0.017761 0.202726
v 0.913174 -0.017244 -0.006351
v 0.913166 -0.017244 0.202725
v 0.913169 -0.017244 0.280633
v 0.936026 0.017761 0.293117
v 0.925237 0.024257 0.309127
v 0.865212 -0.033471 0.301410
v 0.889259 0.039913 0.330916
v 0.962347 0.129404 -0.306985
v 0.924843 0.141275 -0.321027
v 0.937491 0.046631 -0.328317
v 0.886428 0.061993 -0.350623
v 0.879490 0.147669 -0.336418
v 0.889260 0.039913 -0.343613
v 0.752259 0.024594 -0.356277
v 0.865214 -0.033471 -0.314118
v 0.690385 -0.071154 -0.329969
v 0.662811 0.016293 -0.365536
v 0.349432 0.009043 -0.366147
v -0.420293 -0.014147 -0.366153
v 0.342507 -0.075099 -0.332898
v -0.420293 -0.080649 -0.332898
v -0.864908 0.033476 -0.343136
v -0.852767 0.035609 -0.341485
v -0.866641 0.024230 -0.337153
v -0.847138 0.028383 -0.333128
v -0.846253 0.054249 -0.339444
v -0.859905 0.052722 -0.343403
v -0.855641 0.078657 -0.327476
v -0.869962 0.078743 -0.331441
v -0.895228 0.089536 -0.147807
v -0.913516 0.089536 -0.006349
v -0.880010 0.088780 -0.144478
v -0.885621 0.088179 -0.226583
v -0.870403 0.087508 -0.220892
v -0.877023 0.086618 -0.309040
v -0.869962 0.078743 -0.331441
v -0.861806 0.086042 -0.300873
v -0.855641 0.078657 -0.327476
v -0.898302 0.088780 -0.006357
v -0.880007 0.088780 0.131770
v -0.895223 0.089536 0.135102
v -0.870402 0.087508 0.208190
v -0.885623 0.088179 0.213874
v -0.861810 0.086042 0.288170
v -0.877025 0.086618 0.296328
v -0.855639 0.078656 0.314773
v -0.869961 0.078743 0.318738
v -0.855641 0.078657 -0.327476
v -0.846253 0.054249 -0.339444
v -0.861806 0.086042 -0.300873
v -0.847138 0.028383 -0.333128
v -0.870403 0.087508 -0.220892
v -0.880010 0.088780 -0.144478
v -0.851601 0.014657 -0.307808
v -0.891417 0.014657 -0.006354
v -0.898302 0.088780 -0.006357
v -0.851598 0.014656 0.295107
v -0.880007 0.088780 0.131770
v -0.870402 0.087508 0.208190
v -0.847136 0.028383 0.320413
v -0.846252 0.054249 0.326750
v -0.861810 0.086042 0.288170
v -0.855639 0.078656 0.314773
v -0.895228 0.089536 -0.147807
v -0.913516 0.089536 -0.006349
v -0.891873 0.098709 -0.148857
v -0.885621 0.088179 -0.226583
v -0.883399 0.097134 -0.226538
v -0.877023 0.086618 -0.309040
v -0.871755 0.095320 -0.317273
v -0.869962 0.078743 -0.331441
v -0.862926 0.086174 -0.342011
v -0.859905 0.052722 -0.343403
v -0.847825 0.052840 -0.355242
v -0.910166 0.098709 -0.006354
v -0.891870 0.098709 0.136153
v -0.895223 0.089536 0.135102
v -0.883395 0.097134 0.213827
v -0.885623 0.088179 0.213874
v -0.871757 0.095320 0.304569
v -0.877025 0.086618 0.296328
v -0.862926 0.086174 0.329308
v -0.869961 0.078743 0.318738
v -0.847818 0.052840 0.342535
v -0.859903 0.052722 0.330706
v -0.864908 0.033476 -0.343136
v -0.852767 0.035609 -0.341485
v -0.858266 0.031214 -0.354338
v -0.843229 0.032652 -0.353565
v -0.713902 0.004881 -0.369531
v -0.731213 -0.076777 -0.334432
v -0.805138 -0.010761 -0.359737
v -0.770366 -0.076398 -0.326500
v -0.834527 -0.007956 -0.337644
v -0.811325 -0.057553 -0.321252
v -0.854311 -0.004252 -0.313520
v -0.894125 -0.004252 -0.006356
v -0.851145 -0.057553 -0.006352
v -0.854311 -0.004252 0.300820
v -0.811328 -0.057554 0.308556
v -0.834524 -0.007956 0.324934
v -0.805132 -0.010761 0.347039
v -0.770358 -0.076398 0.313790
v -0.713901 0.004881 0.356837
v -0.731216 -0.076777 0.321735
v -0.770358 -0.076398 0.313790
v -0.810174 -0.076398 -0.006348
v -0.770366 -0.076398 -0.326500
v -0.847825 0.052840 -0.355242
v -0.805137 0.036490 -0.374580
v -0.843229 0.032652 -0.353565
v -0.847081 0.018896 -0.346515
v -0.805138 -0.010761 -0.359737
v -0.854311 -0.004252 -0.313520
v -0.834527 -0.007956 -0.337644
v -0.713902 0.004881 -0.369531
v -0.694159 0.052132 -0.376979
v 0.960202 0.122101 0.145639
v 0.947620 0.061615 0.145637
v 0.972913 0.119382 0.145644
v 0.960338 0.058897 0.145637
v -0.088740 0.211366 0.391777
v -0.088740 0.228026 0.391777
v -0.088497 0.207490 0.387699
v -0.088497 0.232953 0.387699
v -0.089744 0.201919 0.379577
v -0.089744 0.237669 0.379577
v -0.098383 0.201919 0.348139
v -0.100658 0.205069 0.339867
v -0.098383 0.237669 0.348139
v -0.100658 0.230764 0.339867
v 0.881462 -0.042927 0.153382
v 0.881458 -0.032280 0.164210
v 0.881462 -0.057984 0.153382
v 0.881454 -0.068631 0.179523
v 0.881458 -0.068631 0.164210
v 0.881455 -0.057984 0.190359
v 0.881455 -0.042927 0.190359
v 0.881454 -0.032280 0.179523
v 0.881455 -0.042927 0.190359
v 0.895467 -0.042927 0.190358
v 0.881454 -0.032280 0.179523
v 0.895463 -0.032280 0.179533
v 0.881458 -0.032280 0.164210
v 0.895461 -0.032280 0.164210
v 0.881462 -0.042927 0.153382
v 0.895466 -0.042927 0.153383
v 0.895467 -0.057984 0.190358
v 0.881455 -0.057984 0.190359
v 0.895463 -0.068631 0.179533
v 0.881454 -0.068631 0.179523
v 0.895461 -0.068631 0.164210
v 0.881458 -0.068631 0.164210
v 0.895466 -0.057984 0.153383
v 0.881462 -0.057984 0.153382
v 0.881455 -0.057984 0.190359
v 0.895467 -0.057984 0.190358
v 0.881455 -0.042927 0.190359
v 0.895467 -0.042927 0.190358
v 0.881462 -0.042927 0.153382
v 0.895466 -0.042927 0.153383
v 0.881462 -0.057984 0.153382
v 0.895466 -0.057984 0.153383
v 0.960202 0.122101 0.145639
v 0.972913 0.119382 0.145644
v 0.960201 0.122101 0.169922
v 0.972912 0.119382 0.169926
v 0.947620 0.061615 0.169922
v 0.960337 0.058897 0.169921
v 0.947620 0.061615 0.145637
v 0.960338 0.058897 0.145637
v 0.960201 0.122101 0.179129
v 0.972913 0.119382 0.179119
v 0.960200 0.122101 0.203414
v 0.972918 0.119382 0.203414
v 0.947620 0.061615 0.203413
v 0.960338 0.058897 0.203414
v 0.947628 0.061615 0.179125
v 0.960338 0.058897 0.179129
v 0.960200 0.122101 0.203414
v 0.972918 0.119382 0.203414
v 0.947620 0.061615 0.203413
v 0.960338 0.058897 0.203414
v 0.960201 0.122101 0.179129
v 0.947628 0.061615 0.179125
v 0.972913 0.119382 0.179119
v 0.960338 0.058897 0.179129
v 0.960205 0.122101 0.211745
v 0.972915 0.119382 0.211748
v 0.960204 0.122101 0.236029
v 0.972915 0.119382 0.236034
v 0.947622 0.061615 0.236027
v 0.960333 0.058897 0.236032
v 0.947624 0.061615 0.211744
v 0.960337 0.058897 0.211734
v 0.960204 0.122101 0.236029
v 0.972915 0.119382 0.236034
v 0.947622 0.061615 0.236027
v 0.960333 0.058897 0.236032
v 0.960205 0.122101 0.211745
v 0.947624 0.061615 0.211744
v 0.972915 0.119382 0.211748
v 0.960337 0.058897 0.211734
v 0.960201 0.122101 0.244364
v 0.972914 0.119382 0.244354
v 0.960200 0.122101 0.268649
v 0.972917 0.119382 0.268649
v 0.947626 0.061615 0.268643
v 0.960336 0.058897 0.268648
v 0.947628 0.061615 0.244359
v 0.960332 0.058897 0.244353
v 0.960200 0.122101 0.268649
v 0.972917 0.119382 0.268649
v 0.947626 0.061615 0.268643
v 0.960336 0.058897 0.268648
v 0.960201 0.122101 0.244364
v 0.947628 0.061615 0.244359
v 0.972914 0.119382 0.244354
v 0.960332 0.058897 0.244353
v -0.884017 0.081289 0.205683
v -0.884029 0.081289 0.180493
v -0.818213 0.081289 0.205681
v -0.818211 0.081289 0.180497
v -0.884029 0.081289 0.180493
v -0.884029 0.063479 0.162678
v -0.818211 0.081289 0.180497
v -0.818211 0.063479 0.162681
v -0.818211 0.038292 0.162681
v -0.884029 0.038292 0.162678
v -0.818211 0.020483 0.180497
v -0.884029 0.020483 0.180493
v -0.884017 0.020483 0.205683
v -0.818213 0.020483 0.205681
v -0.884029 0.020483 0.180493
v -0.818211 0.020483 0.180497
v -0.884024 0.038292 0.223488
v -0.818207 0.038292 0.223492
v -0.884017 0.020483 0.205683
v -0.818213 0.020483 0.205681
v -0.884024 0.063479 0.223488
v -0.884017 0.081289 0.205683
v -0.818207 0.063479 0.223492
v -0.818213 0.081289 0.205681
v -0.872355 0.081289 0.278738
v -0.872353 0.081289 0.253555
v -0.808923 0.081289 0.278736
v -0.808921 0.081289 0.253553
v -0.872353 0.081289 0.253555
v -0.872353 0.063479 0.235738
v -0.808921 0.081289 0.253553
v -0.808915 0.063479 0.235747
v -0.872353 0.038292 0.235738
v -0.808915 0.038292 0.235747
v -0.872353 0.063479 0.235738
v -0.808915 0.063479 0.235747
v -0.872353 0.020483 0.253555
v -0.872353 0.038292 0.235738
v -0.808921 0.020483 0.253553
v -0.808915 0.038292 0.235747
v -0.872355 0.020483 0.278738
v -0.808923 0.020483 0.278736
v -0.872353 0.020483 0.253555
v -0.808921 0.020483 0.253553
v -0.872355 0.038292 0.296553
v -0.808915 0.038292 0.296548
v -0.872355 0.020483 0.278738
v -0.808923 0.020483 0.278736
v -0.872355 0.038292 0.296553
v -0.872355 0.063479 0.296553
v -0.808915 0.038292 0.296548
v -0.808915 0.063479 0.296548
v -0.808923 0.081289 0.278736
v -0.872355 0.081289 0.278738
v 0.116992 0.133309 0.322348
v 0.116986 0.135514 0.366784
v 0.200711 0.133309 0.322346
v 0.200717 0.135514 0.366787
v 0.116995 0.110009 0.368057
v 0.116996 0.107804 0.323611
v 0.200714 0.110009 0.368055
v 0.200720 0.107804 0.323618
v 0.116986 0.135514 0.366784
v 0.116992 0.133309 0.322348
v 0.116995 0.110009 0.368057
v 0.116996 0.107804 0.323611
v 0.200717 0.135514 0.366787
v 0.200714 0.110009 0.368055
v 0.200711 0.133309 0.322346
v 0.200720 0.107804 0.323618
v -0.559128 0.197522 -0.006124
v -0.423404 0.208174 -0.006115
v -0.572290 0.182911 -0.006350
v -0.403828 0.196133 -0.006346
v -0.559125 0.196751 0.047110
v -0.559128 0.197522 -0.006124
v -0.535976 0.198201 0.071019
v -0.423410 0.206710 0.071015
v -0.423404 0.208174 -0.006115
v -0.403822 0.194316 0.086361
v -0.403822 0.160042 0.086361
v -0.543553 0.183755 0.086361
v -0.572281 0.181954 0.057628
v -0.543553 0.149481 0.086361
v -0.572281 0.147681 0.057628
v -0.389141 0.186802 0.098441
v -0.550198 0.174740 0.098441
v -0.389141 0.160929 0.098441
v -0.550198 0.148867 0.098441
v 0.366231 -0.097118 0.345565
v 0.366232 -0.097118 0.318986
v 0.367430 -0.074635 0.342121
v 0.367428 -0.074635 0.320344
v -0.869961 0.078743 0.318738
v -0.859903 0.052722 0.330706
v -0.855639 0.078656 0.314773
v -0.846252 0.054249 0.326750
v -0.847136 0.028383 0.320413
v -0.852762 0.035609 0.328775
v -0.866642 0.024230 0.324452
v -0.864908 0.033475 0.330427
v -0.432273 -0.080302 0.320729
v -0.432282 -0.080302 0.336866
v -0.431809 -0.102667 0.318987
v -0.431800 -0.102667 0.340775
v -0.420297 -0.080649 0.320192
v -0.420297 -0.080649 0.320192
v 0.342503 -0.075100 0.320193
v -0.431809 -0.102667 0.318987
v 0.366232 -0.097118 0.318986
v -0.431809 -0.102667 0.318987
v 0.366232 -0.097118 0.318986
v -0.431800 -0.102667 0.340775
v 0.366231 -0.097118 0.345565
v -0.431800 -0.102667 0.340775
v 0.366231 -0.097118 0.345565
v -0.432282 -0.080302 0.336866
v 0.367430 -0.074635 0.342121
v 0.367430 -0.074635 0.342121
v 0.342503 -0.075100 0.320193
v -0.432282 -0.080302 0.336866
v -0.420297 -0.080649 0.320192
v -0.718395 -0.076739 0.233461
v -0.702465 -0.001596 0.233471
v -0.718399 -0.076739 0.338278
v -0.702467 -0.001596 0.370578
v -0.684292 0.041886 0.377432
v -0.684298 0.041886 0.233467
v -0.641671 0.080751 0.374825
v -0.641672 0.080751 0.233467
v -0.432280 -0.080302 0.233471
v -0.432280 -0.019106 0.233471
v -0.432273 -0.080302 0.320729
v -0.432286 -0.019106 0.367465
v -0.432282 -0.080302 0.336866
v -0.641672 0.080751 0.233467
v -0.573572 0.099643 0.233469
v -0.641671 0.080751 0.374825
v -0.573568 0.099643 0.376326
v -0.492808 0.070129 0.381150
v -0.492813 0.070129 0.233468
v -0.454021 0.034441 0.373909
v -0.454023 0.034441 0.233465
v -0.432286 -0.019106 0.367465
v -0.432280 -0.019106 0.233471
v 0.367428 -0.074635 0.225336
v 0.373328 0.008252 0.225332
v 0.367428 -0.074635 0.320344
v 0.373332 0.008252 0.370433
v 0.367430 -0.074635 0.342121
v 0.403137 0.065188 0.376386
v 0.403140 0.065188 0.225337
v 0.485063 0.102401 0.383078
v 0.541055 0.099421 0.383081
v 0.485066 0.112843 0.225337
v 0.541058 0.109863 0.225340
v 0.609652 0.067699 0.225346
v 0.609656 0.067699 0.383081
v 0.641557 0.008284 0.225341
v 0.641558 0.008284 0.373153
v 0.663580 -0.071277 0.225341
v 0.663572 -0.071277 0.339629
v 0.609656 0.067699 0.383081
v 0.641558 0.008284 0.373153
v 0.627044 0.078875 0.368310
v 0.662806 0.016293 0.352839
v 0.690390 -0.071154 0.317259
v 0.663572 -0.071277 0.339629
v 0.342503 -0.075100 0.320193
v 0.349432 0.009043 0.353440
v 0.367430 -0.074635 0.342121
v 0.373332 0.008252 0.370433
v 0.349432 0.009043 0.353440
v 0.384454 0.075925 0.360449
v 0.373332 0.008252 0.370433
v 0.403137 0.065188 0.376386
v 0.485063 0.102401 0.383078
v 0.541055 0.099421 0.383081
v 0.480694 0.121463 0.368308
v 0.546470 0.117963 0.368308
v 0.627044 0.078875 0.368310
v 0.609656 0.067699 0.383081
v -0.702467 -0.001596 0.370578
v -0.713901 0.004881 0.356837
v -0.684292 0.041886 0.377432
v -0.694158 0.052132 0.364268
v -0.641671 0.080751 0.374825
v -0.647838 0.094367 0.361445
v -0.573568 0.099643 0.376326
v -0.573835 0.114897 0.365877
v -0.492808 0.070129 0.381150
v -0.486077 0.082823 0.368303
v -0.454021 0.034441 0.373909
v -0.443917 0.044042 0.360447
v -0.443917 0.044042 0.360447
v -0.420296 -0.014147 0.353447
v -0.454021 0.034441 0.373909
v -0.432286 -0.019106 0.367465
v -0.432282 -0.080302 0.336866
v -0.420297 -0.080649 0.320192
v -0.731216 -0.076777 0.321735
v -0.713901 0.004881 0.356837
v -0.718399 -0.076739 0.338278
v -0.702467 -0.001596 0.370578
v -0.786985 -0.117963 0.269605
v -0.782175 -0.093899 0.286665
v -0.762923 -0.117963 0.269603
v -0.770358 -0.076398 0.313790
v 0.889259 0.039913 0.330916
v 0.886430 0.061993 0.337923
v 0.897291 0.039913 0.343742
v 0.894469 0.060237 0.350758
v 0.962346 0.129404 0.294274
v 0.924842 0.141275 0.308326
v 0.971089 0.170274 0.273173
v 0.960593 0.177421 0.273168
v 0.972089 0.173990 0.253150
v 0.961593 0.181137 0.253160
v 0.975464 0.177308 0.152542
v 0.964967 0.184454 0.152551
v 0.924842 0.141275 0.308326
v 0.927467 0.154302 0.253156
v 0.960593 0.177421 0.273168
v 0.961593 0.181137 0.253160
v 0.964967 0.184454 0.152551
v 0.927342 0.157620 0.152547
v -0.045355 0.311211 0.261249
v -0.051714 0.320786 0.256417
v -0.105219 0.248417 0.290255
v 0.228951 0.295421 0.275706
v 0.240507 0.305241 0.271759
v 0.212797 0.196640 0.316019
v -0.080979 0.202883 0.311877
v 0.222899 0.184317 0.321103
v -0.173275 0.193358 0.315281
v 0.360447 0.207825 0.321348
v 0.537576 0.210843 0.324981
v 0.401255 0.282435 0.280599
v 0.962346 0.129404 0.294274
v 0.924842 0.141275 0.308326
v 0.937493 0.046631 0.315614
v 0.886430 0.061993 0.337923
v 0.879488 0.147669 0.323724
v 0.889259 0.039913 0.330916
v 0.752260 0.024594 0.343578
v 0.865212 -0.033471 0.301410
v 0.690390 -0.071154 0.317259
v 0.662806 0.016293 0.352839
v -0.420297 -0.080649 0.320192
v 0.342503 -0.075100 0.320193
v -0.420296 -0.014147 0.353447
v 0.349432 0.009043 0.353440
v -0.486077 0.082823 0.368303
v -0.443917 0.044042 0.360447
v -0.573835 0.114897 0.365877
v -0.864908 0.033475 0.330427
v -0.852762 0.035609 0.328775
v -0.858272 0.031214 0.341632
v -0.843224 0.032652 0.340861
v -0.847818 0.052840 0.342535
v -0.805139 0.036490 0.361871
v -0.843224 0.032652 0.340861
v -0.847083 0.018896 0.333804
v -0.805132 -0.010761 0.347039
v -0.854311 -0.004252 0.300820
v -0.834524 -0.007956 0.324934
v -0.713901 0.004881 0.356837
v -0.694158 0.052132 0.364268
v 0.674434 -0.022634 -0.211248
v 0.674434 -0.007270 -0.195625
v 0.895464 -0.039592 -0.211247
v 0.895462 -0.024228 -0.195623
v 0.895467 -0.024228 -0.173519
v 0.895459 -0.039592 -0.157892
v 0.674438 -0.007270 -0.173521
v 0.674437 -0.022634 -0.157897
v 0.674437 -0.022634 -0.157897
v 0.895459 -0.039592 -0.157892
v 0.674437 -0.044361 -0.157897
v 0.895459 -0.061320 -0.157892
v 0.674437 -0.044361 -0.157897
v 0.895459 -0.061320 -0.157892
v 0.674438 -0.059725 -0.173521
v 0.895467 -0.076684 -0.173519
v 0.674434 -0.059725 -0.195625
v 0.895462 -0.076684 -0.195623
v 0.674434 -0.044361 -0.211248
v 0.895464 -0.061320 -0.211247
v 0.674434 -0.044361 -0.211248
v 0.895464 -0.061320 -0.211247
v 0.674434 -0.022634 -0.211248
v 0.895464 -0.039592 -0.211247
v -0.420293 -0.080649 -0.332898
v -0.431804 -0.102667 -0.331691
v -0.432282 -0.080302 -0.333436
v 0.674437 -0.022634 0.198544
v 0.674438 -0.007270 0.182921
v 0.895459 -0.039592 0.198549
v 0.895468 -0.024228 0.182922
v 0.895463 -0.024228 0.160818
v 0.674433 -0.007270 0.160817
v 0.895464 -0.039592 0.145194
v 0.674435 -0.022634 0.145193
v 0.674435 -0.022634 0.145193
v 0.895464 -0.039592 0.145194
v 0.674435 -0.044361 0.145193
v 0.895464 -0.061320 0.145194
v 0.674435 -0.044361 0.145193
v 0.674433 -0.059725 0.160817
v 0.895464 -0.061320 0.145194
v 0.895463 -0.076684 0.160818
v 0.895468 -0.076684 0.182922
v 0.674438 -0.059725 0.182921
v 0.895459 -0.061320 0.198549
v 0.674437 -0.044361 0.198544
v 0.674437 -0.044361 0.198544
v 0.895459 -0.061320 0.198549
v 0.674437 -0.022634 0.198544
v 0.895459 -0.039592 0.198549
v -0.432273 -0.080302 0.320729
v -0.420297 -0.080649 0.320192
v -0.431809 -0.102667 0.318987
v 0.366232 -0.097118 0.318986
v 0.367428 -0.074635 0.320344
v 0.342503 -0.075100 0.320193
v 0.511534 -0.116554 -0.317035
v 0.511534 -0.049909 -0.317035
v 0.532135 -0.113293 -0.317035
v 0.490945 0.013476 -0.317030
v 0.550706 0.004009 -0.317037
v 0.448150 -0.029314 -0.317036
v 0.444890 -0.049909 -0.317044
v 0.490945 -0.113293 -0.317030
v 0.511534 -0.116554 -0.317035
v 0.574917 -0.029314 -0.317035
v 0.565455 -0.010735 -0.317036
v 0.457620 -0.010735 -0.317039
v 0.448150 -0.029314 -0.317036
v 0.472361 -0.103826 -0.317033
v 0.490945 -0.113293 -0.317030
v 0.578185 -0.049908 -0.317030
v 0.574917 -0.029314 -0.317035
v 0.472361 0.004009 -0.317033
v 0.457620 -0.010735 -0.317039
v 0.457620 -0.089082 -0.317039
v 0.472361 -0.103826 -0.317033
v 0.574918 -0.070503 -0.317035
v 0.578185 -0.049908 -0.317030
v 0.490945 0.013476 -0.317030
v 0.472361 0.004009 -0.317033
v 0.448150 -0.070504 -0.317036
v 0.457620 -0.089082 -0.317039
v 0.565455 -0.089082 -0.317036
v 0.574918 -0.070503 -0.317035
v 0.511534 0.016737 -0.317035
v 0.448150 -0.070504 -0.317036
v 0.550706 -0.103826 -0.317037
v 0.532135 0.013476 -0.317035
v 0.511534 0.016737 -0.317035
v 0.532135 -0.113293 -0.317035
v 0.550706 0.004009 -0.317037
v 0.532135 0.013476 -0.317035
v 0.565455 -0.010735 -0.317036
v 0.444890 -0.049909 -0.317044
v 0.565455 -0.089082 -0.317036
v 0.550706 -0.103826 -0.317037
v 0.529229 0.004562 -0.324786
v 0.511533 0.007365 -0.324781
v 0.511540 -0.049909 -0.322374
v 0.511533 -0.107182 -0.324781
v 0.529229 -0.104380 -0.324786
v 0.457064 -0.032210 -0.324777
v 0.454261 -0.049909 -0.324776
v 0.566001 -0.032210 -0.324785
v 0.557871 -0.016244 -0.324786
v 0.465202 -0.016244 -0.324780
v 0.457064 -0.032210 -0.324777
v 0.477871 -0.096244 -0.324778
v 0.493831 -0.104380 -0.324786
v 0.568804 -0.049908 -0.324787
v 0.566001 -0.032210 -0.324785
v 0.477871 -0.003573 -0.324778
v 0.465202 -0.016244 -0.324780
v 0.465202 -0.083573 -0.324780
v 0.477871 -0.096244 -0.324778
v 0.566001 -0.067607 -0.324785
v 0.568804 -0.049908 -0.324787
v 0.493831 0.004562 -0.324786
v 0.477871 -0.003573 -0.324778
v 0.457064 -0.067608 -0.324777
v 0.465202 -0.083573 -0.324780
v 0.557871 -0.083573 -0.324786
v 0.566001 -0.067607 -0.324785
v 0.511533 0.007365 -0.324781
v 0.493831 0.004562 -0.324786
v 0.454261 -0.049909 -0.324776
v 0.457064 -0.067608 -0.324777
v 0.545201 -0.096244 -0.324788
v 0.557871 -0.083573 -0.324786
v 0.529229 -0.104380 -0.324786
v 0.545201 -0.096244 -0.324788
v 0.545201 -0.003573 -0.324788
v 0.529229 0.004562 -0.324786
v 0.557871 -0.016244 -0.324786
v 0.545201 -0.003573 -0.324788
v 0.493831 -0.104380 -0.324786
v 0.511533 -0.107182 -0.324781
v 0.385521 -0.008963 -0.250764
v 0.385520 -0.008963 -0.389591
v 0.379033 -0.049909 -0.250775
v 0.379032 -0.049909 -0.389587
v 0.389458 -0.010242 -0.395373
v 0.379032 -0.049909 -0.389587
v 0.383174 -0.049909 -0.395372
v 0.551201 -0.171989 -0.395377
v 0.511536 -0.178271 -0.395378
v 0.540605 -0.139374 -0.397763
v 0.511539 -0.143978 -0.397766
v 0.586981 -0.153757 -0.395377
v 0.551201 -0.171989 -0.395377
v 0.566828 -0.126013 -0.397775
v 0.540605 -0.139374 -0.397763
v 0.615384 -0.125358 -0.395368
v 0.586981 -0.153757 -0.395377
v 0.587641 -0.105201 -0.397766
v 0.566828 -0.126013 -0.397775
v 0.633620 -0.089575 -0.395372
v 0.615384 -0.125358 -0.395368
v 0.601003 -0.078978 -0.397772
v 0.587641 -0.105201 -0.397766
v 0.605603 -0.049908 -0.397768
v 0.639895 -0.049908 -0.395371
v 0.601003 -0.078978 -0.397772
v 0.633620 -0.089575 -0.395372
v 0.633619 -0.010242 -0.395371
v 0.639895 -0.049908 -0.395371
v 0.601003 -0.020839 -0.397772
v 0.605603 -0.049908 -0.397768
v 0.615383 0.025541 -0.395368
v 0.587641 0.005384 -0.397766
v 0.633619 -0.010242 -0.395371
v 0.601003 -0.020839 -0.397772
v 0.566828 0.026196 -0.397775
v 0.586981 0.053939 -0.395377
v 0.587641 0.005384 -0.397766
v 0.615383 0.025541 -0.395368
v 0.540605 0.039557 -0.397763
v 0.551201 0.072172 -0.395377
v 0.566828 0.026196 -0.397775
v 0.586981 0.053939 -0.395377
v 0.511539 0.044161 -0.397766
v 0.511536 0.078454 -0.395378
v 0.540605 0.039557 -0.397763
v 0.551201 0.072172 -0.395377
v 0.471870 0.072172 -0.395365
v 0.511536 0.078454 -0.395378
v 0.482466 0.039557 -0.397766
v 0.511539 0.044161 -0.397766
v 0.470594 -0.175928 -0.250765
v 0.470586 -0.175928 -0.389589
v 0.511539 -0.182413 -0.250772
v 0.511536 -0.182413 -0.389586
v 0.471870 -0.171989 -0.395365
v 0.511536 -0.182413 -0.389586
v 0.511536 -0.178271 -0.395378
v 0.389458 -0.010242 -0.395373
v 0.407687 0.025541 -0.395373
v 0.422071 -0.020839 -0.397769
v 0.435431 0.005384 -0.397762
v 0.379033 -0.049909 -0.250775
v 0.379032 -0.049909 -0.389587
v 0.385521 -0.090854 -0.250764
v 0.385520 -0.090854 -0.389591
v 0.383174 -0.049909 -0.395372
v 0.385520 -0.090854 -0.389591
v 0.389459 -0.089575 -0.395373
v 0.442826 0.000010 -0.369259
v 0.435431 0.005384 -0.397762
v 0.461616 0.018799 -0.369256
v 0.456245 0.026196 -0.397767
v 0.644042 -0.049908 -0.250772
v 0.637554 -0.090854 -0.250768
v 0.644040 -0.049908 -0.389586
v 0.637558 -0.090854 -0.389587
v 0.633620 -0.089575 -0.395372
v 0.644040 -0.049908 -0.389586
v 0.639895 -0.049908 -0.395371
v 0.552480 0.076111 -0.250767
v 0.552485 0.076111 -0.389585
v 0.511539 0.082596 -0.250772
v 0.511536 0.082596 -0.389586
v 0.551201 0.072172 -0.395377
v 0.511536 0.082596 -0.389586
v 0.511536 0.078454 -0.395378
v 0.404339 -0.127793 -0.250765
v 0.404338 -0.127793 -0.389592
v 0.433652 -0.157107 -0.250773
v 0.433649 -0.157107 -0.389588
v 0.407687 -0.125358 -0.395373
v 0.433649 -0.157107 -0.389588
v 0.436090 -0.153757 -0.395364
v 0.589417 -0.157107 -0.250769
v 0.589422 -0.157107 -0.389587
v 0.618736 -0.127792 -0.250767
v 0.618741 -0.127792 -0.389586
v 0.586981 -0.153757 -0.395377
v 0.618741 -0.127792 -0.389586
v 0.615384 -0.125358 -0.395368
v 0.618736 0.027975 -0.250767
v 0.618741 0.027976 -0.389586
v 0.589417 0.057290 -0.250769
v 0.589422 0.057290 -0.389587
v 0.589422 0.057290 -0.389587
v 0.615383 0.025541 -0.395368
v 0.586981 0.053939 -0.395377
v 0.404338 0.027975 -0.250764
v 0.433652 0.057290 -0.250773
v 0.404337 0.027975 -0.389591
v 0.433649 0.057290 -0.389588
v 0.436090 0.053939 -0.395364
v 0.404337 0.027975 -0.389591
v 0.407687 0.025541 -0.395373
v 0.511539 -0.182413 -0.250772
v 0.511536 -0.182413 -0.389586
v 0.552481 -0.175928 -0.250767
v 0.552485 -0.175928 -0.389585
v 0.552485 -0.175928 -0.389585
v 0.511536 -0.178271 -0.395378
v 0.551201 -0.171989 -0.395377
v 0.637553 -0.008963 -0.250768
v 0.644042 -0.049908 -0.250772
v 0.637557 -0.008963 -0.389586
v 0.644040 -0.049908 -0.389586
v 0.639895 -0.049908 -0.395371
v 0.637557 -0.008963 -0.389586
v 0.633619 -0.010242 -0.395371
v 0.511539 0.082596 -0.250772
v 0.511536 0.082596 -0.389586
v 0.470594 0.076111 -0.250765
v 0.470586 0.076111 -0.389589
v 0.511536 0.078454 -0.395378
v 0.470586 0.076111 -0.389589
v 0.471870 0.072172 -0.395365
v 0.404339 -0.127793 -0.250765
v 0.385521 -0.090854 -0.250764
v 0.404338 -0.127793 -0.389592
v 0.385520 -0.090854 -0.389591
v 0.389459 -0.089575 -0.395373
v 0.404338 -0.127793 -0.389592
v 0.407687 -0.125358 -0.395373
v 0.433652 -0.157107 -0.250773
v 0.433649 -0.157107 -0.389588
v 0.470594 -0.175928 -0.250765
v 0.470586 -0.175928 -0.389589
v 0.436090 -0.153757 -0.395364
v 0.470586 -0.175928 -0.389589
v 0.471870 -0.171989 -0.395365
v 0.618736 -0.127792 -0.250767
v 0.618741 -0.127792 -0.389586
v 0.637554 -0.090854 -0.250768
v 0.637558 -0.090854 -0.389587
v 0.615384 -0.125358 -0.395368
v 0.637558 -0.090854 -0.389587
v 0.633620 -0.089575 -0.395372
v 0.552480 0.076111 -0.250767
v 0.589417 0.057290 -0.250769
v 0.552485 0.076111 -0.389585
v 0.589422 0.057290 -0.389587
v 0.586981 0.053939 -0.395377
v 0.552485 0.076111 -0.389585
v 0.551201 0.072172 -0.395377
v 0.385521 -0.008963 -0.250764
v 0.404338 0.027975 -0.250764
v 0.385520 -0.008963 -0.389591
v 0.404337 0.027975 -0.389591
v 0.407687 0.025541 -0.395373
v 0.385520 -0.008963 -0.389591
v 0.389458 -0.010242 -0.395373
v 0.589417 -0.157107 -0.250769
v 0.552481 -0.175928 -0.250767
v 0.589422 -0.157107 -0.389587
v 0.552485 -0.175928 -0.389585
v 0.551201 -0.171989 -0.395377
v 0.589422 -0.157107 -0.389587
v 0.586981 -0.153757 -0.395377
v 0.637553 -0.008963 -0.250768
v 0.637557 -0.008963 -0.389586
v 0.618736 0.027975 -0.250767
v 0.618741 0.027976 -0.389586
v 0.633619 -0.010242 -0.395371
v 0.618741 0.027976 -0.389586
v 0.615383 0.025541 -0.395368
v 0.470594 0.076111 -0.250765
v 0.470586 0.076111 -0.389589
v 0.433652 0.057290 -0.250773
v 0.433649 0.057290 -0.389588
v 0.471870 0.072172 -0.395365
v 0.433649 0.057290 -0.389588
v 0.436090 0.053939 -0.395364
v 0.592302 -0.023665 -0.369261
v 0.601003 -0.020839 -0.397772
v 0.596459 -0.049908 -0.369263
v 0.605603 -0.049908 -0.397768
v 0.422071 -0.020839 -0.397769
v 0.435431 0.005384 -0.397762
v 0.430765 -0.023665 -0.369258
v 0.442826 0.000010 -0.369259
v 0.580241 0.000010 -0.369262
v 0.587641 0.005384 -0.397766
v 0.592302 -0.023665 -0.369261
v 0.601003 -0.020839 -0.397772
v 0.511530 -0.134836 -0.369265
v 0.511539 -0.143978 -0.397766
v 0.485295 -0.130680 -0.369259
v 0.482466 -0.139374 -0.397766
v 0.417468 -0.049909 -0.397759
v 0.422071 -0.020839 -0.397769
v 0.426609 -0.049909 -0.369258
v 0.430765 -0.023665 -0.369258
v 0.566828 0.026196 -0.397775
v 0.587641 0.005384 -0.397766
v 0.561452 0.018799 -0.369265
v 0.580241 0.000010 -0.369262
v 0.540605 -0.139374 -0.397763
v 0.511539 -0.143978 -0.397766
v 0.537785 -0.130680 -0.369256
v 0.511530 -0.134836 -0.369265
v 0.540605 0.039557 -0.397763
v 0.566828 0.026196 -0.397775
v 0.537785 0.030862 -0.369256
v 0.561452 0.018799 -0.369265
v 0.566828 -0.126013 -0.397775
v 0.540605 -0.139374 -0.397763
v 0.561452 -0.118616 -0.369265
v 0.537785 -0.130680 -0.369256
v 0.511530 0.035019 -0.369265
v 0.511539 0.044161 -0.397766
v 0.537785 0.030862 -0.369256
v 0.540605 0.039557 -0.397763
v 0.587641 -0.105201 -0.397766
v 0.566828 -0.126013 -0.397775
v 0.580241 -0.099827 -0.369262
v 0.561452 -0.118616 -0.369265
v 0.430765 -0.076152 -0.369258
v 0.422071 -0.078978 -0.397769
v 0.426609 -0.049909 -0.369258
v 0.417468 -0.049909 -0.397759
v 0.485295 0.030862 -0.369259
v 0.482466 0.039557 -0.397766
v 0.511530 0.035019 -0.369265
v 0.511539 0.044161 -0.397766
v 0.601003 -0.078978 -0.397772
v 0.587641 -0.105201 -0.397766
v 0.592302 -0.076152 -0.369261
v 0.580241 -0.099827 -0.369262
v 0.435431 -0.105201 -0.397762
v 0.422071 -0.078978 -0.397769
v 0.442827 -0.099827 -0.369259
v 0.430765 -0.076152 -0.369258
v 0.605603 -0.049908 -0.397768
v 0.601003 -0.078978 -0.397772
v 0.596459 -0.049908 -0.369263
v 0.592302 -0.076152 -0.369261
v 0.461616 -0.118616 -0.369256
v 0.456245 -0.126013 -0.397767
v 0.442827 -0.099827 -0.369259
v 0.435431 -0.105201 -0.397762
v 0.565457 -0.010735 -0.369256
v 0.580241 0.000010 -0.369262
v 0.574914 -0.029314 -0.369265
v 0.592302 -0.023665 -0.369261
v 0.574918 -0.070503 -0.317035
v 0.574914 -0.070503 -0.369265
v 0.565455 -0.089082 -0.317036
v 0.565458 -0.089082 -0.369257
v 0.511530 -0.116554 -0.369265
v 0.511530 -0.134836 -0.369265
v 0.490942 -0.113293 -0.369259
v 0.485295 -0.130680 -0.369259
v 0.426609 -0.049909 -0.369258
v 0.430765 -0.023665 -0.369258
v 0.444885 -0.049909 -0.369259
v 0.448153 -0.029314 -0.369255
v 0.561452 0.018799 -0.369265
v 0.580241 0.000010 -0.369262
v 0.550709 0.004009 -0.369257
v 0.565457 -0.010735 -0.369256
v 0.537785 -0.130680 -0.369256
v 0.511530 -0.134836 -0.369265
v 0.532132 -0.113293 -0.369266
v 0.511530 -0.116554 -0.369265
v 0.532132 0.013476 -0.369266
v 0.537785 0.030862 -0.369256
v 0.550709 0.004009 -0.369257
v 0.561452 0.018799 -0.369265
v 0.561452 -0.118616 -0.369265
v 0.537785 -0.130680 -0.369256
v 0.550709 -0.103826 -0.369257
v 0.532132 -0.113293 -0.369266
v 0.580241 -0.099827 -0.369262
v 0.561452 -0.118616 -0.369265
v 0.565458 -0.089082 -0.369257
v 0.550709 -0.103826 -0.369257
v 0.448153 -0.070504 -0.369255
v 0.430765 -0.076152 -0.369258
v 0.444885 -0.049909 -0.369259
v 0.426609 -0.049909 -0.369258
v 0.485295 0.030862 -0.369259
v 0.511530 0.035019 -0.369265
v 0.490942 0.013476 -0.369259
v 0.511530 0.016737 -0.369265
v 0.574914 -0.070503 -0.369265
v 0.592302 -0.076152 -0.369261
v 0.565458 -0.089082 -0.369257
v 0.580241 -0.099827 -0.369262
v 0.457618 -0.089082 -0.369269
v 0.442827 -0.099827 -0.369259
v 0.448153 -0.070504 -0.369255
v 0.430765 -0.076152 -0.369258
v 0.578182 -0.049908 -0.369261
v 0.596459 -0.049908 -0.369263
v 0.574914 -0.070503 -0.369265
v 0.592302 -0.076152 -0.369261
v 0.461616 -0.118616 -0.369256
v 0.442827 -0.099827 -0.369259
v 0.472358 -0.103826 -0.369263
v 0.457618 -0.089082 -0.369269
v 0.442826 0.000010 -0.369259
v 0.461616 0.018799 -0.369256
v 0.457618 -0.010735 -0.369269
v 0.472358 0.004009 -0.369263
v 0.592302 -0.023665 -0.369261
v 0.596459 -0.049908 -0.369263
v 0.574914 -0.029314 -0.369265
v 0.578182 -0.049908 -0.369261
v 0.485295 -0.130680 -0.369259
v 0.461616 -0.118616 -0.369256
v 0.490942 -0.113293 -0.369259
v 0.472358 -0.103826 -0.369263
v 0.448153 -0.029314 -0.369255
v 0.430765 -0.023665 -0.369258
v 0.457618 -0.010735 -0.369269
v 0.442826 0.000010 -0.369259
v 0.472358 0.004009 -0.369263
v 0.490942 0.013476 -0.369259
v 0.472361 0.004009 -0.317033
v 0.490945 0.013476 -0.317030
v 0.578185 -0.049908 -0.317030
v 0.578182 -0.049908 -0.369261
v 0.574918 -0.070503 -0.317035
v 0.574914 -0.070503 -0.369265
v 0.457620 -0.010735 -0.317039
v 0.457618 -0.010735 -0.369269
v 0.472361 0.004009 -0.317033
v 0.472358 0.004009 -0.369263
v 0.574917 -0.029314 -0.317035
v 0.574914 -0.029314 -0.369265
v 0.578185 -0.049908 -0.317030
v 0.578182 -0.049908 -0.369261
v 0.490942 -0.113293 -0.369259
v 0.472358 -0.103826 -0.369263
v 0.490945 -0.113293 -0.317030
v 0.472361 -0.103826 -0.317033
v 0.448153 -0.029314 -0.369255
v 0.457618 -0.010735 -0.369269
v 0.448150 -0.029314 -0.317036
v 0.457620 -0.010735 -0.317039
v 0.511530 -0.116554 -0.369265
v 0.490942 -0.113293 -0.369259
v 0.511534 -0.116554 -0.317035
v 0.490945 -0.113293 -0.317030
v 0.532135 0.013476 -0.317035
v 0.532132 0.013476 -0.369266
v 0.550706 0.004009 -0.317037
v 0.550709 0.004009 -0.369257
v 0.550706 -0.103826 -0.317037
v 0.550709 -0.103826 -0.369257
v 0.532135 -0.113293 -0.317035
v 0.532132 -0.113293 -0.369266
v 0.511530 0.016737 -0.369265
v 0.532132 0.013476 -0.369266
v 0.511534 0.016737 -0.317035
v 0.532135 0.013476 -0.317035
v 0.557871 -0.016244 -0.324786
v 0.566001 -0.032210 -0.324785
v 0.557873 -0.016244 -0.329809
v 0.566003 -0.032210 -0.329807
v 0.511533 -0.107182 -0.324781
v 0.493831 -0.104380 -0.324786
v 0.511536 -0.107182 -0.329803
v 0.493834 -0.104380 -0.329809
v 0.454261 -0.049909 -0.324776
v 0.457064 -0.032210 -0.324777
v 0.454263 -0.049909 -0.329798
v 0.457062 -0.032210 -0.329810
v 0.545201 -0.003573 -0.324788
v 0.557871 -0.016244 -0.324786
v 0.545196 -0.003573 -0.329806
v 0.557873 -0.016244 -0.329809
v 0.529229 -0.104380 -0.324786
v 0.511533 -0.107182 -0.324781
v 0.529232 -0.104380 -0.329810
v 0.511536 -0.107182 -0.329803
v 0.529229 0.004562 -0.324786
v 0.545201 -0.003573 -0.324788
v 0.529232 0.004562 -0.329810
v 0.545196 -0.003573 -0.329806
v 0.545201 -0.096244 -0.324788
v 0.529229 -0.104380 -0.324786
v 0.545196 -0.096244 -0.329806
v 0.529232 -0.104380 -0.329810
v 0.511533 0.007365 -0.324781
v 0.529229 0.004562 -0.324786
v 0.511536 0.007365 -0.329803
v 0.529232 0.004562 -0.329810
v 0.457064 -0.067608 -0.324777
v 0.454261 -0.049909 -0.324776
v 0.457062 -0.067608 -0.329810
v 0.454263 -0.049909 -0.329798
v 0.493831 0.004562 -0.324786
v 0.511533 0.007365 -0.324781
v 0.493834 0.004562 -0.329809
v 0.511536 0.007365 -0.329803
v 0.566001 -0.067607 -0.324785
v 0.557871 -0.083573 -0.324786
v 0.566003 -0.067607 -0.329807
v 0.557874 -0.083573 -0.329809
v 0.477871 -0.003573 -0.324778
v 0.493831 0.004562 -0.324786
v 0.477868 -0.003573 -0.329812
v 0.493834 0.004562 -0.329809
v 0.568813 -0.049908 -0.329799
v 0.568804 -0.049908 -0.324787
v 0.566003 -0.067607 -0.329807
v 0.566001 -0.067607 -0.324785
v 0.477871 -0.096244 -0.324778
v 0.465202 -0.083573 -0.324780
v 0.477868 -0.096244 -0.329812
v 0.465198 -0.083573 -0.329813
v 0.465202 -0.016244 -0.324780
v 0.477871 -0.003573 -0.324778
v 0.465198 -0.016244 -0.329813
v 0.477868 -0.003573 -0.329812
v 0.566003 -0.032210 -0.329807
v 0.566001 -0.032210 -0.324785
v 0.568813 -0.049908 -0.329799
v 0.568804 -0.049908 -0.324787
v 0.493831 -0.104380 -0.324786
v 0.477871 -0.096244 -0.324778
v 0.493834 -0.104380 -0.329809
v 0.477868 -0.096244 -0.329812
v 0.457062 -0.032210 -0.329810
v 0.457064 -0.032210 -0.324777
v 0.465198 -0.016244 -0.329813
v 0.465202 -0.016244 -0.324780
v 0.530415 -0.127458 -0.356275
v 0.513950 -0.098077 -0.378083
v 0.541848 -0.123742 -0.356276
v 0.537896 -0.090296 -0.378084
v 0.525064 -0.059736 -0.380065
v 0.506371 -0.065809 -0.380071
v 0.525064 -0.040081 -0.380065
v 0.521147 -0.056894 -0.382212
v 0.521147 -0.042923 -0.382212
v 0.537895 -0.009518 -0.378083
v 0.506371 -0.034008 -0.380071
v 0.513950 -0.001737 -0.378083
v 0.507861 -0.038605 -0.382210
v 0.494822 -0.049908 -0.380068
v 0.466117 -0.067346 -0.378088
v 0.506371 -0.065809 -0.380071
v 0.499651 -0.049908 -0.382216
v 0.480913 -0.087717 -0.378088
v 0.507861 -0.061212 -0.382210
v 0.525064 -0.059736 -0.380065
v 0.521147 -0.056894 -0.382212
v 0.525064 -0.040081 -0.380065
v 0.558292 -0.062498 -0.378083
v 0.558292 -0.037318 -0.378083
v 0.591509 -0.055920 -0.356284
v 0.591509 -0.043898 -0.356284
v 0.521147 -0.042923 -0.382212
v 0.506371 -0.034008 -0.380071
v 0.494822 -0.049908 -0.380068
v 0.481110 -0.012243 -0.378086
v 0.507861 -0.038605 -0.382210
v 0.466314 -0.032614 -0.378084
v 0.450369 0.001963 -0.356280
v 0.443298 -0.007763 -0.356281
v 0.499651 -0.049908 -0.382216
v 0.507861 -0.061212 -0.382210
v 0.449978 -0.102067 -0.356277
v 0.442909 -0.092341 -0.356277
v 0.530415 0.027647 -0.356275
v 0.541848 0.023932 -0.356276
v 0.450369 0.001963 -0.336052
v 0.478850 -0.015364 -0.343837
v 0.450369 0.001963 -0.356280
v 0.481110 -0.012243 -0.378086
v 0.506371 -0.034008 -0.380071
v 0.506373 -0.034008 -0.354355
v 0.541847 0.023932 -0.336050
v 0.541848 0.023932 -0.356276
v 0.534234 -0.008326 -0.343835
v 0.537895 -0.009518 -0.378083
v 0.525059 -0.040081 -0.354358
v 0.525064 -0.040081 -0.380065
v 0.530415 -0.127458 -0.336047
v 0.530415 -0.127458 -0.356275
v 0.517612 -0.096885 -0.343838
v 0.513950 -0.098077 -0.378083
v 0.506373 -0.065809 -0.354355
v 0.506371 -0.065809 -0.380071
v 0.442909 -0.092341 -0.336049
v 0.442909 -0.092341 -0.356277
v 0.468382 -0.070466 -0.343831
v 0.466117 -0.067346 -0.378088
v 0.494818 -0.049909 -0.354360
v 0.494822 -0.049908 -0.380068
v 0.506371 -0.034008 -0.380071
v 0.513950 -0.001737 -0.378083
v 0.506373 -0.034008 -0.354355
v 0.517612 -0.002929 -0.343838
v 0.530415 0.027647 -0.336047
v 0.530415 0.027647 -0.356275
v 0.494822 -0.049908 -0.380068
v 0.494818 -0.049909 -0.354360
v 0.466314 -0.032614 -0.378084
v 0.468581 -0.029495 -0.343842
v 0.443298 -0.007763 -0.356281
v 0.443298 -0.007763 -0.336052
v 0.506371 -0.065809 -0.380071
v 0.506373 -0.065809 -0.354355
v 0.480913 -0.087717 -0.378088
v 0.478645 -0.084597 -0.343837
v 0.449978 -0.102067 -0.356277
v 0.449971 -0.102067 -0.336044
v 0.525064 -0.059736 -0.380065
v 0.525059 -0.059736 -0.354358
v 0.537896 -0.090296 -0.378084
v 0.534226 -0.091487 -0.343831
v 0.541848 -0.123742 -0.356276
v 0.541847 -0.123742 -0.336050
v 0.457062 -0.067608 -0.329810
v 0.454263 -0.049909 -0.329798
v 0.465198 -0.083573 -0.329813
v 0.493834 -0.104380 -0.329809
v 0.477868 -0.096244 -0.329812
v 0.465198 -0.016244 -0.329813
v 0.529232 0.004562 -0.329810
v 0.529232 -0.104380 -0.329810
v 0.568813 -0.049908 -0.329799
v 0.511536 -0.107182 -0.329803
v 0.545196 -0.096244 -0.329806
v 0.557874 -0.083573 -0.329809
v 0.566003 -0.067607 -0.329807
v 0.566003 -0.032210 -0.329807
v 0.557873 -0.016244 -0.329809
v 0.545196 -0.003573 -0.329806
v 0.511536 0.007365 -0.329803
v 0.493834 0.004562 -0.329809
v 0.477868 -0.003573 -0.329812
v 0.457062 -0.032210 -0.329810
v 0.404339 -0.127793 -0.250765
v 0.433652 -0.157107 -0.250773
v 0.385521 -0.090854 -0.250764
v 0.379033 -0.049909 -0.250775
v 0.385521 -0.008963 -0.250764
v 0.589417 -0.157107 -0.250769
v 0.511539 0.082596 -0.250772
v 0.404338 0.027975 -0.250764
v 0.433652 0.057290 -0.250773
v 0.470594 0.076111 -0.250765
v 0.637553 -0.008963 -0.250768
v 0.552480 0.076111 -0.250767
v 0.589417 0.057290 -0.250769
v 0.618736 0.027975 -0.250767
v 0.644042 -0.049908 -0.250772
v 0.637554 -0.090854 -0.250768
v 0.618736 -0.127792 -0.250767
v 0.552481 -0.175928 -0.250767
v 0.511539 -0.182413 -0.250772
v 0.470594 -0.175928 -0.250765
v 0.507861 -0.061212 -0.382210
v 0.521147 -0.056894 -0.382212
v 0.499651 -0.049908 -0.382216
v 0.507861 -0.038605 -0.382210
v 0.521147 -0.042923 -0.382212
v -0.570273 -0.116555 -0.329891
v -0.570273 -0.049909 -0.329891
v -0.549679 -0.113293 -0.329888
v -0.531100 -0.103826 -0.329893
v -0.516359 -0.010735 -0.329887
v -0.531100 0.004009 -0.329893
v -0.633656 -0.029314 -0.329891
v -0.590874 -0.113293 -0.329891
v -0.570273 -0.116555 -0.329891
v -0.506889 -0.029314 -0.329890
v -0.633656 -0.029314 -0.329891
v -0.609445 -0.103826 -0.329889
v -0.590874 -0.113293 -0.329891
v -0.503634 -0.049909 -0.329891
v -0.506889 -0.029314 -0.329890
v -0.609445 0.004009 -0.329889
v -0.624193 -0.010735 -0.329890
v -0.624193 -0.089082 -0.329890
v -0.609445 -0.103826 -0.329889
v -0.506889 -0.070503 -0.329890
v -0.503634 -0.049909 -0.329891
v -0.590874 0.013475 -0.329891
v -0.609445 0.004009 -0.329889
v -0.633656 -0.070504 -0.329891
v -0.624193 -0.089082 -0.329890
v -0.516359 -0.089082 -0.329887
v -0.506889 -0.070503 -0.329890
v -0.570273 0.016737 -0.329891
v -0.633656 -0.070504 -0.329891
v -0.531100 -0.103826 -0.329893
v -0.570273 0.016737 -0.329891
v -0.549679 -0.113293 -0.329888
v -0.549679 0.013475 -0.329888
v -0.549679 0.013475 -0.329888
v -0.636918 -0.049909 -0.329886
v -0.516359 -0.010735 -0.329887
v -0.624193 -0.010735 -0.329890
v -0.590874 0.013475 -0.329891
v -0.636918 -0.049909 -0.329886
v -0.516359 -0.089082 -0.329887
v -0.531100 0.004009 -0.329893
v -0.552579 0.004562 -0.335607
v -0.570281 0.007365 -0.335611
v -0.570272 -0.049909 -0.333829
v -0.570280 -0.107182 -0.335612
v -0.552579 -0.104380 -0.335607
v -0.624749 -0.032210 -0.335608
v -0.624749 -0.032210 -0.335608
v -0.603941 -0.096244 -0.335608
v -0.587976 -0.104380 -0.335607
v -0.513003 -0.049909 -0.335606
v -0.515807 -0.032210 -0.335605
v -0.603941 -0.003573 -0.335608
v -0.616612 -0.016244 -0.335611
v -0.616612 -0.083573 -0.335611
v -0.603941 -0.096244 -0.335608
v -0.515807 -0.067607 -0.335605
v -0.513003 -0.049909 -0.335606
v -0.587976 0.004562 -0.335607
v -0.603941 -0.003573 -0.335608
v -0.624749 -0.067608 -0.335608
v -0.616612 -0.083573 -0.335611
v -0.523937 -0.083573 -0.335607
v -0.515807 -0.067607 -0.335605
v -0.570281 0.007365 -0.335611
v -0.587976 0.004562 -0.335607
v -0.627545 -0.049909 -0.335611
v -0.624749 -0.067608 -0.335608
v -0.536606 -0.096244 -0.335609
v -0.523937 -0.083573 -0.335607
v -0.627545 -0.049909 -0.335611
v -0.552579 -0.104380 -0.335607
v -0.536606 -0.096244 -0.335609
v -0.536606 -0.003573 -0.335609
v -0.552579 0.004562 -0.335607
v -0.523937 -0.016244 -0.335607
v -0.536606 -0.003573 -0.335609
v -0.587976 -0.104380 -0.335607
v -0.570280 -0.107182 -0.335612
v -0.515807 -0.032210 -0.335605
v -0.523937 -0.016244 -0.335607
v -0.616612 -0.016244 -0.335611
v -0.696294 -0.008963 -0.280960
v -0.696293 -0.008963 -0.383454
v -0.702775 -0.049909 -0.280960
v -0.702781 -0.049909 -0.383466
v -0.692359 -0.010243 -0.387733
v -0.702781 -0.049909 -0.383466
v -0.698637 -0.049909 -0.387736
v -0.674118 -0.125358 -0.387728
v -0.692359 -0.089575 -0.387733
v -0.646382 -0.105202 -0.389499
v -0.659735 -0.078978 -0.389498
v -0.645722 -0.153757 -0.387729
v -0.674118 -0.125358 -0.387728
v -0.625562 -0.126013 -0.389497
v -0.646382 -0.105202 -0.389499
v -0.530604 -0.171989 -0.387732
v -0.570277 -0.178271 -0.387728
v -0.541206 -0.139374 -0.389501
v -0.570272 -0.143978 -0.389504
v -0.494824 -0.153757 -0.387732
v -0.530604 -0.171989 -0.387732
v -0.514985 -0.126013 -0.389499
v -0.541206 -0.139374 -0.389501
v -0.466428 -0.125358 -0.387733
v -0.494824 -0.153757 -0.387732
v -0.494171 -0.105202 -0.389504
v -0.514985 -0.126013 -0.389499
v -0.448193 -0.089575 -0.387723
v -0.480811 -0.078978 -0.389496
v -0.466428 -0.125358 -0.387733
v -0.494171 -0.105202 -0.389504
v -0.476203 -0.049909 -0.389497
v -0.441909 -0.049909 -0.387725
v -0.480811 -0.078978 -0.389496
v -0.448193 -0.089575 -0.387723
v -0.448193 -0.010243 -0.387723
v -0.441909 -0.049909 -0.387725
v -0.480811 -0.020839 -0.389496
v -0.476203 -0.049909 -0.389497
v -0.466428 0.025541 -0.387733
v -0.494171 0.005384 -0.389504
v -0.448193 -0.010243 -0.387723
v -0.480811 -0.020839 -0.389496
v -0.514985 0.026195 -0.389499
v -0.494824 0.053939 -0.387732
v -0.494171 0.005384 -0.389504
v -0.466428 0.025541 -0.387733
v -0.541206 0.039557 -0.389501
v -0.530605 0.072172 -0.387731
v -0.514985 0.026195 -0.389499
v -0.494824 0.053939 -0.387732
v -0.609941 0.072172 -0.387729
v -0.570277 0.078454 -0.387728
v -0.599346 0.039557 -0.389503
v -0.570280 0.044161 -0.389500
v -0.611221 -0.175928 -0.280961
v -0.611226 -0.175928 -0.383466
v -0.570272 -0.182413 -0.280959
v -0.570275 -0.182413 -0.383463
v -0.609941 -0.171989 -0.387729
v -0.570275 -0.182413 -0.383463
v -0.570277 -0.178271 -0.387728
v -0.692359 -0.010243 -0.387733
v -0.674118 0.025541 -0.387728
v -0.659735 -0.020840 -0.389498
v -0.646382 0.005384 -0.389499
v -0.692359 -0.089575 -0.387733
v -0.698637 -0.049909 -0.387736
v -0.659735 -0.078978 -0.389498
v -0.664344 -0.049909 -0.389498
v -0.702775 -0.049909 -0.280960
v -0.702781 -0.049909 -0.383466
v -0.696294 -0.090855 -0.280960
v -0.696293 -0.090855 -0.383454
v -0.698637 -0.049909 -0.387736
v -0.696293 -0.090855 -0.383454
v -0.692359 -0.089575 -0.387733
v -0.638982 0.000010 -0.368446
v -0.646382 0.005384 -0.389499
v -0.620198 0.018799 -0.368453
v -0.625562 0.026195 -0.389497
v -0.437768 -0.049909 -0.280958
v -0.444257 -0.090855 -0.280955
v -0.437772 -0.049909 -0.383463
v -0.444253 -0.090855 -0.383463
v -0.448193 -0.089575 -0.387723
v -0.437772 -0.049909 -0.383463
v -0.441909 -0.049909 -0.387725
v -0.529329 0.076110 -0.280953
v -0.529326 0.076110 -0.383461
v -0.570272 0.082595 -0.280959
v -0.570275 0.082595 -0.383463
v -0.530605 0.072172 -0.387731
v -0.570275 0.082595 -0.383463
v -0.570277 0.078454 -0.387728
v -0.677477 -0.127793 -0.280960
v -0.677468 -0.127793 -0.383459
v -0.648157 -0.157107 -0.280959
v -0.648162 -0.157107 -0.383464
v -0.674118 -0.125358 -0.387728
v -0.648162 -0.157107 -0.383464
v -0.645722 -0.153757 -0.387729
v -0.492393 -0.157107 -0.280956
v -0.492390 -0.157107 -0.383464
v -0.463074 -0.127793 -0.280955
v -0.463078 -0.127793 -0.383458
v -0.494824 -0.153757 -0.387732
v -0.463078 -0.127793 -0.383458
v -0.466428 -0.125358 -0.387733
v -0.463074 0.027975 -0.280955
v -0.463078 0.027975 -0.383458
v -0.492393 0.057290 -0.280956
v -0.492390 0.057290 -0.383464
v -0.466428 0.025541 -0.387733
v -0.492390 0.057290 -0.383464
v -0.494824 0.053939 -0.387732
v -0.677477 0.027975 -0.280960
v -0.648157 0.057290 -0.280959
v -0.677468 0.027975 -0.383459
v -0.648162 0.057290 -0.383464
v -0.645722 0.053939 -0.387729
v -0.677468 0.027975 -0.383459
v -0.674118 0.025541 -0.387728
v -0.570272 -0.182413 -0.280959
v -0.570275 -0.182413 -0.383463
v -0.529329 -0.175928 -0.280953
v -0.529326 -0.175928 -0.383461
v -0.570277 -0.178271 -0.387728
v -0.529326 -0.175928 -0.383461
v -0.530604 -0.171989 -0.387732
v -0.444257 -0.008963 -0.280955
v -0.437768 -0.049909 -0.280958
v -0.444253 -0.008963 -0.383463
v -0.437772 -0.049909 -0.383463
v -0.441909 -0.049909 -0.387725
v -0.444253 -0.008963 -0.383463
v -0.448193 -0.010243 -0.387723
v -0.570272 0.082595 -0.280959
v -0.570275 0.082595 -0.383463
v -0.611221 0.076110 -0.280961
v -0.611226 0.076110 -0.383466
v -0.570277 0.078454 -0.387728
v -0.611226 0.076110 -0.383466
v -0.609941 0.072172 -0.387729
v -0.677477 -0.127793 -0.280960
v -0.696294 -0.090855 -0.280960
v -0.677468 -0.127793 -0.383459
v -0.696293 -0.090855 -0.383454
v -0.692359 -0.089575 -0.387733
v -0.677468 -0.127793 -0.383459
v -0.674118 -0.125358 -0.387728
v -0.648157 -0.157107 -0.280959
v -0.648162 -0.157107 -0.383464
v -0.611221 -0.175928 -0.280961
v -0.611226 -0.175928 -0.383466
v -0.645722 -0.153757 -0.387729
v -0.611226 -0.175928 -0.383466
v -0.609941 -0.171989 -0.387729
v -0.463074 -0.127793 -0.280955
v -0.463078 -0.127793 -0.383458
v -0.444257 -0.090855 -0.280955
v -0.444253 -0.090855 -0.383463
v -0.466428 -0.125358 -0.387733
v -0.444253 -0.090855 -0.383463
v -0.448193 -0.089575 -0.387723
v -0.529329 0.076110 -0.280953
v -0.492393 0.057290 -0.280956
v -0.529326 0.076110 -0.383461
v -0.492390 0.057290 -0.383464
v -0.494824 0.053939 -0.387732
v -0.529326 0.076110 -0.383461
v -0.530605 0.072172 -0.387731
v -0.696294 -0.008963 -0.280960
v -0.696293 -0.008963 -0.383454
v -0.677477 0.027975 -0.280960
v -0.677468 0.027975 -0.383459
v -0.674118 0.025541 -0.387728
v -0.696293 -0.008963 -0.383454
v -0.692359 -0.010243 -0.387733
v -0.444257 -0.008963 -0.280955
v -0.444253 -0.008963 -0.383463
v -0.463074 0.027975 -0.280955
v -0.463078 0.027975 -0.383458
v -0.448193 -0.010243 -0.387723
v -0.463078 0.027975 -0.383458
v -0.466428 0.025541 -0.387733
v -0.611221 0.076110 -0.280961
v -0.611226 0.076110 -0.383466
v -0.648157 0.057290 -0.280959
v -0.648162 0.057290 -0.383464
v -0.609941 0.072172 -0.387729
v -0.648162 0.057290 -0.383464
v -0.645722 0.053939 -0.387729
v -0.489505 -0.023665 -0.368448
v -0.480811 -0.020839 -0.389496
v -0.485349 -0.049909 -0.368448
v -0.476203 -0.049909 -0.389497
v -0.599346 -0.139374 -0.389503
v -0.625562 -0.126013 -0.389497
v -0.596519 -0.130680 -0.368456
v -0.620198 -0.118616 -0.368453
v -0.659735 -0.020840 -0.389498
v -0.646382 0.005384 -0.389499
v -0.651043 -0.023665 -0.368447
v -0.638982 0.000010 -0.368446
v -0.501567 0.000010 -0.368449
v -0.494171 0.005384 -0.389504
v -0.489505 -0.023665 -0.368448
v -0.480811 -0.020839 -0.389496
v -0.570277 -0.134836 -0.368453
v -0.570272 -0.143978 -0.389504
v -0.596519 -0.130680 -0.368456
v -0.599346 -0.139374 -0.389503
v -0.664344 -0.049909 -0.389498
v -0.659735 -0.020840 -0.389498
v -0.655200 -0.049909 -0.368445
v -0.651043 -0.023665 -0.368447
v -0.514985 0.026195 -0.389499
v -0.494171 0.005384 -0.389504
v -0.520357 0.018799 -0.368452
v -0.501567 0.000010 -0.368449
v -0.541206 -0.139374 -0.389501
v -0.570272 -0.143978 -0.389504
v -0.544027 -0.130680 -0.368452
v -0.570277 -0.134836 -0.368453
v -0.541206 0.039557 -0.389501
v -0.514985 0.026195 -0.389499
v -0.544027 0.030862 -0.368452
v -0.520357 0.018799 -0.368452
v -0.514985 -0.126013 -0.389499
v -0.541206 -0.139374 -0.389501
v -0.520357 -0.118616 -0.368452
v -0.544027 -0.130680 -0.368452
v -0.570277 0.035019 -0.368453
v -0.570280 0.044161 -0.389500
v -0.544027 0.030862 -0.368452
v -0.541206 0.039557 -0.389501
v -0.494171 -0.105202 -0.389504
v -0.514985 -0.126013 -0.389499
v -0.501567 -0.099828 -0.368449
v -0.520357 -0.118616 -0.368452
v -0.651043 -0.076153 -0.368447
v -0.659735 -0.078978 -0.389498
v -0.655200 -0.049909 -0.368445
v -0.664344 -0.049909 -0.389498
v -0.596519 0.030862 -0.368456
v -0.599346 0.039557 -0.389503
v -0.570277 0.035019 -0.368453
v -0.570280 0.044161 -0.389500
v -0.480811 -0.078978 -0.389496
v -0.494171 -0.105202 -0.389504
v -0.489505 -0.076153 -0.368448
v -0.501567 -0.099828 -0.368449
v -0.646382 -0.105202 -0.389499
v -0.659735 -0.078978 -0.389498
v -0.638982 -0.099828 -0.368446
v -0.651043 -0.076153 -0.368447
v -0.620198 0.018799 -0.368453
v -0.625562 0.026195 -0.389497
v -0.596519 0.030862 -0.368456
v -0.599346 0.039557 -0.389503
v -0.476203 -0.049909 -0.389497
v -0.480811 -0.078978 -0.389496
v -0.485349 -0.049909 -0.368448
v -0.489505 -0.076153 -0.368448
v -0.620198 -0.118616 -0.368453
v -0.625562 -0.126013 -0.389497
v -0.638982 -0.099828 -0.368446
v -0.646382 -0.105202 -0.389499
v -0.516356 -0.010735 -0.368453
v -0.501567 0.000010 -0.368449
v -0.506893 -0.029314 -0.368451
v -0.489505 -0.023665 -0.368448
v -0.506889 -0.070503 -0.329890
v -0.506893 -0.070503 -0.368451
v -0.516359 -0.089082 -0.329887
v -0.516356 -0.089082 -0.368453
v -0.570277 -0.116555 -0.368453
v -0.570277 -0.134836 -0.368453
v -0.590871 -0.113293 -0.368457
v -0.596519 -0.130680 -0.368456
v -0.655200 -0.049909 -0.368445
v -0.651043 -0.023665 -0.368447
v -0.636923 -0.049909 -0.368447
v -0.633661 -0.029314 -0.368452
v -0.520357 0.018799 -0.368452
v -0.501567 0.000010 -0.368449
v -0.531105 0.004009 -0.368454
v -0.516356 -0.010735 -0.368453
v -0.544027 -0.130680 -0.368452
v -0.570277 -0.134836 -0.368453
v -0.549682 -0.113293 -0.368448
v -0.570277 -0.116555 -0.368453
v -0.549682 0.013475 -0.368448
v -0.544027 0.030862 -0.368452
v -0.531105 0.004009 -0.368454
v -0.520357 0.018799 -0.368452
v -0.520357 -0.118616 -0.368452
v -0.544027 -0.130680 -0.368452
v -0.531105 -0.103826 -0.368454
v -0.549682 -0.113293 -0.368448
v -0.501567 -0.099828 -0.368449
v -0.520357 -0.118616 -0.368452
v -0.516356 -0.089082 -0.368453
v -0.531105 -0.103826 -0.368454
v -0.633661 -0.070504 -0.368452
v -0.651043 -0.076153 -0.368447
v -0.636923 -0.049909 -0.368447
v -0.655200 -0.049909 -0.368445
v -0.596519 0.030862 -0.368456
v -0.570277 0.035019 -0.368453
v -0.590871 0.013475 -0.368457
v -0.570277 0.016737 -0.368453
v -0.506893 -0.070503 -0.368451
v -0.489505 -0.076153 -0.368448
v -0.516356 -0.089082 -0.368453
v -0.501567 -0.099828 -0.368449
v -0.624191 -0.089082 -0.368456
v -0.638982 -0.099828 -0.368446
v -0.633661 -0.070504 -0.368452
v -0.651043 -0.076153 -0.368447
v -0.503626 -0.049909 -0.368447
v -0.485349 -0.049909 -0.368448
v -0.506893 -0.070503 -0.368451
v -0.489505 -0.076153 -0.368448
v -0.620198 -0.118616 -0.368453
v -0.638982 -0.099828 -0.368446
v -0.609449 -0.103826 -0.368450
v -0.624191 -0.089082 -0.368456
v -0.638982 0.000010 -0.368446
v -0.620198 0.018799 -0.368453
v -0.624191 -0.010735 -0.368456
v -0.609449 0.004009 -0.368450
v -0.489505 -0.023665 -0.368448
v -0.485349 -0.049909 -0.368448
v -0.506893 -0.029314 -0.368451
v -0.503626 -0.049909 -0.368447
v -0.596519 -0.130680 -0.368456
v -0.620198 -0.118616 -0.368453
v -0.590871 -0.113293 -0.368457
v -0.609449 -0.103826 -0.368450
v -0.633661 -0.029314 -0.368452
v -0.651043 -0.023665 -0.368447
v -0.624191 -0.010735 -0.368456
v -0.638982 0.000010 -0.368446
v -0.624191 -0.089082 -0.368456
v -0.633661 -0.070504 -0.368452
v -0.624193 -0.089082 -0.329890
v -0.633656 -0.070504 -0.329891
v -0.609449 0.004009 -0.368450
v -0.590871 0.013475 -0.368457
v -0.609445 0.004009 -0.329889
v -0.590874 0.013475 -0.329891
v -0.503634 -0.049909 -0.329891
v -0.503626 -0.049909 -0.368447
v -0.506889 -0.070503 -0.329890
v -0.506893 -0.070503 -0.368451
v -0.609449 -0.103826 -0.368450
v -0.624191 -0.089082 -0.368456
v -0.609445 -0.103826 -0.329889
v -0.624193 -0.089082 -0.329890
v -0.506889 -0.029314 -0.329890
v -0.506893 -0.029314 -0.368451
v -0.503634 -0.049909 -0.329891
v -0.503626 -0.049909 -0.368447
v -0.590871 -0.113293 -0.368457
v -0.609449 -0.103826 -0.368450
v -0.590874 -0.113293 -0.329891
v -0.609445 -0.103826 -0.329889
v -0.633661 -0.029314 -0.368452
v -0.624191 -0.010735 -0.368456
v -0.633656 -0.029314 -0.329891
v -0.624193 -0.010735 -0.329890
v -0.516359 -0.010735 -0.329887
v -0.516356 -0.010735 -0.368453
v -0.506889 -0.029314 -0.329890
v -0.506893 -0.029314 -0.368451
v -0.570277 -0.116555 -0.368453
v -0.590871 -0.113293 -0.368457
v -0.570273 -0.116555 -0.329891
v -0.590874 -0.113293 -0.329891
v -0.636923 -0.049909 -0.368447
v -0.633661 -0.029314 -0.368452
v -0.636918 -0.049909 -0.329886
v -0.633656 -0.029314 -0.329891
v -0.549682 -0.113293 -0.368448
v -0.570277 -0.116555 -0.368453
v -0.549679 -0.113293 -0.329888
v -0.570273 -0.116555 -0.329891
v -0.549679 0.013475 -0.329888
v -0.549682 0.013475 -0.368448
v -0.531100 0.004009 -0.329893
v -0.531105 0.004009 -0.368454
v -0.531100 -0.103826 -0.329893
v -0.531105 -0.103826 -0.368454
v -0.549679 -0.113293 -0.329888
v -0.549682 -0.113293 -0.368448
v -0.633661 -0.070504 -0.368452
v -0.636923 -0.049909 -0.368447
v -0.633656 -0.070504 -0.329891
v -0.636918 -0.049909 -0.329886
v -0.523937 -0.016244 -0.335607
v -0.515807 -0.032210 -0.335605
v -0.523943 -0.016244 -0.339321
v -0.515800 -0.032210 -0.339313
v -0.627545 -0.049909 -0.335611
v -0.624749 -0.032210 -0.335608
v -0.627545 -0.049909 -0.339314
v -0.624742 -0.032210 -0.339316
v -0.536606 -0.003573 -0.335609
v -0.523937 -0.016244 -0.335607
v -0.536607 -0.003573 -0.339312
v -0.523943 -0.016244 -0.339321
v -0.552579 -0.104380 -0.335607
v -0.570280 -0.107182 -0.335612
v -0.552572 -0.104380 -0.339315
v -0.570274 -0.107182 -0.339319
v -0.552579 0.004562 -0.335607
v -0.536606 -0.003573 -0.335609
v -0.552572 0.004562 -0.339315
v -0.536607 -0.003573 -0.339312
v -0.570281 0.007365 -0.335611
v -0.552579 0.004562 -0.335607
v -0.570274 0.007365 -0.339319
v -0.552572 0.004562 -0.339315
v -0.523937 -0.083573 -0.335607
v -0.536606 -0.096244 -0.335609
v -0.523943 -0.083573 -0.339321
v -0.536607 -0.096244 -0.339312
v -0.624749 -0.067608 -0.335608
v -0.627545 -0.049909 -0.335611
v -0.624742 -0.067608 -0.339316
v -0.627545 -0.049909 -0.339314
v -0.587976 0.004562 -0.335607
v -0.570281 0.007365 -0.335611
v -0.587970 0.004562 -0.339314
v -0.570274 0.007365 -0.339319
v -0.515807 -0.067607 -0.335605
v -0.523937 -0.083573 -0.335607
v -0.515800 -0.067607 -0.339313
v -0.523943 -0.083573 -0.339321
v -0.616612 -0.083573 -0.335611
v -0.624749 -0.067608 -0.335608
v -0.616612 -0.083573 -0.339314
v -0.624742 -0.067608 -0.339316
v -0.603941 -0.003573 -0.335608
v -0.587976 0.004562 -0.335607
v -0.603935 -0.003573 -0.339316
v -0.587970 0.004562 -0.339314
v -0.512996 -0.049909 -0.339315
v -0.513003 -0.049909 -0.335606
v -0.515800 -0.067607 -0.339313
v -0.515807 -0.067607 -0.335605
v -0.603941 -0.096244 -0.335608
v -0.616612 -0.083573 -0.335611
v -0.603935 -0.096244 -0.339316
v -0.616612 -0.083573 -0.339314
v -0.616612 -0.016244 -0.335611
v -0.603941 -0.003573 -0.335608
v -0.616612 -0.016244 -0.339314
v -0.603935 -0.003573 -0.339316
v -0.515800 -0.032210 -0.339313
v -0.515807 -0.032210 -0.335605
v -0.512996 -0.049909 -0.339315
v -0.513003 -0.049909 -0.335606
v -0.587976 -0.104380 -0.335607
v -0.603941 -0.096244 -0.335608
v -0.587970 -0.104380 -0.339314
v -0.603935 -0.096244 -0.339316
v -0.624742 -0.032210 -0.339316
v -0.624749 -0.032210 -0.335608
v -0.616612 -0.016244 -0.339314
v -0.616612 -0.016244 -0.335611
v -0.551396 -0.127458 -0.358864
v -0.567863 -0.098077 -0.374972
v -0.539963 -0.123743 -0.358866
v -0.543919 -0.090296 -0.374972
v -0.556753 -0.059736 -0.376430
v -0.556753 -0.040082 -0.376430
v -0.560662 -0.056895 -0.378020
v -0.575439 -0.065810 -0.376426
v -0.586995 -0.049909 -0.376433
v -0.573947 -0.061212 -0.378019
v -0.582159 -0.049909 -0.378011
v -0.615495 -0.032614 -0.374964
v -0.575439 -0.034008 -0.376426
v -0.556753 -0.040082 -0.376430
v -0.573947 -0.038606 -0.378019
v -0.600698 -0.012244 -0.374964
v -0.631442 0.001963 -0.358870
v -0.638513 -0.007763 -0.358870
v -0.560662 -0.042923 -0.378020
v -0.523522 -0.037318 -0.374971
v -0.556753 -0.059736 -0.376430
v -0.575439 -0.065810 -0.376426
v -0.560662 -0.056895 -0.378020
v -0.523522 -0.062498 -0.374971
v -0.490296 -0.055920 -0.358864
v -0.490296 -0.043898 -0.358864
v -0.573947 -0.061212 -0.378019
v -0.600897 -0.087717 -0.374967
v -0.586995 -0.049909 -0.376433
v -0.575439 -0.034008 -0.376426
v -0.582159 -0.049909 -0.378011
v -0.615693 -0.067346 -0.374967
v -0.638903 -0.092341 -0.358866
v -0.631840 -0.102067 -0.358862
v -0.573947 -0.038606 -0.378019
v -0.567857 -0.001738 -0.374962
v -0.551396 0.027647 -0.358864
v -0.543919 -0.009518 -0.374972
v -0.539963 0.023932 -0.358866
v -0.560662 -0.042923 -0.378020
v -0.631448 0.001963 -0.343934
v -0.602968 -0.015364 -0.349682
v -0.631442 0.001963 -0.358870
v -0.600698 -0.012244 -0.374964
v -0.575439 -0.034008 -0.376426
v -0.575445 -0.034008 -0.357448
v -0.490302 -0.055920 -0.343927
v -0.490296 -0.055920 -0.358864
v -0.523516 -0.058642 -0.349673
v -0.523522 -0.062498 -0.374971
v -0.556745 -0.059736 -0.357446
v -0.556753 -0.059736 -0.376430
v -0.539961 0.023932 -0.343934
v -0.539963 0.023932 -0.358866
v -0.547584 -0.008326 -0.349680
v -0.543919 -0.009518 -0.374972
v -0.556745 -0.040082 -0.357446
v -0.556753 -0.040082 -0.376430
v -0.551401 -0.127458 -0.343929
v -0.551396 -0.127458 -0.358864
v -0.564193 -0.096885 -0.349677
v -0.567863 -0.098077 -0.374972
v -0.575445 -0.065810 -0.357448
v -0.575439 -0.065810 -0.376426
v -0.638909 -0.092341 -0.343930
v -0.638903 -0.092341 -0.358866
v -0.613430 -0.070467 -0.349681
v -0.615693 -0.067346 -0.374967
v -0.586995 -0.049909 -0.357444
v -0.586995 -0.049909 -0.376433
v -0.575439 -0.034008 -0.376426
v -0.567857 -0.001738 -0.374962
v -0.575445 -0.034008 -0.357448
v -0.564193 -0.002929 -0.349677
v -0.551395 0.027647 -0.343933
v -0.551396 0.027647 -0.358864
v -0.586995 -0.049909 -0.376433
v -0.586995 -0.049909 -0.357444
v -0.615495 -0.032614 -0.374964
v -0.613231 -0.029495 -0.349677
v -0.638513 -0.007763 -0.358870
v -0.638505 -0.007763 -0.343929
v -0.575439 -0.065810 -0.376426
v -0.575445 -0.065810 -0.357448
v -0.600897 -0.087717 -0.374967
v -0.603160 -0.084597 -0.349676
v -0.631840 -0.102067 -0.358862
v -0.631838 -0.102067 -0.343930
v -0.556753 -0.059736 -0.376430
v -0.556745 -0.059736 -0.357446
v -0.543919 -0.090296 -0.374972
v -0.547584 -0.091487 -0.349680
v -0.539963 -0.123743 -0.358866
v -0.539969 -0.123743 -0.343930
v -0.556753 -0.040082 -0.376430
v -0.556745 -0.040082 -0.357446
v -0.523522 -0.037318 -0.374971
v -0.523516 -0.041176 -0.349673
v -0.490296 -0.043898 -0.358864
v -0.490302 -0.043898 -0.343927
v -0.624742 -0.067608 -0.339316
v -0.627545 -0.049909 -0.339314
v -0.616612 -0.083573 -0.339314
v -0.512996 -0.049909 -0.339315
v -0.552572 -0.104380 -0.339315
v -0.587970 -0.104380 -0.339314
v -0.603935 -0.096244 -0.339316
v -0.616612 -0.016244 -0.339314
v -0.552572 0.004562 -0.339315
v -0.587970 0.004562 -0.339314
v -0.603935 -0.003573 -0.339316
v -0.624742 -0.032210 -0.339316
v -0.570274 0.007365 -0.339319
v -0.536607 -0.003573 -0.339312
v -0.523943 -0.016244 -0.339321
v -0.515800 -0.032210 -0.339313
v -0.570274 -0.107182 -0.339319
v -0.536607 -0.096244 -0.339312
v -0.523943 -0.083573 -0.339321
v -0.515800 -0.067607 -0.339313
v -0.677477 -0.127793 -0.280960
v -0.648157 -0.157107 -0.280959
v -0.696294 -0.090855 -0.280960
v -0.702775 -0.049909 -0.280960
v -0.696294 -0.008963 -0.280960
v -0.570272 0.082595 -0.280959
v -0.677477 0.027975 -0.280960
v -0.648157 0.057290 -0.280959
v -0.611221 0.076110 -0.280961
v -0.492393 -0.157107 -0.280956
v -0.529329 0.076110 -0.280953
v -0.463074 0.027975 -0.280955
v -0.492393 0.057290 -0.280956
v -0.444257 -0.008963 -0.280955
v -0.437768 -0.049909 -0.280958
v -0.444257 -0.090855 -0.280955
v -0.463074 -0.127793 -0.280955
v -0.570272 -0.182413 -0.280959
v -0.529329 -0.175928 -0.280953
v -0.611221 -0.175928 -0.280961
v -0.573947 -0.061212 -0.378019
v -0.582159 -0.049909 -0.378011
v -0.560662 -0.056895 -0.378020
v -0.560662 -0.042923 -0.378020
v -0.573947 -0.038606 -0.378019
v -0.570274 -0.116555 0.317224
v -0.570274 -0.049909 0.317224
v -0.590869 -0.113293 0.317220
v -0.549679 -0.113293 0.317214
v -0.636918 -0.049909 0.317216
v -0.633658 -0.029314 0.317224
v -0.531102 0.004009 0.317222
v -0.636918 -0.049909 0.317216
v -0.516354 -0.089082 0.317223
v -0.549679 0.013475 0.317214
v -0.590869 0.013475 0.317220
v -0.609452 -0.103827 0.317216
v -0.609453 0.004009 0.317216
v -0.624188 -0.010735 0.317221
v -0.609453 0.004009 0.317216
v -0.506897 -0.029314 0.317213
v -0.503629 -0.049909 0.317219
v -0.549679 -0.113293 0.317214
v -0.570274 -0.116555 0.317224
v -0.633658 -0.029314 0.317224
v -0.624188 -0.010735 0.317221
v -0.516354 -0.010735 0.317223
v -0.506897 -0.029314 0.317213
v -0.531102 -0.103827 0.317222
v -0.516354 -0.010735 0.317223
v -0.516354 -0.089082 0.317223
v -0.531102 -0.103827 0.317222
v -0.633658 -0.070503 0.317224
v -0.531102 0.004009 0.317222
v -0.506897 -0.070504 0.317213
v -0.624188 -0.089082 0.317221
v -0.633658 -0.070503 0.317224
v -0.570274 0.016737 0.317224
v -0.503629 -0.049909 0.317219
v -0.506897 -0.070504 0.317213
v -0.609452 -0.103827 0.317216
v -0.570274 0.016737 0.317224
v -0.590869 -0.113293 0.317220
v -0.590869 0.013475 0.317220
v -0.549679 0.013475 0.317214
v -0.624188 -0.089082 0.317221
v -0.587968 0.004562 0.322941
v -0.570273 0.007365 0.322935
v -0.570275 -0.049909 0.321162
v -0.624748 -0.032210 0.322943
v -0.627544 -0.049909 0.322941
v -0.624748 -0.032210 0.322943
v -0.536605 -0.003573 0.322942
v -0.523935 -0.016244 0.322944
v -0.523935 -0.083573 0.322944
v -0.536605 -0.096244 0.322942
v -0.624748 -0.067607 0.322943
v -0.627544 -0.049909 0.322941
v -0.552578 0.004562 0.322944
v -0.536605 -0.003573 0.322942
v -0.515805 -0.067608 0.322945
v -0.523935 -0.083573 0.322944
v -0.616610 -0.083573 0.322940
v -0.624748 -0.067607 0.322943
v -0.570273 0.007365 0.322935
v -0.552578 0.004562 0.322944
v -0.513003 -0.049909 0.322944
v -0.515805 -0.067608 0.322945
v -0.603940 -0.096244 0.322943
v -0.616610 -0.083573 0.322940
v -0.587967 -0.104380 0.322941
v -0.603940 -0.096244 0.322943
v -0.603940 -0.003573 0.322943
v -0.587968 0.004562 0.322941
v -0.570273 -0.107182 0.322935
v -0.587967 -0.104380 0.322941
v -0.616610 -0.016244 0.322940
v -0.603940 -0.003573 0.322943
v -0.515798 -0.032210 0.322941
v -0.513003 -0.049909 0.322944
v -0.552578 -0.104380 0.322944
v -0.570273 -0.107182 0.322935
v -0.523935 -0.016244 0.322944
v -0.515798 -0.032210 0.322941
v -0.536605 -0.096244 0.322942
v -0.552578 -0.104380 0.322944
v -0.616610 -0.016244 0.322940
v -0.444253 -0.008963 0.268293
v -0.444255 -0.008963 0.370788
v -0.437772 -0.049909 0.268293
v -0.437772 -0.049909 0.370789
v -0.448193 -0.010243 0.375057
v -0.437772 -0.049909 0.370789
v -0.441911 -0.049909 0.375069
v -0.466429 -0.125358 0.375061
v -0.448193 -0.089575 0.375057
v -0.494166 -0.105202 0.376834
v -0.480812 -0.078978 0.376831
v -0.494825 -0.153757 0.375062
v -0.466429 -0.125358 0.375061
v -0.514985 -0.126013 0.376830
v -0.494166 -0.105202 0.376834
v -0.570270 -0.178271 0.375061
v -0.530605 -0.171989 0.375063
v -0.570275 -0.143978 0.376837
v -0.541201 -0.139374 0.376837
v -0.609943 -0.171989 0.375064
v -0.570270 -0.178271 0.375061
v -0.599341 -0.139374 0.376834
v -0.570275 -0.143978 0.376837
v -0.645723 -0.153757 0.375065
v -0.609943 -0.171989 0.375064
v -0.625562 -0.126013 0.376832
v -0.599341 -0.139374 0.376834
v -0.674124 -0.125358 0.375056
v -0.645723 -0.153757 0.375065
v -0.646376 -0.105202 0.376837
v -0.625562 -0.126013 0.376832
v -0.692353 -0.089575 0.375058
v -0.674124 -0.125358 0.375056
v -0.659736 -0.078978 0.376831
v -0.646376 -0.105202 0.376837
v -0.625562 0.026195 0.376832
v -0.645723 0.053939 0.375065
v -0.646376 0.005384 0.376837
v -0.674124 0.025541 0.375056
v -0.599341 0.039557 0.376834
v -0.609943 0.072172 0.375064
v -0.625562 0.026195 0.376832
v -0.645723 0.053939 0.375065
v -0.570275 0.044161 0.376837
v -0.570270 0.078454 0.375061
v -0.599341 0.039557 0.376834
v -0.609943 0.072172 0.375064
v -0.514985 0.026195 0.376830
v -0.494825 0.053939 0.375062
v -0.541201 0.039557 0.376837
v -0.530606 0.072172 0.375063
v -0.494166 0.005384 0.376834
v -0.466429 0.025541 0.375061
v -0.514985 0.026195 0.376830
v -0.494825 0.053939 0.375062
v -0.529326 -0.175928 0.268294
v -0.529328 -0.175928 0.370790
v -0.570275 -0.182413 0.268292
v -0.570277 -0.182413 0.370788
v -0.530605 -0.171989 0.375063
v -0.570277 -0.182413 0.370788
v -0.570270 -0.178271 0.375061
v -0.448193 -0.010243 0.375057
v -0.466429 0.025541 0.375061
v -0.480812 -0.020840 0.376831
v -0.494166 0.005384 0.376834
v -0.437772 -0.049909 0.268293
v -0.437772 -0.049909 0.370789
v -0.444253 -0.090855 0.268293
v -0.444255 -0.090855 0.370788
v -0.441911 -0.049909 0.375069
v -0.444255 -0.090855 0.370788
v -0.448193 -0.089575 0.375057
v -0.501566 0.000010 0.355779
v -0.494166 0.005384 0.376834
v -0.520350 0.018799 0.355786
v -0.514985 0.026195 0.376830
v -0.702779 -0.049909 0.268291
v -0.696291 -0.090855 0.268287
v -0.702776 -0.049909 0.370795
v -0.696293 -0.090855 0.370797
v -0.692353 -0.089575 0.375058
v -0.702776 -0.049909 0.370795
v -0.698637 -0.049909 0.375059
v -0.611218 0.076110 0.268286
v -0.611221 0.076110 0.370795
v -0.570275 0.082595 0.268292
v -0.570277 0.082595 0.370788
v -0.609943 0.072172 0.375064
v -0.570277 0.082595 0.370788
v -0.570270 0.078454 0.375061
v -0.463070 -0.127793 0.268293
v -0.463078 -0.127793 0.370793
v -0.492389 -0.157107 0.268293
v -0.492385 -0.157107 0.370797
v -0.466429 -0.125358 0.375061
v -0.492385 -0.157107 0.370797
v -0.494825 -0.153757 0.375062
v -0.648161 -0.157107 0.268292
v -0.648157 -0.157107 0.370797
v -0.677473 -0.127793 0.268288
v -0.677469 -0.127793 0.370793
v -0.645723 -0.153757 0.375065
v -0.677469 -0.127793 0.370793
v -0.674124 -0.125358 0.375056
v -0.677473 0.027975 0.268288
v -0.677469 0.027975 0.370793
v -0.648161 0.057289 0.268292
v -0.648157 0.057289 0.370797
v -0.674124 0.025541 0.375056
v -0.648157 0.057289 0.370797
v -0.645723 0.053939 0.375065
v -0.463070 0.027975 0.268293
v -0.492389 0.057290 0.268293
v -0.463078 0.027975 0.370793
v -0.492385 0.057290 0.370797
v -0.494825 0.053939 0.375062
v -0.463078 0.027975 0.370793
v -0.466429 0.025541 0.375061
v -0.570275 -0.182413 0.268292
v -0.570277 -0.182413 0.370788
v -0.611225 -0.175928 0.268289
v -0.611221 -0.175928 0.370795
v -0.570270 -0.178271 0.375061
v -0.611221 -0.175928 0.370795
v -0.609943 -0.171989 0.375064
v -0.696291 -0.008963 0.268287
v -0.702779 -0.049909 0.268291
v -0.696293 -0.008963 0.370797
v -0.702776 -0.049909 0.370795
v -0.698637 -0.049909 0.375059
v -0.696293 -0.008963 0.370797
v -0.692353 -0.010243 0.375058
v -0.570275 0.082595 0.268292
v -0.570277 0.082595 0.370788
v -0.529326 0.076110 0.268294
v -0.529328 0.076110 0.370790
v -0.570270 0.078454 0.375061
v -0.529328 0.076110 0.370790
v -0.530606 0.072172 0.375063
v -0.463070 -0.127793 0.268293
v -0.444253 -0.090855 0.268293
v -0.463078 -0.127793 0.370793
v -0.444255 -0.090855 0.370788
v -0.448193 -0.089575 0.375057
v -0.463078 -0.127793 0.370793
v -0.466429 -0.125358 0.375061
v -0.492389 -0.157107 0.268293
v -0.492385 -0.157107 0.370797
v -0.529326 -0.175928 0.268294
v -0.529328 -0.175928 0.370790
v -0.494825 -0.153757 0.375062
v -0.529328 -0.175928 0.370790
v -0.530605 -0.171989 0.375063
v -0.677473 -0.127793 0.268288
v -0.677469 -0.127793 0.370793
v -0.696291 -0.090855 0.268287
v -0.696293 -0.090855 0.370797
v -0.674124 -0.125358 0.375056
v -0.696293 -0.090855 0.370797
v -0.692353 -0.089575 0.375058
v -0.611218 0.076110 0.268286
v -0.648161 0.057289 0.268292
v -0.611221 0.076110 0.370795
v -0.648157 0.057289 0.370797
v -0.645723 0.053939 0.375065
v -0.611221 0.076110 0.370795
v -0.609943 0.072172 0.375064
v -0.476203 -0.049909 0.376830
v -0.441911 -0.049909 0.375069
v -0.480812 -0.020840 0.376831
v -0.448193 -0.010243 0.375057
v -0.444253 -0.008963 0.268293
v -0.463070 0.027975 0.268293
v -0.444255 -0.008963 0.370788
v -0.463078 0.027975 0.370793
v -0.466429 0.025541 0.375061
v -0.444255 -0.008963 0.370788
v -0.448193 -0.010243 0.375057
v -0.648161 -0.157107 0.268292
v -0.611225 -0.175928 0.268289
v -0.648157 -0.157107 0.370797
v -0.611221 -0.175928 0.370795
v -0.609943 -0.171989 0.375064
v -0.648157 -0.157107 0.370797
v -0.645723 -0.153757 0.375065
v -0.696291 -0.008963 0.268287
v -0.696293 -0.008963 0.370797
v -0.677473 0.027975 0.268288
v -0.677469 0.027975 0.370793
v -0.692353 -0.010243 0.375058
v -0.677469 0.027975 0.370793
v -0.674124 0.025541 0.375056
v -0.529326 0.076110 0.268294
v -0.529328 0.076110 0.370790
v -0.492389 0.057290 0.268293
v -0.492385 0.057290 0.370797
v -0.530606 0.072172 0.375063
v -0.492385 0.057290 0.370797
v -0.494825 0.053939 0.375062
v -0.651041 -0.023665 0.355783
v -0.659736 -0.020840 0.376831
v -0.655197 -0.049909 0.355783
v -0.664344 -0.049909 0.376830
v -0.541201 -0.139374 0.376837
v -0.514985 -0.126013 0.376830
v -0.544034 -0.130680 0.355779
v -0.520350 -0.118616 0.355786
v -0.480812 -0.020840 0.376831
v -0.489505 -0.023665 0.355779
v -0.494166 0.005384 0.376834
v -0.501566 0.000010 0.355779
v -0.638980 0.000010 0.355782
v -0.646376 0.005384 0.376837
v -0.651041 -0.023665 0.355783
v -0.659736 -0.020840 0.376831
v -0.570276 -0.134836 0.355776
v -0.570275 -0.143978 0.376837
v -0.544034 -0.130680 0.355779
v -0.541201 -0.139374 0.376837
v -0.476203 -0.049909 0.376830
v -0.480812 -0.020840 0.376831
v -0.485347 -0.049909 0.355778
v -0.489505 -0.023665 0.355779
v -0.625562 0.026195 0.376832
v -0.646376 0.005384 0.376837
v -0.620196 0.018799 0.355775
v -0.638980 0.000010 0.355782
v -0.599341 -0.139374 0.376834
v -0.570275 -0.143978 0.376837
v -0.596519 -0.130680 0.355787
v -0.570276 -0.134836 0.355776
v -0.625562 -0.126013 0.376832
v -0.599341 -0.139374 0.376834
v -0.620196 -0.118616 0.355775
v -0.596519 -0.130680 0.355787
v -0.570276 0.035019 0.355776
v -0.570275 0.044161 0.376837
v -0.596519 0.030862 0.355787
v -0.599341 0.039557 0.376834
v -0.646376 -0.105202 0.376837
v -0.625562 -0.126013 0.376832
v -0.638980 -0.099828 0.355782
v -0.620196 -0.118616 0.355775
v -0.489505 -0.076153 0.355779
v -0.480812 -0.078978 0.376831
v -0.485347 -0.049909 0.355778
v -0.476203 -0.049909 0.376830
v -0.544034 0.030862 0.355779
v -0.541201 0.039557 0.376837
v -0.570276 0.035019 0.355776
v -0.570275 0.044161 0.376837
v -0.659736 -0.078978 0.376831
v -0.646376 -0.105202 0.376837
v -0.651041 -0.076153 0.355783
v -0.638980 -0.099828 0.355782
v -0.494166 -0.105202 0.376834
v -0.480812 -0.078978 0.376831
v -0.501566 -0.099828 0.355779
v -0.489505 -0.076153 0.355779
v -0.520350 0.018799 0.355786
v -0.514985 0.026195 0.376830
v -0.544034 0.030862 0.355779
v -0.541201 0.039557 0.376837
v -0.664344 -0.049909 0.376830
v -0.659736 -0.078978 0.376831
v -0.655197 -0.049909 0.355783
v -0.651041 -0.076153 0.355783
v -0.520350 -0.118616 0.355786
v -0.514985 -0.126013 0.376830
v -0.501566 -0.099828 0.355779
v -0.494166 -0.105202 0.376834
v -0.624190 -0.010735 0.355787
v -0.638980 0.000010 0.355782
v -0.633654 -0.029314 0.355785
v -0.651041 -0.023665 0.355783
v -0.633658 -0.070503 0.317224
v -0.633654 -0.070503 0.355785
v -0.624188 -0.089082 0.317221
v -0.624190 -0.089082 0.355787
v -0.570276 -0.116555 0.355776
v -0.570276 -0.134836 0.355776
v -0.549681 -0.113293 0.355780
v -0.544034 -0.130680 0.355779
v -0.485347 -0.049909 0.355778
v -0.489505 -0.023665 0.355779
v -0.503631 -0.049909 0.355785
v -0.506892 -0.029314 0.355775
v -0.620196 0.018799 0.355775
v -0.609448 0.004009 0.355778
v -0.638980 0.000010 0.355782
v -0.624190 -0.010735 0.355787
v -0.596519 -0.130680 0.355787
v -0.570276 -0.134836 0.355776
v -0.590871 -0.113293 0.355786
v -0.570276 -0.116555 0.355776
v -0.590872 0.013475 0.355786
v -0.596519 0.030862 0.355787
v -0.609448 0.004009 0.355778
v -0.620196 0.018799 0.355775
v -0.620196 -0.118616 0.355775
v -0.596519 -0.130680 0.355787
v -0.609448 -0.103827 0.355778
v -0.590871 -0.113293 0.355786
v -0.570276 0.016737 0.355776
v -0.570276 0.035019 0.355776
v -0.590872 0.013475 0.355786
v -0.596519 0.030862 0.355787
v -0.638980 -0.099828 0.355782
v -0.620196 -0.118616 0.355775
v -0.624190 -0.089082 0.355787
v -0.609448 -0.103827 0.355778
v -0.544034 0.030862 0.355779
v -0.570276 0.035019 0.355776
v -0.549681 0.013475 0.355780
v -0.570276 0.016737 0.355776
v -0.633654 -0.070503 0.355785
v -0.651041 -0.076153 0.355783
v -0.624190 -0.089082 0.355787
v -0.638980 -0.099828 0.355782
v -0.516356 -0.089082 0.355789
v -0.501566 -0.099828 0.355779
v -0.506892 -0.070504 0.355775
v -0.489505 -0.076153 0.355779
v -0.531098 0.004009 0.355784
v -0.520350 0.018799 0.355786
v -0.549681 0.013475 0.355780
v -0.544034 0.030862 0.355779
v -0.636922 -0.049909 0.355781
v -0.655197 -0.049909 0.355783
v -0.633654 -0.070503 0.355785
v -0.651041 -0.076153 0.355783
v -0.520350 -0.118616 0.355786
v -0.501566 -0.099828 0.355779
v -0.531098 -0.103827 0.355784
v -0.516356 -0.089082 0.355789
v -0.501566 0.000010 0.355779
v -0.520350 0.018799 0.355786
v -0.516356 -0.010735 0.355789
v -0.531098 0.004009 0.355784
v -0.651041 -0.023665 0.355783
v -0.655197 -0.049909 0.355783
v -0.633654 -0.029314 0.355785
v -0.636922 -0.049909 0.355781
v -0.544034 -0.130680 0.355779
v -0.520350 -0.118616 0.355786
v -0.549681 -0.113293 0.355780
v -0.531098 -0.103827 0.355784
v -0.506892 -0.029314 0.355775
v -0.489505 -0.023665 0.355779
v -0.516356 -0.010735 0.355789
v -0.501566 0.000010 0.355779
v -0.516356 -0.089082 0.355789
v -0.506892 -0.070504 0.355775
v -0.516354 -0.089082 0.317223
v -0.506897 -0.070504 0.317213
v -0.531098 0.004009 0.355784
v -0.549681 0.013475 0.355780
v -0.531102 0.004009 0.317222
v -0.549679 0.013475 0.317214
v -0.636918 -0.049909 0.317216
v -0.636922 -0.049909 0.355781
v -0.633658 -0.070503 0.317224
v -0.633654 -0.070503 0.355785
v -0.531098 -0.103827 0.355784
v -0.516356 -0.089082 0.355789
v -0.531102 -0.103827 0.317222
v -0.516354 -0.089082 0.317223
v -0.516354 -0.010735 0.317223
v -0.516356 -0.010735 0.355789
v -0.531102 0.004009 0.317222
v -0.531098 0.004009 0.355784
v -0.633658 -0.029314 0.317224
v -0.633654 -0.029314 0.355785
v -0.636918 -0.049909 0.317216
v -0.636922 -0.049909 0.355781
v -0.549681 -0.113293 0.355780
v -0.531098 -0.103827 0.355784
v -0.549679 -0.113293 0.317214
v -0.531102 -0.103827 0.317222
v -0.506892 -0.029314 0.355775
v -0.516356 -0.010735 0.355789
v -0.506897 -0.029314 0.317213
v -0.516354 -0.010735 0.317223
v -0.624188 -0.010735 0.317221
v -0.624190 -0.010735 0.355787
v -0.633658 -0.029314 0.317224
v -0.633654 -0.029314 0.355785
v -0.570276 -0.116555 0.355776
v -0.549681 -0.113293 0.355780
v -0.570274 -0.116555 0.317224
v -0.549679 -0.113293 0.317214
v -0.609448 0.004009 0.355778
v -0.624190 -0.010735 0.355787
v -0.609453 0.004009 0.317216
v -0.624188 -0.010735 0.317221
v -0.590871 -0.113293 0.355786
v -0.570276 -0.116555 0.355776
v -0.590869 -0.113293 0.317220
v -0.570274 -0.116555 0.317224
v -0.609452 -0.103827 0.317216
v -0.609448 -0.103827 0.355778
v -0.590869 -0.113293 0.317220
v -0.590871 -0.113293 0.355786
v -0.570276 0.016737 0.355776
v -0.590872 0.013475 0.355786
v -0.570274 0.016737 0.317224
v -0.590869 0.013475 0.317220
v -0.624190 -0.089082 0.355787
v -0.609448 -0.103827 0.355778
v -0.624188 -0.089082 0.317221
v -0.609452 -0.103827 0.317216
v -0.506892 -0.070504 0.355775
v -0.503631 -0.049909 0.355785
v -0.506897 -0.070504 0.317213
v -0.503629 -0.049909 0.317219
v -0.616610 -0.016244 0.322940
v -0.624748 -0.032210 0.322943
v -0.616611 -0.016244 0.326643
v -0.624747 -0.032210 0.326646
v -0.570273 -0.107182 0.322935
v -0.552578 -0.104380 0.322944
v -0.570273 -0.107182 0.326652
v -0.552577 -0.104380 0.326647
v -0.513003 -0.049909 0.322944
v -0.515798 -0.032210 0.322941
v -0.513002 -0.049909 0.326647
v -0.515806 -0.032210 0.326649
v -0.603940 -0.003573 0.322943
v -0.616610 -0.016244 0.322940
v -0.603940 -0.003573 0.326645
v -0.616611 -0.016244 0.326643
v -0.587967 -0.104380 0.322941
v -0.570273 -0.107182 0.322935
v -0.587975 -0.104380 0.326648
v -0.570273 -0.107182 0.326652
v -0.587968 0.004562 0.322941
v -0.603940 -0.003573 0.322943
v -0.587975 0.004562 0.326648
v -0.603940 -0.003573 0.326645
v -0.603940 -0.096244 0.322943
v -0.587967 -0.104380 0.322941
v -0.603940 -0.096244 0.326645
v -0.587975 -0.104380 0.326648
v -0.570273 0.007365 0.322935
v -0.587968 0.004562 0.322941
v -0.570273 0.007365 0.326652
v -0.587975 0.004562 0.326648
v -0.616610 -0.083573 0.322940
v -0.603940 -0.096244 0.322943
v -0.616611 -0.083573 0.326643
v -0.603940 -0.096244 0.326645
v -0.515805 -0.067608 0.322945
v -0.513003 -0.049909 0.322944
v -0.515806 -0.067608 0.326649
v -0.513002 -0.049909 0.326647
v -0.552578 0.004562 0.322944
v -0.570273 0.007365 0.322935
v -0.552577 0.004562 0.326647
v -0.570273 0.007365 0.326652
v -0.624748 -0.067607 0.322943
v -0.616610 -0.083573 0.322940
v -0.624747 -0.067607 0.326646
v -0.616611 -0.083573 0.326643
v -0.536605 -0.003573 0.322942
v -0.552578 0.004562 0.322944
v -0.536612 -0.003573 0.326651
v -0.552577 0.004562 0.326647
v -0.627551 -0.049909 0.326648
v -0.627544 -0.049909 0.322941
v -0.624747 -0.067607 0.326646
v -0.624748 -0.067607 0.322943
v -0.523935 -0.016244 0.322944
v -0.536605 -0.003573 0.322942
v -0.523942 -0.016244 0.326652
v -0.536612 -0.003573 0.326651
v -0.624747 -0.032210 0.326646
v -0.624748 -0.032210 0.322943
v -0.627551 -0.049909 0.326648
v -0.627544 -0.049909 0.322941
v -0.552578 -0.104380 0.322944
v -0.536605 -0.096244 0.322942
v -0.552577 -0.104380 0.326647
v -0.536611 -0.096244 0.326650
v -0.515806 -0.032210 0.326649
v -0.515798 -0.032210 0.322941
v -0.523942 -0.016244 0.326652
v -0.523935 -0.016244 0.322944
v -0.589151 -0.127458 0.346197
v -0.572684 -0.098077 0.362304
v -0.600583 -0.123743 0.346200
v -0.596634 -0.090296 0.362295
v -0.583795 -0.059736 0.363763
v -0.565107 -0.065810 0.363761
v -0.583795 -0.040082 0.363763
v -0.579891 -0.056895 0.365343
v -0.579891 -0.042923 0.365343
v -0.596634 -0.009518 0.362295
v -0.565107 -0.034008 0.363761
v -0.572690 -0.001738 0.362295
v -0.566601 -0.038606 0.365351
v -0.553552 -0.049909 0.363766
v -0.558388 -0.049909 0.365344
v -0.524855 -0.067346 0.362299
v -0.565107 -0.065810 0.363761
v -0.539651 -0.087717 0.362301
v -0.566601 -0.061212 0.365351
v -0.583795 -0.059736 0.363763
v -0.579891 -0.056895 0.365343
v -0.583795 -0.040082 0.363763
v -0.617031 -0.062499 0.362294
v -0.617031 -0.037318 0.362294
v -0.650251 -0.055920 0.346197
v -0.650251 -0.043898 0.346197
v -0.565107 -0.034008 0.363761
v -0.579891 -0.042923 0.365343
v -0.566601 -0.038606 0.365351
v -0.553552 -0.049909 0.363766
v -0.539849 -0.012244 0.362297
v -0.525052 -0.032615 0.362297
v -0.509111 0.001963 0.346193
v -0.502040 -0.007763 0.346193
v -0.558388 -0.049909 0.365344
v -0.566601 -0.061212 0.365351
v -0.508714 -0.102067 0.346199
v -0.501644 -0.092341 0.346199
v -0.589151 0.027647 0.346197
v -0.600583 0.023932 0.346200
v -0.509105 0.001963 0.331257
v -0.537585 -0.015364 0.337006
v -0.509111 0.001963 0.346193
v -0.539849 -0.012244 0.362297
v -0.565107 -0.034008 0.363761
v -0.565114 -0.034008 0.344776
v -0.650246 -0.055920 0.331260
v -0.650251 -0.055920 0.346197
v -0.617030 -0.058642 0.337007
v -0.617031 -0.062499 0.362294
v -0.583802 -0.059736 0.344779
v -0.583795 -0.059736 0.363763
v -0.600585 0.023932 0.331268
v -0.600583 0.023932 0.346200
v -0.592969 -0.008326 0.337004
v -0.596634 -0.009518 0.362295
v -0.583802 -0.040082 0.344779
v -0.583795 -0.040082 0.363763
v -0.589153 -0.127458 0.331266
v -0.589151 -0.127458 0.346197
v -0.576354 -0.096885 0.337010
v -0.572684 -0.098077 0.362304
v -0.565114 -0.065810 0.344776
v -0.565107 -0.065810 0.363761
v -0.501645 -0.092341 0.331254
v -0.501644 -0.092341 0.346199
v -0.527123 -0.070467 0.337004
v -0.524855 -0.067346 0.362299
v -0.553552 -0.049909 0.344777
v -0.553552 -0.049909 0.363766
v -0.565107 -0.034008 0.363761
v -0.572690 -0.001738 0.362295
v -0.565114 -0.034008 0.344776
v -0.576354 -0.002929 0.337010
v -0.589153 0.027647 0.331266
v -0.589151 0.027647 0.346197
v -0.553552 -0.049909 0.363766
v -0.553552 -0.049909 0.344777
v -0.525052 -0.032615 0.362297
v -0.527315 -0.029495 0.337012
v -0.502040 -0.007763 0.346193
v -0.502042 -0.007763 0.331262
v -0.565107 -0.065810 0.363761
v -0.565114 -0.065810 0.344776
v -0.539651 -0.087717 0.362301
v -0.537387 -0.084597 0.337009
v -0.508714 -0.102067 0.346199
v -0.508709 -0.102067 0.331263
v -0.583795 -0.059736 0.363763
v -0.583802 -0.059736 0.344779
v -0.596634 -0.090296 0.362295
v -0.592969 -0.091488 0.337004
v -0.600583 -0.123743 0.346200
v -0.600585 -0.123743 0.331268
v -0.583795 -0.040082 0.363763
v -0.583802 -0.040082 0.344779
v -0.617031 -0.037318 0.362294
v -0.617030 -0.041176 0.337007
v -0.650251 -0.043898 0.346197
v -0.650246 -0.043898 0.331260
v -0.515806 -0.067608 0.326649
v -0.513002 -0.049909 0.326647
v -0.523942 -0.083573 0.326652
v -0.523942 -0.016244 0.326652
v -0.587975 0.004562 0.326648
v -0.587975 -0.104380 0.326648
v -0.552577 -0.104380 0.326647
v -0.536611 -0.096244 0.326650
v -0.570273 -0.107182 0.326652
v -0.627551 -0.049909 0.326648
v -0.603940 -0.096244 0.326645
v -0.616611 -0.083573 0.326643
v -0.624747 -0.067607 0.326646
v -0.624747 -0.032210 0.326646
v -0.616611 -0.016244 0.326643
v -0.603940 -0.003573 0.326645
v -0.570273 0.007365 0.326652
v -0.552577 0.004562 0.326647
v -0.536612 -0.003573 0.326651
v -0.515806 -0.032210 0.326649
v -0.463070 -0.127793 0.268293
v -0.492389 -0.157107 0.268293
v -0.444253 -0.090855 0.268293
v -0.437772 -0.049909 0.268293
v -0.444253 -0.008963 0.268293
v -0.570275 0.082595 0.268292
v -0.463070 0.027975 0.268293
v -0.492389 0.057290 0.268293
v -0.529326 0.076110 0.268294
v -0.611218 0.076110 0.268286
v -0.677473 0.027975 0.268288
v -0.648161 -0.157107 0.268292
v -0.570275 -0.182413 0.268292
v -0.611225 -0.175928 0.268289
v -0.696291 -0.008963 0.268287
v -0.677473 -0.127793 0.268288
v -0.696291 -0.090855 0.268287
v -0.702779 -0.049909 0.268291
v -0.529326 -0.175928 0.268294
v -0.648161 0.057289 0.268292
v -0.566601 -0.061212 0.365351
v -0.558388 -0.049909 0.365344
v -0.579891 -0.056895 0.365343
v -0.579891 -0.042923 0.365343
v -0.566601 -0.038606 0.365351
v 0.511535 -0.116554 0.304373
v 0.511535 -0.049909 0.304373
v 0.490941 -0.113293 0.304369
v 0.532137 -0.113293 0.304372
v 0.565456 -0.010735 0.304372
v 0.565456 -0.089082 0.304372
v 0.444891 -0.049909 0.304364
v 0.532137 0.013476 0.304372
v 0.550707 0.004009 0.304371
v 0.574919 -0.070504 0.304373
v 0.565456 -0.089082 0.304372
v 0.457622 -0.089082 0.304370
v 0.457622 -0.089082 0.304370
v 0.490941 0.013476 0.304369
v 0.472362 -0.103826 0.304374
v 0.472362 0.004009 0.304374
v 0.457622 -0.010735 0.304370
v 0.472362 0.004009 0.304374
v 0.574919 -0.029314 0.304373
v 0.578181 -0.049909 0.304367
v 0.532137 -0.113293 0.304372
v 0.511535 -0.116554 0.304373
v 0.448151 -0.029314 0.304372
v 0.457622 -0.010735 0.304370
v 0.565456 -0.010735 0.304372
v 0.574919 -0.029314 0.304373
v 0.550707 -0.103826 0.304371
v 0.444891 -0.049909 0.304364
v 0.448151 -0.029314 0.304372
v 0.550707 0.004009 0.304371
v 0.550707 -0.103826 0.304371
v 0.448151 -0.070503 0.304372
v 0.448151 -0.070503 0.304372
v 0.511535 0.016737 0.304373
v 0.532137 0.013476 0.304372
v 0.578181 -0.049909 0.304367
v 0.574919 -0.070504 0.304373
v 0.472362 -0.103826 0.304374
v 0.511535 0.016737 0.304373
v 0.490941 -0.113293 0.304369
v 0.490941 0.013476 0.304369
v 0.493834 0.004562 0.312114
v 0.511536 0.007365 0.312119
v 0.511536 -0.049909 0.309706
v 0.529238 -0.104380 0.312124
v 0.454264 -0.049909 0.312124
v 0.457068 -0.032210 0.312123
v 0.545198 -0.003573 0.312117
v 0.557875 -0.016244 0.312114
v 0.557875 -0.083573 0.312114
v 0.545198 -0.096244 0.312117
v 0.457068 -0.067607 0.312123
v 0.454264 -0.049909 0.312124
v 0.529238 0.004562 0.312124
v 0.545198 -0.003573 0.312117
v 0.566004 -0.067608 0.312115
v 0.557875 -0.083573 0.312114
v 0.465199 -0.083573 0.312110
v 0.457068 -0.067607 0.312123
v 0.511536 0.007365 0.312119
v 0.529238 0.004562 0.312124
v 0.568808 -0.049909 0.312114
v 0.566004 -0.067608 0.312115
v 0.477874 -0.096244 0.312121
v 0.465199 -0.083573 0.312110
v 0.493834 -0.104380 0.312114
v 0.477874 -0.096244 0.312121
v 0.477874 -0.003573 0.312121
v 0.493834 0.004562 0.312114
v 0.493834 -0.104380 0.312114
v 0.465199 -0.016244 0.312110
v 0.477874 -0.003573 0.312121
v 0.568808 -0.049909 0.312114
v 0.529238 -0.104380 0.312124
v 0.511536 -0.107182 0.312119
v 0.557875 -0.016244 0.312114
v 0.566004 -0.032210 0.312115
v 0.511536 -0.107182 0.312119
v 0.457068 -0.032210 0.312123
v 0.465199 -0.016244 0.312110
v 0.566004 -0.032210 0.312115
v 0.545198 -0.096244 0.312117
v 0.637554 -0.008963 0.238097
v 0.637556 -0.008963 0.376925
v 0.644042 -0.049909 0.238107
v 0.644037 -0.049909 0.376926
v 0.633618 -0.010242 0.382706
v 0.644037 -0.049909 0.376926
v 0.639902 -0.049909 0.382705
v 0.615382 -0.125358 0.382711
v 0.633618 -0.089575 0.382706
v 0.587638 -0.105201 0.385099
v 0.601005 -0.078978 0.385103
v 0.586980 -0.153757 0.382703
v 0.615382 -0.125358 0.382711
v 0.566832 -0.126013 0.385101
v 0.587638 -0.105201 0.385099
v 0.551199 -0.171989 0.382703
v 0.586980 -0.153757 0.382703
v 0.540602 -0.139374 0.385103
v 0.566832 -0.126013 0.385101
v 0.511539 -0.178271 0.382711
v 0.551199 -0.171989 0.382703
v 0.511537 -0.143978 0.385100
v 0.540602 -0.139374 0.385103
v 0.471870 -0.171989 0.382701
v 0.511539 -0.178271 0.382711
v 0.482463 -0.139374 0.385100
v 0.511537 -0.143978 0.385100
v 0.436082 -0.153757 0.382704
v 0.471870 -0.171989 0.382701
v 0.456242 -0.126013 0.385098
v 0.482463 -0.139374 0.385100
v 0.407685 -0.125358 0.382706
v 0.436082 -0.153757 0.382704
v 0.435435 -0.105201 0.385099
v 0.456242 -0.126013 0.385098
v 0.389457 -0.089575 0.382706
v 0.407685 -0.125358 0.382706
v 0.422074 -0.078978 0.385106
v 0.435435 -0.105201 0.385099
v 0.417459 -0.049909 0.385097
v 0.383172 -0.049909 0.382708
v 0.422074 -0.078978 0.385106
v 0.389457 -0.089575 0.382706
v 0.456242 0.026195 0.385098
v 0.436082 0.053939 0.382704
v 0.435435 0.005384 0.385099
v 0.407685 0.025541 0.382706
v 0.482463 0.039557 0.385100
v 0.471870 0.072172 0.382701
v 0.456242 0.026195 0.385098
v 0.436082 0.053939 0.382704
v 0.511537 0.044161 0.385100
v 0.511539 0.078454 0.382711
v 0.482463 0.039557 0.385100
v 0.471870 0.072172 0.382701
v 0.551199 0.072172 0.382703
v 0.511539 0.078454 0.382711
v 0.540602 0.039557 0.385103
v 0.511537 0.044161 0.385100
v 0.566832 0.026195 0.385101
v 0.586985 0.053939 0.382712
v 0.540602 0.039557 0.385103
v 0.551199 0.072172 0.382703
v 0.587638 0.005384 0.385099
v 0.615382 0.025541 0.382711
v 0.566832 0.026195 0.385101
v 0.586985 0.053939 0.382712
v 0.552482 -0.175928 0.238098
v 0.552483 -0.175928 0.376927
v 0.511538 -0.182413 0.238106
v 0.511534 -0.182413 0.376925
v 0.551199 -0.171989 0.382703
v 0.511534 -0.182413 0.376925
v 0.511539 -0.178271 0.382711
v 0.633618 -0.010242 0.382706
v 0.615382 0.025541 0.382711
v 0.601005 -0.020839 0.385103
v 0.587638 0.005384 0.385099
v 0.633618 -0.089575 0.382706
v 0.639902 -0.049909 0.382705
v 0.601005 -0.078978 0.385103
v 0.605601 -0.049909 0.385098
v 0.644042 -0.049909 0.238107
v 0.644037 -0.049909 0.376926
v 0.637554 -0.090854 0.238097
v 0.637556 -0.090854 0.376925
v 0.639902 -0.049909 0.382705
v 0.637556 -0.090854 0.376925
v 0.633618 -0.089575 0.382706
v 0.580242 0.000010 0.356597
v 0.587638 0.005384 0.385099
v 0.561453 0.018799 0.356594
v 0.566832 0.026195 0.385101
v 0.379034 -0.049909 0.238106
v 0.385515 -0.090854 0.238106
v 0.379029 -0.049909 0.376924
v 0.385518 -0.090854 0.376920
v 0.389457 -0.089575 0.382706
v 0.379029 -0.049909 0.376924
v 0.383172 -0.049909 0.382708
v 0.470588 0.076111 0.238105
v 0.470591 0.076111 0.376918
v 0.511538 0.082596 0.238106
v 0.511534 0.082596 0.376925
v 0.471870 0.072172 0.382701
v 0.511534 0.082596 0.376925
v 0.511539 0.078454 0.382711
v 0.618730 -0.127793 0.238102
v 0.618739 -0.127793 0.376926
v 0.589424 -0.157107 0.238106
v 0.589419 -0.157107 0.376924
v 0.589419 -0.157107 0.376924
v 0.615382 -0.125358 0.382711
v 0.586980 -0.153757 0.382703
v 0.433652 -0.157107 0.238107
v 0.433654 -0.157107 0.376920
v 0.404340 -0.127793 0.238102
v 0.404336 -0.127793 0.376920
v 0.436082 -0.153757 0.382704
v 0.404336 -0.127793 0.376920
v 0.407685 -0.125358 0.382706
v 0.404340 0.027975 0.238102
v 0.404336 0.027975 0.376920
v 0.433652 0.057290 0.238107
v 0.433654 0.057290 0.376920
v 0.407685 0.025541 0.382706
v 0.433654 0.057290 0.376920
v 0.436082 0.053939 0.382704
v 0.618730 0.027975 0.238102
v 0.589424 0.057290 0.238106
v 0.618739 0.027975 0.376926
v 0.589419 0.057290 0.376924
v 0.586985 0.053939 0.382712
v 0.618739 0.027975 0.376926
v 0.615382 0.025541 0.382711
v 0.511538 -0.182413 0.238106
v 0.511534 -0.182413 0.376925
v 0.470588 -0.175928 0.238105
v 0.470591 -0.175928 0.376918
v 0.511539 -0.178271 0.382711
v 0.470591 -0.175928 0.376918
v 0.471870 -0.171989 0.382701
v 0.385515 -0.008963 0.238106
v 0.379034 -0.049909 0.238106
v 0.385518 -0.008963 0.376920
v 0.379029 -0.049909 0.376924
v 0.383172 -0.049909 0.382708
v 0.385518 -0.008963 0.376920
v 0.389457 -0.010242 0.382706
v 0.511538 0.082596 0.238106
v 0.511534 0.082596 0.376925
v 0.552482 0.076111 0.238098
v 0.552483 0.076111 0.376927
v 0.511539 0.078454 0.382711
v 0.552483 0.076111 0.376927
v 0.551199 0.072172 0.382703
v 0.618730 -0.127793 0.238102
v 0.637554 -0.090854 0.238097
v 0.618739 -0.127793 0.376926
v 0.637556 -0.090854 0.376925
v 0.633618 -0.089575 0.382706
v 0.618739 -0.127793 0.376926
v 0.615382 -0.125358 0.382711
v 0.589424 -0.157107 0.238106
v 0.589419 -0.157107 0.376924
v 0.552482 -0.175928 0.238098
v 0.552483 -0.175928 0.376927
v 0.552483 -0.175928 0.376927
v 0.586980 -0.153757 0.382703
v 0.551199 -0.171989 0.382703
v 0.404340 -0.127793 0.238102
v 0.404336 -0.127793 0.376920
v 0.385515 -0.090854 0.238106
v 0.385518 -0.090854 0.376920
v 0.407685 -0.125358 0.382706
v 0.385518 -0.090854 0.376920
v 0.389457 -0.089575 0.382706
v 0.470588 0.076111 0.238105
v 0.433652 0.057290 0.238107
v 0.470591 0.076111 0.376918
v 0.433654 0.057290 0.376920
v 0.436082 0.053939 0.382704
v 0.470591 0.076111 0.376918
v 0.471870 0.072172 0.382701
v 0.637554 -0.008963 0.238097
v 0.618730 0.027975 0.238102
v 0.637556 -0.008963 0.376925
v 0.618739 0.027975 0.376926
v 0.615382 0.025541 0.382711
v 0.637556 -0.008963 0.376925
v 0.633618 -0.010242 0.382706
v 0.433652 -0.157107 0.238107
v 0.470588 -0.175928 0.238105
v 0.433654 -0.157107 0.376920
v 0.470591 -0.175928 0.376918
v 0.471870 -0.171989 0.382701
v 0.433654 -0.157107 0.376920
v 0.436082 -0.153757 0.382704
v 0.385515 -0.008963 0.238106
v 0.385518 -0.008963 0.376920
v 0.404340 0.027975 0.238102
v 0.404336 0.027975 0.376920
v 0.389457 -0.010242 0.382706
v 0.404336 0.027975 0.376920
v 0.407685 0.025541 0.382706
v 0.552482 0.076111 0.238098
v 0.552483 0.076111 0.376927
v 0.589424 0.057290 0.238106
v 0.589419 0.057290 0.376924
v 0.551199 0.072172 0.382703
v 0.589419 0.057290 0.376924
v 0.586985 0.053939 0.382712
v 0.540602 -0.139374 0.385103
v 0.566832 -0.126013 0.385101
v 0.537781 -0.130680 0.356593
v 0.561453 -0.118616 0.356594
v 0.601005 -0.020839 0.385103
v 0.587638 0.005384 0.385099
v 0.592311 -0.023665 0.356593
v 0.580242 0.000010 0.356597
v 0.605601 -0.049909 0.385098
v 0.601005 -0.020839 0.385103
v 0.596461 -0.049909 0.356596
v 0.592311 -0.023665 0.356593
v 0.456242 0.026195 0.385098
v 0.435435 0.005384 0.385099
v 0.461618 0.018799 0.356589
v 0.442822 0.000010 0.356591
v 0.482463 -0.139374 0.385100
v 0.511537 -0.143978 0.385100
v 0.485290 -0.130680 0.356589
v 0.511532 -0.134836 0.356594
v 0.482463 0.039557 0.385100
v 0.456242 0.026195 0.385098
v 0.485290 0.030862 0.356589
v 0.461618 0.018799 0.356589
v 0.456242 -0.126013 0.385098
v 0.482463 -0.139374 0.385100
v 0.461618 -0.118616 0.356589
v 0.485290 -0.130680 0.356589
v 0.511532 0.035019 0.356594
v 0.511537 0.044161 0.385100
v 0.485290 0.030862 0.356589
v 0.482463 0.039557 0.385100
v 0.435435 -0.105201 0.385099
v 0.456242 -0.126013 0.385098
v 0.442822 -0.099827 0.356591
v 0.461618 -0.118616 0.356589
v 0.592311 -0.076152 0.356593
v 0.601005 -0.078978 0.385103
v 0.596461 -0.049909 0.356596
v 0.605601 -0.049909 0.385098
v 0.537781 0.030862 0.356593
v 0.540602 0.039557 0.385103
v 0.511532 0.035019 0.356594
v 0.511537 0.044161 0.385100
v 0.422074 -0.078978 0.385106
v 0.435435 -0.105201 0.385099
v 0.430766 -0.076152 0.356599
v 0.442822 -0.099827 0.356591
v 0.561453 0.018799 0.356594
v 0.566832 0.026195 0.385101
v 0.537781 0.030862 0.356593
v 0.540602 0.039557 0.385103
v 0.417459 -0.049909 0.385097
v 0.422074 -0.078978 0.385106
v 0.426610 -0.049909 0.356600
v 0.430766 -0.076152 0.356599
v 0.561453 -0.118616 0.356594
v 0.566832 -0.126013 0.385101
v 0.580242 -0.099827 0.356597
v 0.587638 -0.105201 0.385099
v 0.457619 -0.010735 0.356589
v 0.442822 0.000010 0.356591
v 0.448149 -0.029314 0.356592
v 0.430766 -0.023665 0.356599
v 0.448151 -0.070503 0.304372
v 0.448149 -0.070503 0.356592
v 0.457622 -0.089082 0.304370
v 0.457619 -0.089082 0.356589
v 0.511532 -0.116554 0.356594
v 0.511532 -0.134836 0.356594
v 0.532134 -0.113293 0.356593
v 0.537781 -0.130680 0.356593
v 0.596461 -0.049909 0.356596
v 0.592311 -0.023665 0.356593
v 0.578178 -0.049909 0.356588
v 0.574916 -0.029314 0.356594
v 0.461618 0.018799 0.356589
v 0.442822 0.000010 0.356591
v 0.472360 0.004009 0.356595
v 0.457619 -0.010735 0.356589
v 0.485290 -0.130680 0.356589
v 0.511532 -0.134836 0.356594
v 0.490943 -0.113293 0.356599
v 0.511532 -0.116554 0.356594
v 0.490943 0.013476 0.356599
v 0.485290 0.030862 0.356589
v 0.472360 0.004009 0.356595
v 0.461618 0.018799 0.356589
v 0.461618 -0.118616 0.356589
v 0.485290 -0.130680 0.356589
v 0.472360 -0.103826 0.356595
v 0.490943 -0.113293 0.356599
v 0.511532 0.016737 0.356594
v 0.511532 0.035019 0.356594
v 0.490943 0.013476 0.356599
v 0.485290 0.030862 0.356589
v 0.442822 -0.099827 0.356591
v 0.461618 -0.118616 0.356589
v 0.457619 -0.089082 0.356589
v 0.472360 -0.103826 0.356595
v 0.574916 -0.070504 0.356594
v 0.592311 -0.076152 0.356593
v 0.578178 -0.049909 0.356588
v 0.596461 -0.049909 0.356596
v 0.537781 0.030862 0.356593
v 0.511532 0.035019 0.356594
v 0.532134 0.013476 0.356593
v 0.511532 0.016737 0.356594
v 0.448149 -0.070503 0.356592
v 0.430766 -0.076152 0.356599
v 0.457619 -0.089082 0.356589
v 0.442822 -0.099827 0.356591
v 0.565453 -0.089082 0.356593
v 0.580242 -0.099827 0.356597
v 0.574916 -0.070504 0.356594
v 0.592311 -0.076152 0.356593
v 0.550710 0.004009 0.356600
v 0.561453 0.018799 0.356594
v 0.532134 0.013476 0.356593
v 0.537781 0.030862 0.356593
v 0.561453 -0.118616 0.356594
v 0.580242 -0.099827 0.356597
v 0.550710 -0.103826 0.356600
v 0.565453 -0.089082 0.356593
v 0.580242 0.000010 0.356597
v 0.561453 0.018799 0.356594
v 0.565453 -0.010735 0.356593
v 0.550710 0.004009 0.356600
v 0.430766 -0.023665 0.356599
v 0.426610 -0.049909 0.356600
v 0.448149 -0.029314 0.356592
v 0.444893 -0.049909 0.356594
v 0.537781 -0.130680 0.356593
v 0.561453 -0.118616 0.356594
v 0.532134 -0.113293 0.356593
v 0.550710 -0.103826 0.356600
v 0.574916 -0.029314 0.356594
v 0.592311 -0.023665 0.356593
v 0.565453 -0.010735 0.356593
v 0.580242 0.000010 0.356597
v 0.565453 -0.089082 0.356593
v 0.574916 -0.070504 0.356594
v 0.565456 -0.089082 0.304372
v 0.574919 -0.070504 0.304373
v 0.550710 -0.103826 0.356600
v 0.565453 -0.089082 0.356593
v 0.550707 -0.103826 0.304371
v 0.565456 -0.089082 0.304372
v 0.565456 -0.010735 0.304372
v 0.565453 -0.010735 0.356593
v 0.550707 0.004009 0.304371
v 0.550710 0.004009 0.356600
v 0.448151 -0.029314 0.304372
v 0.448149 -0.029314 0.356592
v 0.444891 -0.049909 0.304364
v 0.444893 -0.049909 0.356594
v 0.532134 -0.113293 0.356593
v 0.550710 -0.103826 0.356600
v 0.532137 -0.113293 0.304372
v 0.550707 -0.103826 0.304371
v 0.574916 -0.029314 0.356594
v 0.565453 -0.010735 0.356593
v 0.574919 -0.029314 0.304373
v 0.565456 -0.010735 0.304372
v 0.457622 -0.010735 0.304370
v 0.457619 -0.010735 0.356589
v 0.448151 -0.029314 0.304372
v 0.448149 -0.029314 0.356592
v 0.511532 -0.116554 0.356594
v 0.532134 -0.113293 0.356593
v 0.511535 -0.116554 0.304373
v 0.532137 -0.113293 0.304372
v 0.578178 -0.049909 0.356588
v 0.574916 -0.029314 0.356594
v 0.578181 -0.049909 0.304367
v 0.574919 -0.029314 0.304373
v 0.472360 0.004009 0.356595
v 0.457619 -0.010735 0.356589
v 0.472362 0.004009 0.304374
v 0.457622 -0.010735 0.304370
v 0.490943 -0.113293 0.356599
v 0.511532 -0.116554 0.356594
v 0.490941 -0.113293 0.304369
v 0.511535 -0.116554 0.304373
v 0.472362 -0.103826 0.304374
v 0.472360 -0.103826 0.356595
v 0.490941 -0.113293 0.304369
v 0.490943 -0.113293 0.356599
v 0.511532 0.016737 0.356594
v 0.490943 0.013476 0.356599
v 0.511535 0.016737 0.304373
v 0.490941 0.013476 0.304369
v 0.457619 -0.089082 0.356589
v 0.472360 -0.103826 0.356595
v 0.457622 -0.089082 0.304370
v 0.472362 -0.103826 0.304374
v 0.574916 -0.070504 0.356594
v 0.578178 -0.049909 0.356588
v 0.574919 -0.070504 0.304373
v 0.578181 -0.049909 0.304367
v 0.532134 0.013476 0.356593
v 0.511532 0.016737 0.356594
v 0.532137 0.013476 0.304372
v 0.511535 0.016737 0.304373
v 0.465199 -0.016244 0.312110
v 0.457068 -0.032210 0.312123
v 0.465202 -0.016244 0.317142
v 0.457065 -0.032210 0.317146
v 0.511536 -0.107182 0.312119
v 0.529238 -0.104380 0.312124
v 0.511533 -0.107182 0.317142
v 0.529235 -0.104380 0.317146
v 0.568808 -0.049909 0.312114
v 0.566004 -0.032210 0.312115
v 0.568810 -0.049909 0.317146
v 0.566007 -0.032210 0.317147
v 0.477874 -0.003573 0.312121
v 0.465199 -0.016244 0.312110
v 0.477872 -0.003573 0.317144
v 0.465202 -0.016244 0.317142
v 0.493834 -0.104380 0.312114
v 0.511536 -0.107182 0.312119
v 0.493837 -0.104380 0.317147
v 0.511533 -0.107182 0.317142
v 0.493834 0.004562 0.312114
v 0.477874 -0.003573 0.312121
v 0.493837 0.004562 0.317147
v 0.477872 -0.003573 0.317144
v 0.477874 -0.096244 0.312121
v 0.493834 -0.104380 0.312114
v 0.477872 -0.096244 0.317144
v 0.493837 -0.104380 0.317147
v 0.511536 0.007365 0.312119
v 0.493834 0.004562 0.312114
v 0.511533 0.007365 0.317142
v 0.493837 0.004562 0.317147
v 0.465199 -0.083573 0.312110
v 0.477874 -0.096244 0.312121
v 0.465202 -0.083573 0.317142
v 0.477872 -0.096244 0.317144
v 0.566004 -0.067608 0.312115
v 0.568808 -0.049909 0.312114
v 0.566007 -0.067608 0.317147
v 0.568810 -0.049909 0.317146
v 0.529238 0.004562 0.312124
v 0.511536 0.007365 0.312119
v 0.529235 0.004562 0.317146
v 0.511533 0.007365 0.317142
v 0.457068 -0.067607 0.312123
v 0.465199 -0.083573 0.312110
v 0.457065 -0.067607 0.317146
v 0.465202 -0.083573 0.317142
v 0.557875 -0.083573 0.312114
v 0.566004 -0.067608 0.312115
v 0.557871 -0.083573 0.317136
v 0.566007 -0.067608 0.317147
v 0.454256 -0.049909 0.317137
v 0.454264 -0.049909 0.312124
v 0.457065 -0.067607 0.317146
v 0.457068 -0.067607 0.312123
v 0.545198 -0.096244 0.312117
v 0.557875 -0.083573 0.312114
v 0.545207 -0.096244 0.317145
v 0.557871 -0.083573 0.317136
v 0.557875 -0.016244 0.312114
v 0.545198 -0.003573 0.312117
v 0.557871 -0.016244 0.317136
v 0.545207 -0.003573 0.317145
v 0.457065 -0.032210 0.317146
v 0.457068 -0.032210 0.312123
v 0.454256 -0.049909 0.317137
v 0.454264 -0.049909 0.312124
v 0.529238 -0.104380 0.312124
v 0.545198 -0.096244 0.312117
v 0.529235 -0.104380 0.317146
v 0.545207 -0.096244 0.317145
v 0.566007 -0.032210 0.317147
v 0.566004 -0.032210 0.312115
v 0.557871 -0.016244 0.317136
v 0.557875 -0.016244 0.312114
v 0.492662 -0.127458 0.343609
v 0.509125 -0.098077 0.365416
v 0.481229 -0.123743 0.343611
v 0.485172 -0.090296 0.365422
v 0.498013 -0.059736 0.367399
v 0.516706 -0.065809 0.367404
v 0.498013 -0.040082 0.367399
v 0.501921 -0.056894 0.369550
v 0.501921 -0.042923 0.369550
v 0.485172 -0.009518 0.365422
v 0.516706 -0.034008 0.367404
v 0.509125 -0.001737 0.365416
v 0.515207 -0.038605 0.369548
v 0.528254 -0.049909 0.367401
v 0.523426 -0.049909 0.369550
v 0.556960 -0.067346 0.365421
v 0.516706 -0.065809 0.367404
v 0.542156 -0.087717 0.365426
v 0.515207 -0.061212 0.369548
v 0.498013 -0.059736 0.367399
v 0.501921 -0.056894 0.369550
v 0.498013 -0.040082 0.367399
v 0.464785 -0.062498 0.365417
v 0.464785 -0.037318 0.365417
v 0.431568 -0.055920 0.343618
v 0.431568 -0.043898 0.343618
v 0.501921 -0.042923 0.369550
v 0.516706 -0.034008 0.367404
v 0.515207 -0.038605 0.369548
v 0.528254 -0.049909 0.367401
v 0.541958 -0.012243 0.365423
v 0.556762 -0.032614 0.365419
v 0.572707 0.001963 0.343614
v 0.579770 -0.007763 0.343618
v 0.523426 -0.049909 0.369550
v 0.515207 -0.061212 0.369548
v 0.573098 -0.102067 0.343611
v 0.580168 -0.092341 0.343611
v 0.492654 0.027647 0.343614
v 0.481222 0.023932 0.343615
v 0.572707 0.001963 0.323387
v 0.544226 -0.015364 0.331171
v 0.572707 0.001963 0.343614
v 0.541958 -0.012243 0.365423
v 0.516706 -0.034008 0.367404
v 0.516710 -0.034008 0.341698
v 0.431561 -0.055920 0.323380
v 0.431568 -0.055920 0.343618
v 0.464788 -0.058642 0.331167
v 0.464785 -0.062498 0.365417
v 0.498008 -0.059736 0.341695
v 0.498013 -0.059736 0.367399
v 0.481222 0.023932 0.323387
v 0.481222 0.023932 0.343615
v 0.488842 -0.008326 0.331169
v 0.485172 -0.009518 0.365422
v 0.498008 -0.040082 0.341695
v 0.498013 -0.040082 0.367399
v 0.492662 -0.127458 0.323381
v 0.492662 -0.127458 0.343609
v 0.505456 -0.096885 0.331174
v 0.509125 -0.098077 0.365416
v 0.516710 -0.065809 0.341698
v 0.516706 -0.065809 0.367404
v 0.580168 -0.092341 0.323383
v 0.580168 -0.092341 0.343611
v 0.554688 -0.070466 0.331170
v 0.556960 -0.067346 0.365421
v 0.528258 -0.049909 0.341694
v 0.528254 -0.049909 0.367401
v 0.516706 -0.034008 0.367404
v 0.509125 -0.001737 0.365416
v 0.516710 -0.034008 0.341698
v 0.505456 -0.002929 0.331174
v 0.492654 0.027647 0.323386
v 0.492654 0.027647 0.343614
v 0.528254 -0.049909 0.367401
v 0.528258 -0.049909 0.341694
v 0.556762 -0.032614 0.365419
v 0.579770 -0.007763 0.343618
v 0.554495 -0.029495 0.331176
v 0.579770 -0.007763 0.323391
v 0.516706 -0.065809 0.367404
v 0.516710 -0.065809 0.341698
v 0.542156 -0.087717 0.365426
v 0.544423 -0.084597 0.331173
v 0.573098 -0.102067 0.343611
v 0.573098 -0.102067 0.323383
v 0.498013 -0.059736 0.367399
v 0.498008 -0.059736 0.341695
v 0.485172 -0.090296 0.365422
v 0.488842 -0.091487 0.331169
v 0.481229 -0.123743 0.343611
v 0.481229 -0.123743 0.323383
v 0.498013 -0.040082 0.367399
v 0.498008 -0.040082 0.341695
v 0.464785 -0.037318 0.365417
v 0.464788 -0.041176 0.331167
v 0.431568 -0.043898 0.343618
v 0.431561 -0.043898 0.323380
v 0.566007 -0.067608 0.317147
v 0.568810 -0.049909 0.317146
v 0.557871 -0.083573 0.317136
v 0.454256 -0.049909 0.317137
v 0.529235 -0.104380 0.317146
v 0.557871 -0.016244 0.317136
v 0.493837 -0.104380 0.317147
v 0.545207 -0.096244 0.317145
v 0.477872 -0.096244 0.317144
v 0.511533 -0.107182 0.317142
v 0.465202 -0.083573 0.317142
v 0.457065 -0.067607 0.317146
v 0.493837 0.004562 0.317147
v 0.529235 0.004562 0.317146
v 0.545207 -0.003573 0.317145
v 0.566007 -0.032210 0.317147
v 0.511533 0.007365 0.317142
v 0.477872 -0.003573 0.317144
v 0.465202 -0.016244 0.317142
v 0.457065 -0.032210 0.317146
v 0.618730 -0.127793 0.238102
v 0.589424 -0.157107 0.238106
v 0.637554 -0.090854 0.238097
v 0.644042 -0.049909 0.238107
v 0.637554 -0.008963 0.238097
v 0.433652 -0.157107 0.238107
v 0.511538 0.082596 0.238106
v 0.618730 0.027975 0.238102
v 0.589424 0.057290 0.238106
v 0.552482 0.076111 0.238098
v 0.433652 0.057290 0.238107
v 0.385515 -0.008963 0.238106
v 0.470588 0.076111 0.238105
v 0.404340 0.027975 0.238102
v 0.379034 -0.049909 0.238106
v 0.385515 -0.090854 0.238106
v 0.404340 -0.127793 0.238102
v 0.470588 -0.175928 0.238105
v 0.511538 -0.182413 0.238106
v 0.552482 -0.175928 0.238098
v 0.515207 -0.061212 0.369548
v 0.523426 -0.049909 0.369550
v 0.501921 -0.056894 0.369550
v 0.501921 -0.042923 0.369550
v 0.515207 -0.038605 0.369548
v 0.960355 0.058920 0.244396
v 0.972936 0.119405 0.244396
v 0.960359 0.058920 0.268691
v 0.972941 0.119405 0.268691
v 0.960359 0.058920 0.211777
v 0.972938 0.119405 0.211792
v 0.960356 0.058920 0.236076
v 0.972937 0.119405 0.236076
v 0.960361 0.058920 0.179171
v 0.972937 0.119405 0.179162
v 0.960360 0.058920 0.203456
v 0.972940 0.119405 0.203456
v 0.960361 0.058920 0.145681
v 0.972935 0.119405 0.145685
v 0.960360 0.058920 0.169965
v 0.972934 0.119405 0.169969
v 0.960356 0.058920 -0.257017
v 0.960352 0.058920 -0.281311
v 0.972936 0.119405 -0.257016
v 0.972938 0.119405 -0.281301
v 0.960362 0.058920 -0.158296
v 0.960359 0.058920 -0.182588
v 0.972936 0.119405 -0.158291
v 0.972932 0.119405 -0.182584
v -0.872331 0.081311 0.253597
v -0.872330 0.063501 0.235782
v -0.872332 0.081311 0.278780
v -0.872338 0.063501 0.296587
v -0.872338 0.038315 0.296587
v -0.872332 0.020506 0.278780
v -0.872331 0.020506 0.253597
v -0.872330 0.038315 0.235782
v -0.884006 0.081311 0.180536
v -0.884006 0.063501 0.162721
v -0.884003 0.081311 0.205730
v -0.884001 0.063501 0.223531
v -0.884001 0.038315 0.223531
v -0.884003 0.020506 0.205730
v -0.884006 0.020506 0.180536
v -0.884006 0.038315 0.162721
v -0.872331 0.063501 -0.309215
v -0.872331 0.038315 -0.309215
v -0.872332 0.081311 -0.291401
v -0.872332 0.020506 -0.291401
v -0.872326 0.038315 -0.248404
v -0.872333 0.081311 -0.266215
v -0.872326 0.063501 -0.248404
v -0.872333 0.020506 -0.266215
v -0.884005 0.020506 -0.218344
v -0.884001 0.020506 -0.193151
v -0.883999 0.038315 -0.236149
v -0.883999 0.063501 -0.236149
v -0.884005 0.081311 -0.218344
v -0.884000 0.063501 -0.175348
v -0.884001 0.081311 -0.193151
v -0.884000 0.038315 -0.175348
vn 0.0633 0.9857 -0.1562
vn 0.0350 0.9977 -0.0573
vn 0.1319 0.9880 -0.0805
vn 0.2059 0.9440 -0.2579
vn 0.1190 0.9929 0.0011
vn 0.0171 0.9999 -0.0011
vn -0.0396 0.9985 -0.0381
vn -0.0283 0.9996 -0.0011
vn -0.0884 0.9862 -0.1399
vn -0.0407 0.9984 0.0387
vn 0.0359 0.9977 0.0577
vn 0.1320 0.9883 0.0758
vn -0.0857 0.9860 0.1431
vn 0.0619 0.9860 0.1551
vn 0.2055 0.9424 0.2641
vn 1.0000 -0.0000 0.0004
vn 1.0000 -0.0001 0.0007
vn 1.0000 -0.0000 0.0006
vn 1.0000 -0.0000 0.0008
vn 1.0000 -0.0000 0.0007
vn 1.0000 0.0001 -0.0000
vn 1.0000 -0.0000 0.0009
vn 1.0000 -0.0001 -0.0000
vn 1.0000 -0.0001 0.0005
vn 1.0000 0.0001 -0.0001
vn 1.0000 -0.0001 -0.0001
vn 1.0000 -0.0002 -0.0000
vn 1.0000 0.0002 0.0004
vn 1.0000 0.0002 -0.0000
vn 1.0000 -0.0001 0.0004
vn 1.0000 -0.0000 0.0005
vn 0.2611 0.1826 -0.9479
vn 0.2538 -0.3102 -0.9162
vn 0.2635 -0.1017 -0.9593
vn 0.2593 0.1680 -0.9511
vn 0.1682 -0.7777 -0.6057
vn 0.1635 -0.7782 -0.6064
vn 0.0367 -0.9903 -0.1338
vn 0.0360 -0.9903 -0.1340
vn -0.0313 -0.9917 0.1246
vn -0.0119 -0.9990 0.0431
vn -0.0463 -0.9832 0.1767
vn -0.0520 -0.9781 0.2016
vn 0.0095 -0.9997 -0.0229
vn 0.0057 -0.9993 -0.0381
vn 0.0059 -0.9989 -0.0467
vn -0.0056 -0.9988 -0.0491
vn -0.9057 -0.0000 -0.4238
vn -0.8982 -0.0000 -0.4395
vn -0.8283 -0.0000 -0.5603
vn -0.9572 -0.0000 -0.2893
vn -0.9585 -0.0000 -0.2850
vn -0.9701 -0.0000 -0.2429
vn -0.9711 -0.0000 -0.2387
vn -0.9999 -0.0038 0.0168
vn -0.9978 -0.0000 -0.0662
vn -0.9913 -0.0038 -0.1313
vn -0.9981 -0.0038 -0.0619
vn -0.9840 -0.0000 -0.1783
vn -0.9839 -0.0000 -0.1787
vn 0.9988 -0.0075 0.0487
vn 0.9969 0.0452 0.0646
vn 0.9835 0.0302 0.1783
vn 0.9868 -0.0603 0.1505
vn 0.9944 0.0076 0.1054
vn 0.9811 0.1199 0.1518
vn 0.9679 0.0001 0.2514
vn 0.9685 0.0377 0.2463
vn 0.9645 -0.0001 0.2641
vn 0.9643 0.0227 0.2638
vn 0.9668 0.0001 0.2557
vn 0.7789 -0.0000 0.6272
vn 0.9656 -0.0000 0.2599
vn 0.8586 -0.0000 0.5126
vn 0.8760 -0.0000 0.4823
vn 0.9407 -0.0000 0.3391
vn 0.9741 -0.0000 0.2263
vn 0.9741 -0.0000 0.2262
vn 0.0929 -0.0000 0.9957
vn 0.0931 -0.0000 0.9957
vn 0.9868 -0.0602 0.1506
vn 0.9848 -0.0827 0.1526
vn 0.9942 -0.0226 0.1050
vn 0.9988 -0.0076 0.0488
vn 0.9686 -0.0302 0.2467
vn 0.9731 -0.0001 0.2302
vn 0.9656 -0.0148 0.2595
vn 0.9645 0.0001 0.2641
vn 0.8587 -0.0000 0.5124
vn 0.1684 0.7777 -0.6057
vn 0.1680 0.7710 -0.6143
vn 0.2611 0.1827 -0.9479
vn 0.0331 0.9931 -0.1128
vn 0.0304 0.9936 -0.1090
vn -0.0266 0.9956 0.0897
vn -0.0735 0.9630 0.2592
vn -0.1530 0.8240 0.5455
vn -0.1458 0.8329 0.5339
vn -0.0491 0.9312 0.3612
vn -0.1077 0.9088 0.4032
vn 0.0333 0.9396 0.3407
vn -0.0351 0.9356 0.3512
vn -0.1073 0.9879 -0.1116
vn -0.1349 0.9908 -0.0113
vn -0.0284 0.9994 -0.0185
vn 0.0660 0.9712 -0.2290
vn -0.5438 0.8342 -0.0916
vn 0.5267 0.8499 -0.0163
vn 0.0661 0.9712 -0.2290
vn -0.1206 0.7534 -0.6464
vn -0.0564 0.7396 -0.6707
vn -0.9425 0.3147 -0.1128
vn -0.5438 0.8342 -0.0917
vn -0.9310 0.3650 -0.0008
vn -0.1348 0.9908 -0.0113
vn -0.9207 0.2374 0.3097
vn -0.5456 0.8332 0.0903
vn -0.1357 0.9907 0.0131
vn -0.1229 0.7538 0.6455
vn -0.1047 0.9883 0.1105
vn -0.0586 0.7412 0.6687
vn 0.0678 0.9716 0.2266
vn 0.0677 0.9716 0.2266
vn 0.5243 0.8513 0.0185
vn 0.5244 0.8513 0.0185
vn -0.0283 0.9995 0.0164
vn -0.0794 0.9968 -0.0021
vn -0.0747 0.9970 -0.0200
vn -0.0783 0.9968 -0.0178
vn -0.0747 0.9971 -0.0115
vn -0.0747 0.9971 -0.0114
vn -0.0784 0.9968 -0.0179
vn -0.0756 0.9971 0.0131
vn -0.0793 0.9967 0.0153
vn -0.0756 0.9971 0.0129
vn -0.0719 0.9973 0.0109
vn -0.0756 0.9971 0.0132
vn -0.0756 0.9969 0.0217
vn -0.0014 -0.0000 -1.0000
vn -0.0013 -0.0000 -1.0000
vn -0.0015 -0.0000 -1.0000
vn -0.0012 -0.0000 -1.0000
vn -0.0010 -0.0000 -1.0000
vn -0.0011 -0.0000 -1.0000
vn -0.0014 0.0001 -1.0000
vn 0.4621 -0.8868 -0.0044
vn -0.1724 -0.9850 0.0016
vn 0.0359 -0.9994 -0.0033
vn 0.4622 -0.8868 -0.0018
vn -0.4791 -0.8777 -0.0033
vn -0.4792 -0.8777 -0.0033
vn -0.7817 -0.6237 0.0020
vn -0.8660 -0.5000 -0.0034
vn -0.9705 -0.2410 0.0002
vn -0.9904 -0.1383 -0.0000
vn 0.8042 -0.5944 -0.0011
vn 0.4623 -0.8867 -0.0019
vn 0.4623 -0.8867 -0.0000
vn 0.9673 -0.2535 -0.0010
vn 0.9518 -0.3066 0.0014
vn 0.9787 -0.2053 -0.0001
vn 0.9599 -0.2793 -0.0232
vn 0.9930 -0.1120 -0.0370
vn 0.9853 -0.1699 -0.0159
vn 0.9599 -0.2804 0.0006
vn 0.9990 -0.0226 -0.0391
vn 0.9999 -0.0076 -0.0080
vn 0.9709 -0.1879 -0.1485
vn 0.9881 -0.0226 -0.1522
vn 0.9535 -0.2318 -0.1924
vn 0.9641 -0.2143 -0.1568
vn 0.9687 -0.2378 -0.0708
vn 0.9418 -0.2068 -0.2652
vn 0.5623 0.8241 -0.0686
vn 0.5616 0.8268 -0.0323
vn 0.4192 0.4308 -0.7992
vn 0.4475 0.6573 -0.6064
vn 0.3987 0.1998 -0.8951
vn 0.3916 0.1821 -0.9020
vn -0.6188 0.7763 -0.1200
vn -0.6274 0.7787 0.0003
vn -0.0283 0.9996 -0.0010
vn -0.0883 0.9862 -0.1399
vn -0.6028 0.7759 -0.1859
vn -0.1296 0.9788 -0.1588
vn -0.6042 0.7723 -0.1962
vn -0.0934 0.9947 -0.0440
vn -0.6156 0.7730 -0.1533
vn -0.1519 0.9884 0.0028
vn -0.6322 0.7748 -0.0008
vn -0.0972 0.9942 0.0451
vn -0.6125 0.7752 0.1545
vn -0.1287 0.9795 0.1549
vn -0.6011 0.7750 0.1951
vn -0.0858 0.9860 0.1432
vn -0.6047 0.7738 0.1887
vn -0.0406 0.9984 0.0387
vn -0.6190 0.7758 0.1223
vn -0.1500 0.9880 -0.0374
vn -0.0747 0.9971 -0.0112
vn -0.0935 0.9947 -0.0439
vn -0.1518 0.9884 0.0028
vn -0.0760 0.9970 0.0137
vn -0.0973 0.9942 0.0453
vn -0.1499 0.9879 0.0408
vn -0.0719 0.9974 0.0109
vn -0.2808 0.9587 0.0446
vn -0.1977 0.9803 0.0010
vn -0.3207 0.9472 0.0007
vn -0.2796 0.9590 -0.0465
vn 0.2623 -0.0981 0.9600
vn 0.2524 -0.3043 0.9185
vn 0.2606 0.1801 0.9485
vn 0.2612 0.1727 0.9497
vn 0.1656 -0.7792 0.6045
vn 0.1686 -0.7746 0.6096
vn 0.0372 -0.9901 0.1355
vn 0.0356 -0.9912 0.1273
vn -0.0133 -0.9989 -0.0448
vn -0.0319 -0.9922 -0.1208
vn -0.0550 -0.9791 -0.1957
vn -0.0479 -0.9836 -0.1741
vn 0.0056 -0.9992 0.0404
vn 0.0056 -0.9997 0.0229
vn -0.0058 -0.9989 0.0468
vn 0.0057 -0.9988 0.0491
vn -0.8286 -0.0000 0.5598
vn -0.8988 -0.0000 0.4383
vn -0.9064 -0.0000 0.4225
vn -0.9589 -0.0000 0.2837
vn -0.9577 -0.0038 0.2879
vn -0.9714 -0.0038 0.2373
vn -0.9704 -0.0038 0.2416
vn -0.9979 -0.0000 0.0647
vn -0.9998 -0.0038 -0.0181
vn -0.9982 -0.0038 0.0605
vn -0.9915 -0.0000 0.1299
vn -0.9841 -0.0038 0.1775
vn 0.9834 0.0301 -0.1787
vn 0.9967 0.0452 -0.0668
vn 0.9988 -0.0075 -0.0474
vn 0.9866 -0.0598 -0.1515
vn 0.9803 0.1256 -0.1527
vn 0.9941 0.0078 -0.1084
vn 0.9680 0.0375 -0.2480
vn 0.9671 0.0001 -0.2542
vn 0.9644 0.0224 -0.2635
vn 0.9637 -0.0001 -0.2669
vn 0.7771 -0.0000 -0.6294
vn 0.9660 -0.0001 -0.2584
vn 0.9649 -0.0000 -0.2628
vn 0.8572 -0.0000 -0.5151
vn 0.9412 -0.0000 -0.3378
vn 0.8767 -0.0000 -0.4810
vn 0.9735 -0.0000 -0.2288
vn 0.0902 -0.0038 -0.9959
vn 0.9943 -0.0227 -0.1046
vn 0.9843 -0.0895 -0.1524
vn 0.9866 -0.0599 -0.1515
vn 0.9988 -0.0076 -0.0474
vn 0.9725 -0.0000 -0.2331
vn 0.9685 -0.0300 -0.2473
vn 0.9637 -0.0000 -0.2669
vn 0.9658 -0.0150 -0.2589
vn 0.9649 -0.0000 -0.2626
vn 0.8573 -0.0000 -0.5149
vn 0.2605 0.1803 0.9485
vn 0.1671 0.7701 0.6157
vn 0.1656 0.7792 0.6044
vn 0.2613 0.1726 0.9497
vn 0.0309 0.9932 0.1124
vn 0.0319 0.9932 0.1121
vn -0.0739 0.9619 -0.2633
vn -0.0249 0.9956 -0.0904
vn -0.1453 0.8325 -0.5347
vn -0.1517 0.8242 -0.5457
vn -0.1090 0.9089 -0.4024
vn -0.0476 0.9296 -0.3654
vn -0.0331 0.9365 -0.3490
vn 0.0333 0.9408 -0.3373
vn -0.0141 0.4269 0.9042
vn -0.0061 0.4141 0.9102
vn -0.0132 0.4072 0.9133
vn -0.0115 0.4003 0.9163
vn -0.0260 0.3865 0.9219
vn 0.0014 -0.0000 1.0000
vn 0.0013 -0.0000 1.0000
vn 0.0013 0.0001 1.0000
vn 0.0015 -0.0000 1.0000
vn 0.0011 -0.0000 1.0000
vn 0.0012 -0.0000 1.0000
vn 0.0015 0.0001 1.0000
vn 0.9853 -0.1703 0.0160
vn 0.9931 -0.1122 0.0341
vn 0.9613 -0.2745 0.0227
vn 0.9599 -0.2804 0.0007
vn 0.9999 -0.0075 0.0094
vn 0.9991 -0.0226 0.0353
vn 0.9716 -0.1856 0.1465
vn 0.9880 -0.0226 0.1527
vn 0.9534 -0.2291 0.1962
vn 0.9642 -0.2145 0.1562
vn 0.9421 -0.2081 0.2631
vn 0.9679 -0.2413 0.0700
vn 0.9942 -0.0226 0.1051
vn 0.9944 0.0075 0.1053
vn 0.9969 0.0451 0.0646
vn 0.9732 -0.0000 0.2301
vn 0.9679 -0.0000 0.2514
vn 0.9645 -0.0000 0.2642
vn 0.9645 -0.0000 0.2641
vn 0.9668 -0.0000 0.2557
vn 1.0000 -0.0000 0.0002
vn 1.0000 -0.0002 0.0002
vn 1.0000 -0.0000 0.0003
vn 1.0000 0.0001 0.0006
vn 0.0032 -0.7115 0.7027
vn -0.0008 -0.9690 0.2470
vn 0.0014 -0.8663 0.4995
vn -0.0014 -0.8663 -0.4995
vn 0.0007 -0.9690 -0.2471
vn -0.0032 -0.7115 -0.7027
vn -0.0031 -0.7114 -0.7028
vn 0.0031 0.7115 0.7027
vn -0.0009 0.9690 0.2470
vn 0.0013 0.8663 0.4995
vn -0.0012 0.8663 -0.4995
vn 0.0009 0.9690 -0.2470
vn -0.0032 0.7114 -0.7028
vn -0.0031 0.7115 -0.7027
vn -0.0016 -0.0000 -1.0000
vn 0.2080 0.9781 -0.0004
vn 0.2082 0.9781 -0.0005
vn 0.2078 0.9782 -0.0005
vn -0.2071 -0.9783 0.0020
vn 0.2082 0.9781 -0.0004
vn -0.2070 -0.9783 0.0020
vn -0.2071 -0.9783 0.0019
vn -0.2072 -0.9783 0.0019
vn 0.0011 -0.0001 1.0000
vn 0.2081 0.9781 -0.0004
vn 0.2083 0.9781 -0.0003
vn 0.0019 1.0000 -0.0011
vn 0.0020 1.0000 -0.0012
vn 0.0009 0.7068 0.7074
vn 0.0011 0.7068 0.7074
vn 0.0016 -0.0000 1.0000
vn 0.0013 -0.7067 0.7075
vn 0.0011 -0.7067 0.7075
vn 0.0019 -1.0000 -0.0011
vn 0.0020 -1.0000 -0.0012
vn -0.0008 0.2493 -0.9684
vn 0.0026 0.5075 -0.8616
vn -0.0016 -0.3832 -0.9237
vn -0.0017 -0.3831 -0.9237
vn -0.0001 0.7084 -0.7058
vn -0.0002 0.7085 -0.7057
vn -0.0030 0.9674 -0.2534
vn 0.0015 0.8643 -0.5030
vn 0.0029 0.9674 0.2532
vn -0.0000 0.8625 0.5061
vn 0.0023 0.3803 0.9249
vn 0.0002 0.8624 0.5062
vn 0.0028 0.9674 0.2533
vn -0.0000 -0.5051 0.8631
vn -0.0000 -0.2533 0.9674
vn 0.0028 -0.9674 0.2533
vn 0.0002 -0.8625 0.5061
vn 0.0029 -0.9674 0.2532
vn -0.0000 -0.8642 -0.5031
vn -0.0029 -0.9673 -0.2534
vn 0.0003 -0.8625 0.5061
vn -0.0002 -0.7086 -0.7056
vn -0.0001 -0.7085 -0.7057
vn 0.4069 0.9083 -0.0975
vn 0.4108 0.9103 -0.0509
vn 0.4100 0.9089 -0.0762
vn 0.4166 0.9010 -0.1209
vn 0.4118 0.9113 -0.0002
vn 0.4145 0.9100 -0.0039
vn 0.4098 0.9106 0.0536
vn 0.4118 0.9083 0.0737
vn 0.4084 0.9072 0.1009
vn 0.4164 0.9008 0.1232
vn -0.0154 0.4003 -0.9163
vn -0.0057 0.4204 -0.9073
vn -0.0137 0.4070 -0.9133
vn -0.0239 0.3836 -0.9232
vn -0.0119 0.4307 -0.9024
vn -0.6156 0.7730 -0.1532
vn -0.6188 0.7763 -0.1201
vn -0.6029 0.7758 -0.1861
vn -0.6274 0.7787 0.0005
vn -0.6191 0.7757 0.1223
vn -0.6010 0.7750 0.1952
vn -0.6046 0.7739 0.1887
vn 0.0017 0.9987 0.0512
vn -0.0018 -0.9987 -0.0512
vn -0.0017 -0.9987 -0.0511
vn -0.0017 -0.9987 -0.0512
vn -1.0000 -0.0000 -0.0005
vn -1.0000 -0.0000 -0.0003
vn -0.0006 0.0528 -0.9986
vn -0.0007 0.0528 -0.9986
vn 1.0000 -0.0000 0.0001
vn 0.0015 0.0076 1.0000
vn -0.0030 0.0151 0.9999
vn -0.0029 0.0152 0.9999
vn 0.0015 0.0075 1.0000
vn -0.2817 -0.0038 -0.9595
vn -0.0933 -0.0038 -0.9956
vn -0.7059 -0.0000 -0.7083
vn -1.0000 -0.0000 -0.0007
vn -0.9311 0.3647 -0.0008
vn -0.9425 0.3146 -0.1128
vn -1.0000 -0.0000 -0.0001
vn -0.9551 -0.0038 0.2962
vn -0.9207 0.2373 0.3098
vn 1.0000 -0.0000 -0.0000
vn 0.0974 -0.0000 0.9952
vn 0.2941 -0.0000 0.9558
vn -1.0000 -0.0000 -0.0000
vn -1.0000 -0.0000 0.0001
vn -1.0000 -0.0000 -0.0008
vn 0.9470 -0.0000 -0.3212
vn 0.9470 -0.0000 -0.3211
vn 0.0986 -0.0037 -0.9951
vn 0.2913 -0.0038 -0.9566
vn 0.2942 -0.0000 0.9557
vn 0.7059 -0.0000 0.7083
vn 0.9977 -0.0675 0.0012
vn 0.9977 -0.0675 0.0009
vn 0.9986 -0.0526 -0.0016
vn -0.3068 0.7980 0.5187
vn -0.2294 0.9732 0.0150
vn -0.2545 0.9671 0.0057
vn -0.4022 0.7082 0.5803
vn -0.2489 0.9685 -0.0019
vn -0.2849 0.9585 0.0037
vn -0.2267 0.9738 -0.0149
vn -0.2573 0.9663 -0.0080
vn -0.3051 0.8010 -0.5151
vn -0.4022 0.7093 -0.5789
vn -0.0847 -0.9885 -0.1249
vn -0.1068 -0.9943 0.0027
vn -0.1104 -0.9939 -0.0036
vn -0.1010 -0.9937 -0.0483
vn 0.0203 -0.7834 -0.6212
vn -0.4552 -0.4378 -0.7753
vn -0.0848 -0.9882 0.1275
vn -0.1010 -0.9938 0.0475
vn -0.4549 -0.4367 0.7761
vn 0.0170 -0.7850 0.6193
vn -0.4595 -0.2689 0.8465
vn 0.0476 -0.5066 0.8609
vn -0.4845 0.0227 0.8745
vn -0.7371 -0.1158 0.6658
vn -0.7277 -0.2898 0.6217
vn -0.4596 -0.2687 0.8465
vn 0.0469 -0.5036 -0.8627
vn -0.4568 -0.2684 -0.8481
vn -0.4826 0.0302 -0.8753
vn -0.4570 -0.2683 -0.8480
vn -0.7279 -0.2898 -0.6214
vn -0.7355 -0.1169 -0.6674
vn -0.8613 -0.1605 0.4820
vn -0.8582 -0.2029 0.4715
vn -0.8401 -0.2674 0.4719
vn -0.8645 -0.1640 0.4751
vn -0.8909 -0.4295 0.1478
vn -0.8981 -0.4121 0.1536
vn -0.8860 -0.4637 -0.0038
vn -0.8981 -0.4398 0.0030
vn -0.8916 -0.4294 -0.1440
vn -0.9001 -0.4080 -0.1526
vn -0.8593 -0.2058 -0.4682
vn -0.8405 -0.2637 -0.4734
vn -0.8598 -0.1616 -0.4844
vn -0.8642 -0.1614 -0.4766
vn -0.9893 0.0825 0.1200
vn -0.9649 0.1527 0.2136
vn -0.9893 0.0825 0.1201
vn -0.9649 0.1527 0.2138
vn -0.7360 0.4118 0.5373
vn -0.9997 -0.0225 -0.0002
vn 0.0006 0.0529 0.9986
vn 0.0006 0.0527 0.9986
vn 0.0008 0.0529 0.9986
vn 0.0057 -1.0000 -0.0033
vn 0.0057 -1.0000 -0.0032
vn -0.0068 0.1613 -0.9869
vn -0.0078 0.1538 -0.9881
vn -0.0070 0.1611 -0.9869
vn -0.0063 0.1690 -0.9856
vn -0.0057 0.9998 0.0207
vn -0.0058 0.9996 0.0294
vn -0.0058 0.9998 0.0205
vn -0.0056 0.9999 0.0120
vn 0.8467 -0.3098 -0.4326
vn 0.9386 -0.3413 0.0507
vn 0.9350 -0.3433 0.0886
vn 0.9387 -0.3447 -0.0013
vn 0.9387 -0.3448 -0.0014
vn 0.9385 -0.3414 -0.0507
vn 0.9344 -0.3446 -0.0905
vn 0.8470 -0.3095 0.4321
vn -0.9904 -0.1380 -0.0019
vn -0.9706 -0.2407 0.0001
vn -1.0000 -0.0000 -0.0006
vn -0.9427 -0.3335 -0.0006
vn -0.9186 -0.3952 -0.0001
vn -0.9643 -0.2648 -0.0033
vn -0.6890 -0.7246 0.0152
vn -0.6735 -0.7392 -0.0001
vn -0.2557 -0.9647 0.0627
vn -0.3681 -0.9288 0.0432
vn 0.3482 -0.9366 0.0387
vn 0.1603 -0.9850 0.0638
vn 0.7509 -0.6604 0.0035
vn 0.5886 -0.8081 0.0219
vn 0.9802 -0.1982 0.0023
vn 0.9518 -0.3066 0.0013
vn 0.9977 -0.0676 0.0011
vn 0.9977 -0.0676 0.0012
vn 0.1503 0.1091 -0.9826
vn 0.2745 -0.2152 -0.9372
vn 0.6559 0.0672 -0.7519
vn 0.3717 0.4613 -0.8056
vn 0.2058 -0.3320 -0.9205
vn 0.6708 -0.1033 -0.7344
vn -0.6067 -0.2355 -0.7592
vn -0.0055 -0.4034 -0.9150
vn -0.0192 -0.2103 -0.9775
vn -0.5787 0.0337 -0.8148
vn 0.3715 0.4614 -0.8057
vn 0.1642 0.5838 -0.7951
vn 0.0701 0.2777 -0.9581
vn 0.1505 0.1090 -0.9826
vn -0.1143 0.5945 -0.7959
vn -0.0805 0.2130 -0.9737
vn -0.3899 0.4678 -0.7932
vn -0.0274 0.0227 -0.9994
vn -0.5787 0.0340 -0.8148
vn -0.0184 -0.2166 -0.9761
vn -0.7677 0.0114 -0.6407
vn -0.1248 0.1054 -0.9866
vn -0.6214 0.3190 -0.7156
vn -0.7677 0.0115 -0.6407
vn -0.1242 0.3707 -0.9204
vn -0.3455 0.5740 -0.7424
vn 0.0030 0.2130 -0.9770
vn 0.0106 0.6101 -0.7923
vn 0.3315 0.5467 -0.7689
vn 0.3296 0.5784 -0.7462
vn 0.6345 0.3239 -0.7018
vn 0.7680 -0.0586 -0.6377
vn 0.7680 -0.0586 -0.6378
vn 0.6345 0.3238 -0.7018
vn 0.6346 0.3238 -0.7018
vn 0.7743 -0.2830 -0.5660
vn 0.7744 -0.2829 -0.5659
vn -0.7872 -0.0945 -0.6094
vn -0.7677 0.0113 -0.6407
vn -0.2112 -0.6721 -0.7097
vn -0.3489 -0.7124 -0.6089
vn -0.2113 -0.6721 -0.7097
vn 0.0014 -0.5781 -0.8159
vn -0.0358 -0.9958 -0.0838
vn -0.0018 -0.9994 -0.0338
vn -0.2444 -0.9427 -0.2272
vn -0.1548 -0.9590 -0.2374
vn -0.2962 -0.9367 -0.1868
vn -0.2529 -0.9411 -0.2244
vn 0.0018 -0.9994 0.0338
vn -0.0341 -0.9958 0.0850
vn -0.1586 -0.9579 0.2394
vn -0.2437 -0.9432 0.2257
vn -0.2520 -0.9425 0.2196
vn -0.2943 -0.9372 0.1874
vn 0.9432 -0.3323 0.0015
vn 0.9432 -0.3323 0.0012
vn 0.9432 -0.3323 0.0013
vn 0.9432 -0.3323 0.0014
vn 0.9356 -0.3460 -0.0701
vn 0.9079 -0.3880 -0.1589
vn 0.9432 -0.3323 0.0011
vn 0.9095 -0.3851 0.1565
vn 0.9370 -0.3423 0.0699
vn 0.4412 -0.4173 0.7945
vn 0.6206 -0.4570 0.6372
vn 0.2910 -0.2757 0.9161
vn 0.2916 -0.3470 0.8914
vn 0.6212 -0.4619 -0.6331
vn 0.4398 -0.4142 -0.7969
vn 0.2932 -0.3433 -0.8923
vn 0.2900 -0.2754 -0.9165
vn 0.0056 0.9999 0.0142
vn 0.0018 0.9999 0.0164
vn -0.0019 1.0000 0.0011
vn 0.1185 0.9843 0.1310
vn 0.1506 0.9836 0.0995
vn 0.2106 0.9706 0.1164
vn 0.2693 0.9623 0.0375
vn -0.0018 0.9999 -0.0164
vn 0.0056 0.9999 -0.0121
vn 0.1515 0.9836 -0.0983
vn 0.1157 0.9841 -0.1344
vn 0.2725 0.9612 -0.0422
vn 0.2080 0.9707 -0.1200
vn -0.8237 -0.2711 -0.4980
vn -0.8173 -0.2676 -0.5103
vn -0.8309 -0.2819 -0.4797
vn -0.0094 -1.0000 -0.0032
vn -0.0057 -1.0000 0.0033
vn -0.0283 -0.9996 -0.0011
vn -0.1668 -0.9857 -0.0233
vn 0.0019 -1.0000 0.0077
vn 0.0397 -0.9992 0.0032
vn 0.0019 -0.9999 -0.0099
vn 0.0058 -1.0000 -0.0032
vn 0.1293 -0.9916 0.0015
vn 0.0057 -1.0000 0.0055
vn 0.0095 -0.9999 0.0033
vn -0.0284 -0.9996 -0.0010
vn -0.0284 -0.9996 -0.0008
vn 0.0170 -0.9999 -0.0011
vn 0.0169 -0.9999 -0.0012
vn 0.2822 -0.9594 -0.0000
vn 0.4261 -0.9047 0.0001
vn 0.1762 -0.9832 0.0482
vn 0.2146 -0.9752 0.0541
vn 0.6285 -0.7042 -0.3302
vn 0.2820 -0.9594 -0.0000
vn 0.6274 -0.7042 0.3324
vn 0.2169 -0.9747 -0.0534
vn 0.1741 -0.9834 -0.0504
vn 0.0094 -1.0000 0.0031
vn 0.0021 -1.0000 -0.0011
vn 0.0170 -0.9999 -0.0012
vn 0.0056 -1.0000 -0.0032
vn -0.0094 -0.9999 0.0054
vn -0.0285 -0.9996 -0.0008
vn -0.1656 -0.9859 0.0217
vn -0.0095 -0.9999 -0.0033
vn 0.9599 -0.2803 0.0006
vn 0.9853 -0.1699 -0.0158
vn 0.9829 -0.1842 0.0026
vn 0.9853 -0.1702 0.0160
vn 0.9999 -0.0075 0.0095
vn 1.0000 -0.0077 -0.0000
vn 0.9999 -0.0075 -0.0080
vn 0.9679 -0.2413 0.0699
vn 0.9708 -0.2400 0.0050
vn 0.9614 -0.2744 0.0228
vn 0.9642 -0.2144 0.1560
vn 0.9725 -0.2329 -0.0015
vn 0.9709 -0.2395 -0.0092
vn 0.9599 -0.2793 -0.0233
vn 0.9687 -0.2378 -0.0706
vn 0.9641 -0.2144 -0.1567
vn 0.5620 0.8271 -0.0012
vn 0.5619 0.8272 -0.0013
vn 0.5621 0.8266 0.0295
vn -0.5998 0.7997 -0.0263
vn -0.6208 0.7801 -0.0778
vn -0.5913 0.8063 -0.0189
vn -0.5811 0.8137 -0.0166
vn -0.6230 0.7691 -0.1428
vn -0.6246 0.7658 -0.1532
vn -0.5805 0.8143 -0.0005
vn -0.5756 0.8177 0.0006
vn -0.5912 0.8063 -0.0189
vn -0.5905 0.8068 0.0199
vn -0.5800 0.8145 0.0156
vn -0.1218 0.8116 -0.5714
vn -0.1094 0.8390 -0.5331
vn -0.0137 0.4069 -0.9134
vn -0.0047 0.5962 -0.8028
vn -0.0381 0.6352 -0.7714
vn 0.0448 0.6333 -0.7726
vn -0.0499 0.5979 -0.8000
vn 0.1613 0.7992 -0.5790
vn -0.2797 0.9589 -0.0466
vn -0.2646 0.9575 -0.1149
vn -0.5820 0.8076 -0.0950
vn -0.6191 0.7809 -0.0826
vn -0.3208 0.9471 0.0007
vn -0.7061 0.7081 -0.0006
vn -0.1149 0.9866 -0.1159
vn -0.6179 0.7820 0.0817
vn -0.5784 0.8105 0.0923
vn -0.2615 0.9587 0.1117
vn -0.1131 0.9871 0.1132
vn -0.1288 0.9795 0.1550
vn -0.0972 0.9942 0.0453
vn -0.1385 0.9668 0.2148
vn -0.0561 0.9503 0.3064
vn -0.1211 0.8137 0.5686
vn -0.1072 0.8425 0.5279
vn -0.0858 0.9860 0.1433
vn 0.0619 0.9859 0.1554
vn -0.0043 0.5960 0.8030
vn 0.0482 0.6332 0.7725
vn 0.2055 0.9423 0.2643
vn 0.1589 0.8024 0.5753
vn 0.2205 0.9414 0.2553
vn -0.0497 0.8856 0.4617
vn 0.0607 0.8320 0.5515
vn -0.0501 0.5942 0.8028
vn 0.1985 0.9022 0.3830
vn 0.1445 0.9076 0.3943
vn 0.1718 0.9377 0.3020
vn 0.2128 0.9489 0.2332
vn 0.2032 0.9727 0.1122
vn 0.2248 0.9729 0.0545
vn 0.2192 0.9753 0.0277
vn -0.0325 0.8702 0.4916
vn -0.0405 0.6340 0.7723
vn -0.2195 0.8414 0.4938
vn -0.4395 0.8706 0.2210
vn -0.4693 0.4177 0.7780
vn -0.4844 0.0228 0.8746
vn -0.1423 0.2596 0.9552
vn -0.1213 0.3715 0.9205
vn -0.0896 0.4056 0.9097
vn 0.0009 0.2169 0.9762
vn 0.0058 -0.0000 1.0000
vn 0.0075 0.0979 0.9952
vn -0.0249 0.0226 0.9994
vn -0.0043 0.0679 0.9977
vn -0.0774 0.2093 0.9748
vn -0.0355 0.0829 0.9959
vn 0.0717 0.2750 0.9588
vn 0.0088 0.1874 0.9822
vn 0.1507 0.1055 0.9829
vn 0.0700 0.1429 0.9873
vn 0.1277 0.0226 0.9916
vn 0.1217 0.1503 0.9811
vn 0.2137 0.0229 0.9766
vn 0.1846 0.1728 0.9675
vn 0.2741 -0.2099 0.9385
vn 0.1362 -0.3323 0.9333
vn 0.2117 -0.4231 0.8810
vn 0.2137 0.0225 0.9766
vn 0.0059 -0.0000 1.0000
vn 0.0086 -0.3314 0.9435
vn -0.0167 -0.2167 0.9761
vn -0.1241 0.1054 0.9867
vn -0.1475 -0.1278 0.9808
vn -0.1296 0.9787 -0.1589
vn -0.1217 0.8117 -0.5712
vn -0.0561 0.9489 -0.3106
vn -0.1364 0.9672 -0.2144
vn -0.0884 0.9862 -0.1401
vn -0.1095 0.8390 -0.5330
vn -0.0323 0.8691 -0.4936
vn -0.0535 0.8852 -0.4621
vn 0.1612 0.7993 -0.5789
vn 0.0623 0.8340 -0.5483
vn 0.1994 0.9013 -0.3845
vn 0.2214 0.9410 -0.2560
vn 0.1466 0.9074 -0.3940
vn 0.0449 0.6333 -0.7726
vn 0.2060 0.9439 -0.2582
vn -0.0047 0.5963 -0.8028
vn 0.0633 0.9857 -0.1563
vn 0.2025 0.9728 -0.1125
vn 0.2235 0.9734 -0.0507
vn 0.2153 0.9761 -0.0307
vn 0.1707 0.9378 -0.3023
vn 0.2145 0.9481 -0.2348
vn -0.2178 0.8409 -0.4955
vn -0.4676 0.4173 -0.7792
vn -0.4419 0.8702 -0.2177
vn -0.1433 0.2641 -0.9538
vn -0.0900 0.4047 -0.9100
vn 0.0031 0.2130 -0.9770
vn 0.0057 0.0979 -0.9952
vn 0.0029 0.0001 -1.0000
vn -0.0046 0.0678 -0.9977
vn -0.0275 0.0226 -0.9994
vn -0.0345 0.0829 -0.9960
vn -0.0804 0.2129 -0.9738
vn 0.0088 0.1871 -0.9823
vn 0.0701 0.2776 -0.9581
vn 0.0662 0.1464 -0.9870
vn 0.1503 0.1089 -0.9826
vn 0.1233 0.1500 -0.9810
vn 0.1295 0.0226 -0.9913
vn 0.1346 -0.3329 -0.9333
vn 0.2744 -0.2152 -0.9372
vn 0.1869 0.1755 -0.9666
vn 0.2111 0.0189 -0.9773
vn 0.2111 0.0188 -0.9773
vn 0.2127 -0.4214 -0.8816
vn 0.0029 -0.0002 -1.0000
vn -0.0275 0.0225 -0.9994
vn -0.0185 -0.2165 -0.9761
vn 0.0047 -0.3314 -0.9435
vn -0.1248 0.1055 -0.9866
vn -0.1491 -0.1315 -0.9800
vn 0.2247 0.9744 0.0028
vn 0.2210 0.9753 -0.0036
vn 0.2153 0.9761 -0.0306
vn 0.2235 0.9734 -0.0506
vn 0.2236 0.9734 -0.0507
vn 0.2215 0.9410 -0.2560
vn 0.4164 0.9011 -0.1208
vn 0.4101 0.9088 -0.0763
vn 0.2249 0.9744 0.0029
vn 0.2060 0.9440 -0.2578
vn 0.4067 0.9083 -0.0980
vn 0.4108 0.9103 -0.0508
vn 0.1191 0.9929 0.0011
vn 0.4115 0.9114 -0.0000
vn 0.1322 0.9883 0.0759
vn 0.4099 0.9106 0.0538
vn 0.2057 0.9423 0.2642
vn 0.4084 0.9072 0.1010
vn 0.2206 0.9414 0.2552
vn 0.4164 0.9008 0.1231
vn 0.2250 0.9728 0.0546
vn -0.8677 0.4971 -0.0005
vn -0.9596 0.2814 -0.0000
vn -0.9258 0.3573 0.1234
vn -0.8960 0.4302 0.1101
vn -0.9800 0.1990 0.0025
vn -0.9796 0.1473 0.1371
vn -0.9254 0.3581 -0.1239
vn -0.9796 0.1459 -0.1382
vn -0.8940 0.4340 -0.1113
vn 0.2127 -0.4215 -0.8815
vn 0.3146 -0.5958 -0.7390
vn 0.6286 -0.7041 -0.3303
vn 0.1948 -0.3925 -0.8989
vn 0.8117 -0.5718 -0.1194
vn 0.8365 -0.5480 -0.0005
vn 0.8366 -0.5479 -0.0005
vn 0.4261 -0.9047 -0.0000
vn 0.8365 -0.5479 -0.0005
vn 0.2821 -0.9594 -0.0001
vn 0.8114 -0.5731 0.1150
vn 0.6274 -0.7042 0.3325
vn 0.3127 -0.5982 0.7378
vn 0.2120 -0.4232 0.8809
vn 0.1941 -0.3889 0.9006
vn 0.4089 0.1270 -0.9037
vn 0.2112 0.0189 -0.9773
vn 0.3916 0.1819 -0.9020
vn 0.1872 0.1755 -0.9665
vn 0.2126 -0.4215 -0.8815
vn 0.1947 -0.3925 -0.8989
vn 0.2058 -0.3320 -0.9206
vn -0.0057 -0.4033 -0.9150
vn 0.0016 -0.4469 -0.8946
vn -0.0185 -0.2167 -0.9761
vn -0.3067 0.7980 0.5188
vn -0.4022 0.7081 0.5804
vn -0.4195 0.3234 0.8482
vn -0.2066 0.5612 0.8015
vn -0.3893 -0.1934 0.9006
vn -0.2327 -0.3822 0.8943
vn -0.1833 -0.7762 0.6033
vn -0.1810 -0.7416 0.6460
vn -0.0473 -0.9989 0.0012
vn -0.0474 -0.9989 0.0011
vn -0.0445 -0.9989 0.0147
vn -0.0519 -0.9986 0.0105
vn -0.0800 -0.9906 0.1109
vn -0.0652 -0.9967 0.0485
vn -0.1810 -0.7416 0.6459
vn -0.1874 -0.7761 0.6021
vn -0.0473 -0.9989 0.0010
vn -0.0509 -0.9986 -0.0140
vn -0.0472 -0.9988 -0.0163
vn -0.0661 -0.9966 -0.0489
vn -0.0772 -0.9907 -0.1119
vn -0.1853 -0.7753 -0.6038
vn -0.1831 -0.7434 -0.6433
vn -0.9528 -0.1278 -0.2753
vn -0.9572 -0.0867 -0.2763
vn -0.9779 -0.1313 -0.1629
vn -0.9458 -0.2951 -0.1358
vn -0.9868 -0.0978 -0.1290
vn -0.9860 -0.1238 -0.1117
vn -0.9874 -0.0903 -0.1300
vn -0.9959 -0.0903 -0.0024
vn -0.9861 -0.1047 0.1293
vn -0.9869 -0.0936 0.1311
vn -0.9861 -0.1229 0.1114
vn -0.9575 -0.0926 0.2732
vn -0.9787 -0.1261 0.1621
vn -0.9526 -0.1304 0.2748
vn -0.9442 -0.2990 0.1380
vn -0.7062 0.7080 -0.0006
vn -0.6192 0.7809 -0.0827
vn -0.9353 0.3317 -0.1234
vn -0.9394 0.3427 0.0005
vn -0.5820 0.8077 -0.0950
vn -0.9550 0.2744 -0.1122
vn -0.4420 0.8702 -0.2177
vn -0.9344 0.3227 -0.1511
vn -0.4676 0.4172 -0.7793
vn -0.8723 0.1129 -0.4758
vn -0.4827 0.0300 -0.8753
vn -0.7354 -0.1167 -0.6675
vn -0.9362 0.3309 0.1184
vn -0.9552 0.2728 0.1149
vn -0.9333 0.3249 0.1529
vn -0.4393 0.8707 0.2210
vn -0.8741 0.1143 0.4720
vn -0.7371 -0.1157 0.6658
vn -0.4845 0.0225 0.8745
vn -0.0987 0.9548 -0.2803
vn -0.0768 0.9525 -0.2946
vn -0.1317 0.9545 -0.2675
vn -0.0717 -0.4248 -0.9024
vn -0.2626 -0.5417 -0.7985
vn -0.2128 -0.4194 -0.8825
vn -0.0280 -0.2995 -0.9537
vn -0.5981 -0.7879 -0.1466
vn -0.6291 -0.4930 -0.6009
vn -0.7790 -0.6140 -0.1269
vn -0.7060 -0.7082 -0.0000
vn -0.7796 -0.6262 -0.0008
vn -0.5946 -0.7897 0.1507
vn -0.7790 -0.6147 0.1239
vn -0.6290 -0.4929 0.6012
vn -0.2596 -0.5405 0.8003
vn -0.2083 -0.4218 0.8824
vn -0.0726 -0.4258 0.9019
vn -0.0290 -0.2961 0.9547
vn -0.1661 -0.9859 0.0217
vn -0.1671 -0.9857 -0.0233
vn -0.4826 0.0301 -0.8753
vn -0.1492 -0.1316 -0.9800
vn -0.2128 -0.4193 -0.8826
vn -0.4553 -0.4378 -0.7753
vn -0.6292 -0.4930 -0.6009
vn -0.7790 -0.6141 -0.1269
vn -0.1248 0.1053 -0.9866
vn 0.9941 0.0075 -0.1084
vn 0.9943 -0.0226 -0.1045
vn 0.9968 0.0450 -0.0667
vn 0.9671 -0.0000 -0.2543
vn 0.9638 -0.0000 -0.2667
vn 0.9638 -0.0000 -0.2668
vn 0.9660 -0.0000 -0.2585
vn 0.9649 -0.0000 -0.2627
vn 1.0000 -0.0001 0.0003
vn 1.0000 -0.0000 -0.0001
vn 1.0000 0.0004 0.0003
vn 0.0002 -0.8663 -0.4995
vn 0.0002 -0.9690 -0.2470
vn -0.0030 -0.7115 -0.7027
vn -0.0030 -0.7116 -0.7026
vn -0.0000 -0.9690 0.2471
vn -0.0000 -0.8663 0.4995
vn 0.0032 -0.7114 0.7028
vn 0.0031 -0.7115 0.7027
vn 0.0001 0.8663 -0.4995
vn 0.0001 0.9690 -0.2470
vn -0.0000 0.9690 0.2470
vn -0.0001 0.8663 0.4995
vn 0.0030 0.7115 0.7027
vn 0.0030 0.7116 0.7026
vn 0.2082 0.9781 -0.0003
vn 0.2081 0.9781 -0.0005
vn -0.2072 -0.9783 0.0020
vn -0.2070 -0.9783 0.0021
vn 0.2080 0.9781 -0.0005
vn -0.0013 0.0001 -1.0000
vn -0.0013 -0.0001 -1.0000
vn -0.0011 0.0001 -1.0000
vn 0.0015 0.8642 -0.5031
vn -0.0028 0.9674 -0.2532
vn 0.0014 0.8642 -0.5032
vn -0.0014 0.3832 -0.9237
vn -0.0016 0.3832 -0.9237
vn -0.0029 0.9674 -0.2534
vn -0.0008 -0.2494 -0.9684
vn 0.0025 -0.5076 -0.8616
vn 0.0014 -0.8642 -0.5032
vn -0.0029 -0.9674 -0.2534
vn -0.0028 -0.9674 -0.2532
vn 0.0014 -0.8642 -0.5031
vn 0.0014 0.7067 0.7075
vn 0.0012 0.7067 0.7075
vn 0.0014 0.8641 -0.5032
vn -0.0001 0.7085 -0.7057
vn -0.0028 0.9674 -0.2533
vn -0.0002 -0.7085 -0.7057
vn -0.0028 -0.9674 -0.2533
vn 0.0010 -0.7068 0.7074
vn 0.0013 -0.7066 0.7076
vn 0.0023 -0.3805 0.9248
vn 0.0023 -0.3803 0.9248
vn 0.0023 -0.3803 0.9249
vn -0.0000 0.5051 0.8631
vn 0.0001 0.2533 0.9674
vn 0.0010 0.7068 0.7074
vn 0.0011 0.7067 0.7075
vn -0.0017 0.9987 -0.0512
vn 0.0017 -0.9987 0.0511
vn 0.0017 -0.9987 0.0512
vn -1.0000 -0.0003 -0.0001
vn 1.0000 0.0001 0.0008
vn -0.0014 0.0151 -0.9999
vn -0.0014 0.0152 -0.9999
vn -0.5455 0.8332 0.0903
vn -0.1046 0.9884 0.1104
vn -0.1358 0.9907 0.0131
vn 0.0677 0.9717 0.2264
vn -0.0284 0.9995 0.0164
vn -0.0947 -0.0000 0.9955
vn -0.2790 -0.0000 0.9603
vn -0.9207 0.2373 0.3099
vn -0.9551 -0.0038 0.2963
vn 0.0988 -0.0038 -0.9951
vn 0.9986 -0.0526 -0.0015
vn 0.9986 -0.0527 -0.0014
vn -0.1851 -0.7752 -0.6040
vn -0.3873 -0.1913 -0.9019
vn -0.2334 -0.3853 -0.8928
vn -0.1831 -0.7432 -0.6436
vn -0.4023 0.7091 -0.5791
vn -0.4214 0.3225 -0.8476
vn -0.3050 0.8009 -0.5153
vn -0.2060 0.5593 -0.8029
vn -0.9658 0.1498 -0.2115
vn -0.9891 0.0828 -0.1221
vn -0.9658 0.1498 -0.2116
vn -0.9890 0.0829 -0.1221
vn -0.7361 0.4120 -0.5370
vn -0.9891 0.0827 -0.1221
vn -0.9997 -0.0227 -0.0003
vn -0.0007 0.0525 -0.9986
vn -0.0007 0.0527 -0.9986
vn -0.0064 0.1651 0.9863
vn -0.0095 0.1503 0.9886
vn -0.0064 0.1653 0.9862
vn -0.0072 0.1725 0.9850
vn -0.0094 0.9997 -0.0207
vn -0.0056 0.9997 -0.0229
vn -0.0056 0.9999 -0.0142
vn 0.9674 -0.2534 -0.0010
vn 0.9787 -0.2054 -0.0001
vn -1.0000 -0.0000 -0.0002
vn -0.9706 -0.2408 0.0001
vn -0.9905 -0.1379 -0.0000
vn -1.0000 -0.0000 -0.0004
vn 0.0360 -0.9993 -0.0033
vn 0.4621 -0.8868 -0.0019
vn 0.4622 -0.8868 -0.0000
vn -0.4791 -0.8778 -0.0033
vn -0.8660 -0.5000 -0.0033
vn -0.7818 -0.6236 0.0019
vn -0.9904 -0.1381 -0.0019
vn -0.9705 -0.2409 0.0002
vn 0.9801 -0.1983 0.0024
vn 0.9519 -0.3063 -0.0034
vn 0.7508 -0.6605 0.0034
vn 0.5877 -0.8087 -0.0248
vn 0.3455 -0.9375 -0.0411
vn 0.1601 -0.9849 -0.0663
vn -0.2565 -0.9643 -0.0665
vn -0.3693 -0.9284 -0.0407
vn -0.6884 -0.7251 -0.0189
vn -0.6738 -0.7389 -0.0000
vn -0.9428 -0.3335 -0.0006
vn 0.6567 0.0679 0.7511
vn 0.2744 -0.2099 0.9384
vn 0.1508 0.1054 0.9829
vn 0.3728 0.4580 0.8070
vn 0.6713 -0.1055 0.7337
vn 0.2067 -0.3258 0.9226
vn -0.6087 -0.2350 0.7578
vn -0.5775 0.0376 0.8155
vn -0.0167 -0.2168 0.9761
vn -0.0069 -0.4002 0.9164
vn -0.5775 0.0379 0.8155
vn -0.3928 0.4661 0.7928
vn -0.0249 0.0227 0.9994
vn -0.0166 -0.2169 0.9761
vn -0.1147 0.5905 0.7988
vn 0.1624 0.5838 0.7955
vn 0.0718 0.2751 0.9587
vn 0.3726 0.4581 0.8070
vn 0.1507 0.1054 0.9829
vn -0.6212 0.3245 0.7133
vn -0.1241 0.1055 0.9866
vn -0.7660 0.0076 0.6428
vn -0.7660 0.0077 0.6428
vn -0.3476 0.5746 0.7410
vn 0.0108 0.6141 0.7891
vn 0.0010 0.2168 0.9762
vn 0.3314 0.5801 0.7441
vn 0.3301 0.5490 0.7679
vn 0.6345 0.3188 0.7041
vn 0.6346 0.3187 0.7041
vn 0.7696 -0.0604 0.6357
vn 0.7696 -0.0603 0.6357
vn 0.6347 0.3185 0.7040
vn 0.7753 -0.2822 0.5650
vn 0.7755 -0.2821 0.5648
vn -0.7857 -0.0928 0.6116
vn -0.7858 -0.0929 0.6115
vn -0.2092 -0.6727 0.7098
vn -0.3477 -0.7093 0.6132
vn -0.0017 -0.5788 0.8155
vn -0.8238 -0.2754 0.4954
vn -0.8304 -0.2802 0.4816
vn -0.8239 -0.2755 0.4952
vn -0.8174 -0.2655 0.5112
vn 0.4188 0.4307 0.7994
vn 0.4483 0.6570 0.6062
vn 0.3917 0.1876 0.9008
vn 0.3982 0.2023 0.8947
vn 0.5602 0.8258 0.0651
vn 0.5621 0.8265 0.0296
vn -0.6248 0.7681 0.1403
vn -0.6019 0.7983 0.0223
vn -0.6216 0.7797 0.0755
vn -0.6270 0.7644 0.1503
vn -0.5800 0.8144 0.0155
vn -0.1073 0.8426 0.5278
vn -0.0132 0.4071 0.9133
vn -0.0261 0.3867 0.9218
vn -0.0044 0.5958 0.8031
vn -0.1212 0.8136 0.5687
vn -0.0141 0.4270 0.9041
vn -0.0405 0.6339 0.7724
vn -0.0116 0.4003 0.9163
vn -0.0061 0.4142 0.9102
vn -0.0501 0.5940 0.8029
vn 0.0482 0.6330 0.7726
vn 0.1588 0.8022 0.5755
vn 0.2139 0.0227 0.9766
vn 0.4090 0.1207 0.9045
vn 0.3982 0.2024 0.8947
vn 0.2117 -0.4232 0.8810
vn 0.1363 -0.3323 0.9333
vn 0.1940 -0.3888 0.9007
vn 0.2743 -0.2099 0.9385
vn 0.2067 -0.3257 0.9226
vn -0.0070 -0.4003 0.9164
vn 0.0086 -0.3315 0.9434
vn 0.0032 -0.4472 0.8944
vn 0.1539 0.3567 -0.9215
vn -0.0976 0.9533 0.2858
vn -0.0764 0.9518 0.2969
vn -0.1308 0.9538 0.2704
vn -0.4844 0.0226 0.8746
vn -0.4595 -0.2688 0.8466
vn -0.1475 -0.1279 0.9807
vn -0.4550 -0.4367 0.7761
vn -0.2083 -0.4217 0.8825
vn -0.6289 -0.4929 0.6013
vn -0.1241 0.1055 0.9867
vn 0.0685 0.8657 -0.4958
vn 0.0744 0.9656 -0.2490
vn 0.0545 0.7123 -0.6998
vn 0.0546 0.7119 -0.7001
vn 0.0749 0.9659 0.2478
vn 0.0647 0.8645 0.4985
vn 0.0555 0.7095 0.7025
vn -0.0685 -0.8657 0.4959
vn -0.0763 -0.9663 0.2458
vn -0.0551 -0.7128 0.6992
vn -0.0550 -0.7126 0.6994
vn -0.0731 -0.9669 -0.2446
vn -0.0636 -0.8656 -0.4966
vn -0.0546 -0.7119 -0.7001
vn -0.0539 -0.7120 -0.7001
vn 0.0006 0.0528 0.9986
vn -0.0439 0.0755 0.9962
vn 0.0555 0.7096 0.7025
vn 0.0741 0.9660 0.2478
vn 0.0685 0.8657 -0.4959
vn 0.0741 0.9657 -0.2489
vn 0.0546 0.7120 -0.7001
vn -0.0541 -0.7120 -0.7001
vn -0.0741 -0.9668 -0.2446
vn -0.0636 -0.8657 -0.4966
vn -0.0542 -0.7121 -0.7000
vn -0.0742 -0.9665 0.2458
vn -0.0550 -0.7127 0.6993
vn -0.0434 0.0791 -0.9959
vn 0.0043 0.0602 -0.9982
vn -0.0014 -0.0001 -1.0000
vn -0.0015 -0.0001 -1.0000
vn -0.0015 0.0001 -1.0000
vn 0.0142 0.0378 0.9992
vn 0.0009 0.0453 0.9990
vn 0.0009 -0.0453 0.9990
vn 0.0142 -0.0378 0.9992
vn -0.0379 0.0151 0.9992
vn -0.0422 -0.0000 0.9991
vn 0.0407 0.0153 0.9991
vn 0.0319 0.0228 0.9992
vn -0.0336 0.0226 0.9992
vn -0.0379 0.0152 0.9992
vn 0.0015 -0.0001 1.0000
vn -0.0252 -0.0378 0.9990
vn -0.0121 -0.0379 0.9992
vn 0.0408 -0.0000 0.9992
vn 0.0407 0.0151 0.9991
vn -0.0252 0.0377 0.9990
vn -0.0336 0.0227 0.9992
vn -0.0336 -0.0227 0.9992
vn 0.0407 -0.0151 0.9991
vn -0.0121 0.0379 0.9992
vn -0.0252 0.0378 0.9990
vn -0.0379 -0.0150 0.9992
vn -0.0336 -0.0226 0.9992
vn 0.0319 -0.0228 0.9992
vn 0.0407 -0.0152 0.9991
vn -0.0120 0.0377 0.9992
vn -0.0379 -0.0151 0.9992
vn 0.0229 -0.0377 0.9990
vn 0.0319 -0.0226 0.9992
vn 0.0227 -0.0377 0.9990
vn 0.0229 0.0378 0.9990
vn 0.0319 0.0227 0.9992
vn 0.0229 0.0377 0.9990
vn -0.0120 -0.0378 0.9992
vn -0.9509 0.3086 -0.0248
vn -0.9985 -0.0452 -0.0296
vn -0.9986 0.0529 0.0017
vn -0.9504 0.3110 0.0011
vn -0.7855 0.2098 -0.5822
vn -0.8126 -0.0453 -0.5810
vn -0.9985 -0.0454 -0.0295
vn -0.9508 0.3087 -0.0247
vn 0.0043 -0.0678 -0.9977
vn -0.0046 -0.0677 -0.9977
vn 0.0172 -0.0640 -0.9978
vn 0.0260 -0.0641 -0.9976
vn 0.0388 -0.0566 -0.9976
vn 0.0431 -0.0566 -0.9975
vn 0.0432 -0.0566 -0.9975
vn 0.0389 -0.0565 -0.9976
vn 0.0515 -0.0415 -0.9978
vn 0.0602 -0.0415 -0.9973
vn 0.0515 -0.0414 -0.9978
vn 0.0641 -0.0188 -0.9978
vn 0.0685 -0.0189 -0.9975
vn 0.0684 0.0038 -0.9977
vn 0.0641 -0.0189 -0.9978
vn 0.0684 -0.0038 -0.9977
vn 0.0684 -0.0037 -0.9977
vn 0.0685 0.0189 -0.9975
vn 0.0642 0.0264 -0.9976
vn 0.0685 0.0188 -0.9975
vn 0.0558 0.0415 -0.9976
vn 0.0432 0.0566 -0.9975
vn 0.0388 0.0565 -0.9976
vn 0.0259 0.0640 -0.9976
vn 0.0431 0.0566 -0.9975
vn 0.0173 0.0640 -0.9978
vn -0.0002 0.0678 -0.9977
vn 0.0260 0.0641 -0.9976
vn 0.0172 0.0640 -0.9978
vn -0.0002 0.0677 -0.9977
vn -0.0001 0.0678 -0.9977
vn -0.0002 0.0679 -0.9977
vn -0.0221 0.0641 -0.9977
vn -0.0221 0.0640 -0.9977
vn -0.2602 -0.9651 -0.0300
vn 0.0499 -0.9983 -0.0311
vn -0.0521 -0.9986 0.0017
vn -0.3606 -0.9327 -0.0018
vn -0.0443 -0.8116 -0.5825
vn 0.0501 -0.9983 -0.0312
vn -0.2602 -0.9651 -0.0298
vn -0.2934 -0.7581 -0.5824
vn -0.0579 0.0377 -0.9976
vn -0.0669 0.0188 -0.9976
vn -0.9985 -0.0453 -0.0296
vn -0.9512 -0.3059 -0.0408
vn -0.9505 -0.3108 0.0011
vn -0.9986 0.0526 0.0017
vn -0.8126 -0.0452 -0.5811
vn -0.7579 -0.2931 -0.5828
vn -0.9512 -0.3060 -0.0407
vn -0.9985 -0.0454 -0.0296
vn 0.7678 -0.5622 -0.3073
vn 0.5234 -0.7967 -0.3022
vn 0.6022 -0.7372 -0.3064
vn 0.9519 -0.3065 0.0013
vn 0.9517 -0.3042 -0.0423
vn 0.9986 -0.0451 -0.0274
vn 0.9986 0.0524 -0.0017
vn 0.8109 -0.0434 -0.5836
vn 0.7608 -0.2938 -0.5786
vn 0.3095 0.9508 -0.0116
vn -0.0471 0.9986 -0.0249
vn 0.0539 0.9985 0.0016
vn 0.3105 0.9506 -0.0015
vn 0.2522 0.7721 -0.5833
vn -0.0441 0.8116 -0.5826
vn -0.0473 0.9986 -0.0250
vn 0.3096 0.9508 -0.0116
vn -0.8106 -0.5849 -0.0291
vn -0.5436 -0.8389 -0.0284
vn -0.6274 -0.7787 0.0003
vn -0.8072 -0.5903 0.0021
vn -0.5130 -0.6332 -0.5796
vn -0.5435 -0.8390 -0.0283
vn -0.8108 -0.5846 -0.0290
vn -0.6569 -0.4797 -0.5817
vn 0.5862 -0.8099 -0.0199
vn 0.8358 -0.5477 -0.0371
vn 0.7759 -0.6308 0.0010
vn 0.5897 -0.8076 0.0011
vn 0.5119 -0.6331 -0.5806
vn 0.6573 -0.4766 -0.5838
vn 0.8359 -0.5476 -0.0371
vn 0.5861 -0.8100 -0.0199
vn 0.7776 0.6274 -0.0407
vn 0.5870 0.8085 -0.0410
vn 0.5897 0.8076 0.0011
vn 0.8402 0.5423 -0.0000
vn 0.5119 0.6330 -0.5807
vn 0.5869 0.8086 -0.0410
vn 0.7776 0.6274 -0.0408
vn 0.6573 0.4766 -0.5839
vn -0.5872 0.8094 0.0032
vn -0.5864 0.8081 -0.0562
vn -0.7787 0.6271 -0.0187
vn -0.8393 0.5437 0.0015
vn -0.6569 0.4798 -0.5816
vn -0.7788 0.6270 -0.0189
vn -0.4797 0.6563 -0.5824
vn 0.0502 -0.9983 -0.0310
vn 0.3074 -0.9510 -0.0320
vn 0.3105 -0.9506 -0.0015
vn -0.0519 -0.9987 0.0017
vn 0.2522 -0.7721 -0.5833
vn 0.3075 -0.9510 -0.0321
vn 0.0502 -0.9982 -0.0314
vn -0.0443 -0.8115 -0.5827
vn 0.9986 0.0526 -0.0017
vn 0.9986 -0.0449 -0.0273
vn 0.9520 0.3059 -0.0131
vn 0.9519 0.3064 0.0013
vn 0.7734 0.2495 -0.5828
vn 0.9520 0.3060 -0.0131
vn 0.9986 -0.0451 -0.0271
vn -0.3573 0.9335 -0.0294
vn -0.2581 0.9661 -0.0009
vn 0.0537 0.9986 0.0016
vn -0.0443 0.8116 -0.5826
vn -0.2934 0.7581 -0.5824
vn -0.3575 0.9334 -0.0292
vn -0.0473 0.9986 -0.0251
vn -0.9504 -0.3109 0.0010
vn -0.9511 -0.3060 -0.0408
vn -0.8107 -0.5848 -0.0290
vn -0.8073 -0.5902 0.0021
vn -0.6570 -0.4796 -0.5817
vn -0.8106 -0.5848 -0.0290
vn -0.5435 -0.8389 -0.0284
vn -0.2603 -0.9651 -0.0300
vn -0.3609 -0.9326 -0.0017
vn -0.6272 -0.7789 0.0004
vn -0.2936 -0.7579 -0.5826
vn -0.2601 -0.9651 -0.0299
vn -0.5435 -0.8389 -0.0285
vn 0.9516 -0.3044 -0.0423
vn 0.9518 -0.3067 0.0014
vn 0.7760 -0.6307 0.0010
vn 0.7608 -0.2939 -0.5786
vn 0.9517 -0.3042 -0.0422
vn 0.8359 -0.5477 -0.0370
vn 0.6575 -0.4763 -0.5838
vn 0.5895 0.8078 0.0011
vn 0.5868 0.8087 -0.0409
vn 0.3107 0.9505 -0.0015
vn 0.2524 0.7720 -0.5834
vn 0.3096 0.9508 -0.0118
vn 0.5869 0.8087 -0.0409
vn 0.5118 0.6333 -0.5806
vn -0.8394 0.5435 0.0016
vn -0.7788 0.6270 -0.0187
vn -0.9508 0.3088 -0.0248
vn -0.9504 0.3109 0.0010
vn -0.6570 0.4797 -0.5816
vn -0.7855 0.2096 -0.5822
vn -0.7787 0.6271 -0.0186
vn 0.3106 -0.9505 -0.0015
vn 0.3076 -0.9510 -0.0320
vn 0.5894 -0.8078 0.0011
vn 0.2524 -0.7720 -0.5834
vn 0.5118 -0.6332 -0.5806
vn 0.5862 -0.8099 -0.0198
vn 0.3076 -0.9510 -0.0322
vn 0.9519 0.3061 -0.0131
vn 0.7777 0.6273 -0.0408
vn 0.8402 0.5422 -0.0000
vn 0.9518 0.3066 0.0014
vn 0.7733 0.2496 -0.5828
vn 0.6574 0.4764 -0.5839
vn 0.9520 0.3059 -0.0130
vn -0.3575 0.9335 -0.0294
vn -0.5863 0.8082 -0.0562
vn -0.5871 0.8095 0.0032
vn -0.2583 0.9661 -0.0009
vn -0.2936 0.7579 -0.5826
vn -0.4796 0.6563 -0.5824
vn -0.5863 0.8081 -0.0563
vn -0.3575 0.9334 -0.0295
vn -0.9180 -0.2519 -0.3062
vn -0.9520 -0.0000 -0.3060
vn -0.8890 -0.3428 -0.3035
vn 0.7679 -0.5620 -0.3073
vn 0.8881 -0.3432 -0.3057
vn 0.9202 -0.2485 -0.3025
vn -0.7695 -0.5610 -0.3052
vn -0.9179 -0.2522 -0.3063
vn -0.8889 -0.3431 -0.3035
vn 0.0014 0.9518 -0.3066
vn 0.2941 0.9045 -0.3089
vn 0.9202 -0.2484 -0.3025
vn 0.8882 -0.3431 -0.3057
vn 0.9525 -0.0001 -0.3046
vn -0.7694 -0.5612 -0.3051
vn -0.6032 -0.7363 -0.3067
vn -0.5211 -0.7973 -0.3046
vn 0.0013 0.9519 -0.3065
vn -0.2430 0.9214 -0.3033
vn -0.3376 0.8915 -0.3020
vn -0.5210 -0.7974 -0.3045
vn -0.6031 -0.7364 -0.3066
vn -0.2938 -0.9063 -0.3039
vn -0.3379 0.8914 -0.3020
vn -0.2434 0.9213 -0.3033
vn -0.5167 0.7998 -0.3054
vn -0.5979 0.7409 -0.3059
vn -0.0461 -0.9521 -0.3023
vn -0.2937 -0.9063 -0.3039
vn 0.0513 -0.9507 -0.3058
vn -0.5981 0.7407 -0.3059
vn -0.5168 0.7998 -0.3053
vn -0.7380 0.6026 -0.3037
vn -0.7971 0.5192 -0.3084
vn 0.9046 0.2965 -0.3062
vn 0.9525 -0.0000 -0.3046
vn 0.9525 0.0001 -0.3046
vn 0.2500 -0.9190 -0.3050
vn -0.0460 -0.9521 -0.3022
vn 0.0515 -0.9507 -0.3058
vn 0.3458 -0.8869 -0.3062
vn -0.7971 0.5191 -0.3084
vn -0.7381 0.6025 -0.3036
vn -0.8889 0.3431 -0.3035
vn -0.9180 0.2520 -0.3062
vn 0.9046 0.2966 -0.3062
vn 0.7680 0.5619 -0.3073
vn 0.7679 0.5620 -0.3073
vn -0.9180 0.2519 -0.3063
vn -0.8890 0.3428 -0.3035
vn -0.9520 0.0001 -0.3060
vn 0.5615 0.7694 -0.3045
vn 0.7678 0.5622 -0.3073
vn 0.5616 0.7693 -0.3046
vn -0.9323 0.3617 0.0022
vn -0.8073 0.5901 0.0021
vn -0.8073 0.5902 -0.0000
vn -0.9652 0.2614 -0.0002
vn -0.0012 -0.0001 -1.0000
vn -0.0012 0.0001 -1.0000
vn -0.0010 0.0002 -1.0000
vn -0.0010 -0.0001 -1.0000
vn -0.0011 -0.0001 -1.0000
vn -0.0008 -0.0000 -1.0000
vn 0.3590 -0.9333 -0.0014
vn 0.2573 -0.9663 -0.0001
vn 0.5895 -0.8078 0.0011
vn 0.5895 -0.8078 -0.0000
vn -0.9323 0.3617 0.0021
vn -0.9653 0.2611 0.0001
vn -0.9986 -0.0528 0.0018
vn 0.8077 -0.5896 -0.0000
vn 0.5897 -0.8076 -0.0001
vn 0.8076 -0.5897 -0.0013
vn -0.9653 -0.2612 0.0001
vn -0.9986 0.0528 0.0017
vn -0.9986 -0.0529 0.0017
vn -0.9324 -0.3615 0.0022
vn 0.5443 0.8389 -0.0013
vn 0.6279 0.7783 -0.0000
vn 0.3589 0.9334 -0.0014
vn 0.2572 0.9663 -0.0001
vn 0.8077 -0.5896 -0.0013
vn 0.8078 -0.5895 -0.0000
vn 0.9339 -0.3575 0.0006
vn 0.9655 -0.2604 -0.0001
vn 0.2571 0.9664 -0.0009
vn 0.3588 0.9334 -0.0001
vn 0.0541 0.9985 0.0016
vn -0.0519 0.9987 -0.0000
vn -0.3116 -0.9502 0.0001
vn -0.5871 -0.8095 0.0032
vn -0.3116 -0.9502 -0.0003
vn -0.3117 0.9502 -0.0003
vn -0.3117 0.9502 -0.0000
vn -0.5871 0.8095 0.0031
vn -0.3115 -0.9502 -0.0002
vn -0.3115 -0.9502 -0.0000
vn -0.0521 -0.9986 0.0016
vn 0.0538 -0.9986 -0.0000
vn 0.9518 0.3068 0.0014
vn 0.8402 0.5423 -0.0001
vn 0.7760 0.6307 0.0010
vn -0.2581 -0.9661 -0.0010
vn 0.0539 -0.9985 0.0016
vn -0.9505 0.3108 0.0010
vn -0.9505 0.3108 0.0011
vn -0.9986 -0.0528 0.0017
vn 0.7760 0.6308 0.0010
vn 0.6280 0.7782 0.0008
vn -0.0518 -0.9987 0.0017
vn 0.2571 -0.9664 -0.0009
vn 0.3587 -0.9335 -0.0014
vn 0.5441 0.8390 -0.0013
vn 0.6278 0.7784 0.0008
vn 0.3590 0.9333 -0.0015
vn 0.2574 0.9663 -0.0008
vn 0.3588 -0.9334 -0.0014
vn 0.2573 -0.9663 -0.0008
vn 0.5441 -0.8390 -0.0013
vn 0.6278 -0.7783 0.0008
vn 0.3588 0.9334 -0.0014
vn -0.0517 0.9987 0.0017
vn -0.9652 -0.2614 -0.0002
vn -0.9346 -0.3556 -0.0018
vn -0.0520 0.9986 0.0017
vn -0.2582 0.9661 -0.0009
vn -0.3607 0.9327 -0.0018
vn 0.8402 -0.5423 -0.0000
vn 0.7761 -0.6306 0.0010
vn 0.9517 -0.3071 0.0013
vn 0.9517 -0.3070 0.0013
vn -0.3608 0.9326 -0.0018
vn -0.5453 0.8382 -0.0006
vn -0.6323 0.7748 -0.0008
vn 0.9986 -0.0525 -0.0017
vn 0.9519 -0.3064 0.0013
vn 0.9986 0.0525 -0.0017
vn -0.7753 -0.6316 -0.0002
vn -0.8391 -0.5439 0.0015
vn -0.6274 -0.7787 0.0004
vn -0.5455 -0.8381 -0.0006
vn -0.6322 0.7748 -0.0009
vn -0.5454 0.8382 -0.0006
vn -0.8070 0.5906 0.0021
vn 0.9519 0.3065 0.0013
vn -0.5454 -0.8382 -0.0006
vn -0.6273 -0.7787 0.0004
vn -0.3607 -0.9327 -0.0018
vn -0.2581 -0.9661 -0.0009
vn -0.8073 0.5902 0.0021
vn 0.1203 -0.3676 -0.9222
vn 0.0842 -0.2561 -0.9630
vn 0.1716 -0.5254 -0.8334
vn -0.0221 -0.0641 -0.9977
vn 0.0743 -0.0716 -0.9947
vn 0.1213 -0.0452 -0.9916
vn 0.0647 0.0490 -0.9967
vn 0.0744 -0.0716 -0.9947
vn -0.0426 0.0942 -0.9946
vn 0.0842 0.2561 -0.9630
vn 0.1204 0.3676 -0.9222
vn -0.0972 0.0302 -0.9948
vn -0.0844 0.0075 -0.9964
vn -0.0428 0.0940 -0.9946
vn -0.0040 0.2272 -0.9738
vn -0.0221 -0.0640 -0.9977
vn -0.3107 -0.2207 -0.9245
vn -0.2114 -0.1581 -0.9645
vn -0.0844 0.0076 -0.9964
vn -0.0767 -0.2421 -0.9672
vn 0.3818 -0.0000 -0.9243
vn 0.2662 -0.0038 -0.9639
vn 0.5477 -0.0000 -0.8367
vn 0.5479 -0.0000 -0.8365
vn -0.0039 0.2275 -0.9738
vn -0.0426 0.0941 -0.9947
vn 0.0649 0.0490 -0.9967
vn 0.0647 0.0491 -0.9967
vn -0.0843 0.0076 -0.9964
vn -0.3098 0.2281 -0.9230
vn -0.2158 0.1576 -0.9636
vn -0.4440 0.3261 -0.8346
vn -0.0843 0.0079 -0.9964
vn -0.0971 0.0307 -0.9948
vn -0.0768 -0.2423 -0.9672
vn -0.0220 -0.0642 -0.9977
vn -0.4414 -0.3189 -0.8387
vn -0.4414 -0.3190 -0.8387
vn 0.1716 0.5254 -0.8334
vn 0.1715 0.5254 -0.8334
vn 0.5315 0.8427 0.0862
vn 0.5706 0.8170 0.0830
vn 0.4940 0.8667 0.0692
vn 0.5188 0.8549 0.0011
vn 0.6178 0.7836 0.0651
vn 0.6536 0.7568 0.0016
vn 0.9663 -0.2419 0.0880
vn 0.9536 -0.2896 0.0822
vn 0.9761 -0.2063 0.0685
vn 0.9373 -0.3423 0.0649
vn 0.9215 -0.3885 -0.0002
vn -0.9249 -0.3697 0.0886
vn -0.9423 -0.3247 0.0814
vn -0.9094 -0.4096 0.0719
vn -0.9224 -0.3863 -0.0014
vn -0.9591 -0.2753 0.0657
vn -0.9731 -0.2305 0.0006
vn -0.6360 0.7669 0.0859
vn -0.6020 0.7944 0.0807
vn -0.6694 0.7396 0.0702
vn -0.6530 0.7573 -0.0005
vn -0.5551 0.8292 0.0662
vn -0.5199 0.8542 -0.0029
vn -0.9591 0.2753 0.0657
vn -0.9249 0.3697 0.0886
vn -0.9423 0.3247 0.0814
vn -0.9730 0.2306 0.0005
vn -0.9224 0.3863 -0.0013
vn -0.9094 0.4096 0.0723
vn -0.5551 -0.8291 0.0661
vn -0.6360 -0.7669 0.0859
vn -0.6020 -0.7944 0.0807
vn -0.5198 -0.8543 -0.0030
vn -0.6531 -0.7573 -0.0005
vn -0.6692 -0.7398 0.0703
vn 0.6179 -0.7836 0.0652
vn 0.5315 -0.8427 0.0862
vn 0.5706 -0.8170 0.0831
vn 0.6537 -0.7568 0.0016
vn 0.5188 -0.8549 0.0010
vn 0.4940 -0.8667 0.0693
vn 0.9373 0.3424 0.0649
vn 0.9663 0.2419 0.0881
vn 0.9536 0.2896 0.0822
vn 0.9214 0.3886 -0.0002
vn 0.9725 0.2330 -0.0015
vn 0.9761 0.2063 0.0684
vn -0.0009 0.0001 -1.0000
vn -0.0010 0.0001 -1.0000
vn -0.0012 0.0002 -1.0000
vn -0.0014 0.0002 -1.0000
vn -0.0009 -0.0001 -1.0000
vn -0.0013 0.0003 -1.0000
vn -0.0014 -0.0008 -1.0000
vn -0.0013 -0.0002 -1.0000
vn 0.0007 0.0003 1.0000
vn 0.0014 -0.0001 1.0000
vn 0.0012 -0.0001 1.0000
vn 0.0014 0.0001 1.0000
vn 0.0012 0.0004 1.0000
vn -0.0971 0.0302 -0.9948
vn 0.1211 -0.0452 -0.9916
vn -0.0766 -0.2419 -0.9673
vn -0.0039 0.2273 -0.9738
vn -0.0008 -0.0001 -1.0000
vn 0.0099 0.0302 0.9995
vn 0.0012 0.0302 0.9995
vn 0.0013 -0.0302 0.9995
vn 0.0099 -0.0302 0.9995
vn -0.0292 0.0076 0.9995
vn -0.0291 0.0001 0.9996
vn -0.0249 0.0150 0.9996
vn -0.0291 0.0075 0.9995
vn -0.0162 -0.0227 0.9996
vn -0.0076 -0.0302 0.9995
vn 0.0320 0.0001 0.9995
vn 0.0277 0.0075 0.9996
vn -0.0162 0.0228 0.9996
vn -0.0248 0.0153 0.9996
vn 0.0015 0.0002 1.0000
vn -0.0248 -0.0152 0.9996
vn -0.0163 -0.0227 0.9996
vn 0.0277 -0.0075 0.9996
vn 0.0320 -0.0001 0.9995
vn -0.0076 0.0302 0.9995
vn -0.0162 0.0227 0.9996
vn -0.0291 -0.0075 0.9995
vn -0.0248 -0.0150 0.9996
vn 0.0232 -0.0151 0.9996
vn 0.0011 0.0302 0.9995
vn -0.0075 0.0302 0.9995
vn -0.0291 -0.0000 0.9996
vn -0.0292 -0.0076 0.9995
vn 0.0189 -0.0227 0.9996
vn 0.0232 -0.0152 0.9996
vn 0.0188 -0.0227 0.9996
vn 0.0188 0.0227 0.9996
vn 0.0100 0.0302 0.9995
vn 0.0232 0.0152 0.9996
vn 0.0188 0.0228 0.9996
vn 0.0011 -0.0302 0.9995
vn 0.0232 0.0151 0.9996
vn -0.9497 0.3121 -0.0278
vn -0.9983 -0.0450 -0.0383
vn -0.9505 0.3107 0.0011
vn -0.1918 0.0527 -0.9800
vn -0.1451 -0.0075 -0.9894
vn -0.9982 -0.0455 -0.0383
vn -0.9497 0.3120 -0.0278
vn -0.1529 -0.0565 -0.9866
vn -0.0495 -0.0114 -0.9987
vn -0.0449 -0.0263 -0.9986
vn -0.1044 -0.0791 -0.9914
vn -0.0449 -0.0264 -0.9986
vn -0.0317 -0.0377 -0.9988
vn -0.1013 -0.1316 -0.9861
vn -0.0064 -0.1687 -0.9857
vn -0.0051 -0.0527 -0.9986
vn 0.0125 -0.0528 -0.9985
vn 0.0611 -0.1833 -0.9812
vn 0.0125 -0.0529 -0.9985
vn 0.0296 -0.0415 -0.9987
vn 0.1042 -0.1313 -0.9859
vn 0.0296 -0.0414 -0.9987
vn 0.0382 -0.0340 -0.9987
vn 0.1048 -0.0715 -0.9919
vn 0.0511 -0.0189 -0.9985
vn 0.1867 -0.0678 -0.9801
vn 0.1422 -0.0038 -0.9898
vn 0.1868 -0.0678 -0.9801
vn 0.0511 -0.0188 -0.9985
vn 0.0510 0.0038 -0.9987
vn 0.0510 0.0039 -0.9987
vn 0.0510 0.0113 -0.9986
vn 0.1865 0.0602 -0.9806
vn 0.1864 0.0602 -0.9806
vn 0.0425 0.0339 -0.9985
vn 0.1274 0.0902 -0.9877
vn 0.1042 0.1313 -0.9859
vn 0.1275 0.0903 -0.9877
vn 0.0426 0.0339 -0.9985
vn 0.0296 0.0414 -0.9987
vn 0.0611 0.1833 -0.9812
vn 0.1042 0.1314 -0.9858
vn 0.0296 0.0415 -0.9987
vn 0.0125 0.0528 -0.9985
vn -0.0040 0.1465 -0.9892
vn -0.0139 0.0490 -0.9987
vn -0.0702 0.1871 -0.9798
vn -0.2592 -0.9651 -0.0369
vn 0.0500 -0.9980 -0.0399
vn -0.0064 -0.1687 -0.9856
vn 0.0502 -0.9980 -0.0396
vn -0.2593 -0.9651 -0.0369
vn -0.0556 -0.1575 -0.9860
vn -0.1380 0.1016 -0.9852
vn -0.0405 0.0302 -0.9987
vn -0.0494 0.0189 -0.9986
vn -0.1917 0.0528 -0.9800
vn -0.0495 -0.0038 -0.9988
vn -0.0495 -0.0113 -0.9987
vn -0.9982 -0.0454 -0.0383
vn -0.9513 -0.3029 -0.0567
vn -0.9505 -0.3107 0.0011
vn -0.1450 -0.0075 -0.9894
vn -0.1528 -0.0564 -0.9866
vn -0.9513 -0.3030 -0.0567
vn -0.9982 -0.0453 -0.0382
vn 0.7421 -0.5377 -0.4003
vn 0.5050 -0.7670 -0.3957
vn 0.5791 -0.7119 -0.3973
vn 0.7422 -0.5374 -0.4004
vn 0.9519 -0.3066 0.0013
vn 0.9510 -0.3037 -0.0573
vn 0.9983 -0.0451 -0.0361
vn 0.9986 0.0523 -0.0017
vn 0.1422 -0.0037 -0.9898
vn 0.9983 -0.0452 -0.0359
vn 0.9510 -0.3038 -0.0572
vn 0.1868 -0.0677 -0.9801
vn 0.3084 0.9510 -0.0219
vn -0.0509 0.9979 -0.0402
vn 0.0610 0.1835 -0.9811
vn -0.0040 0.1463 -0.9892
vn 0.3084 0.9510 -0.0216
vn -0.8076 -0.5886 -0.0366
vn -0.5456 -0.8371 -0.0395
vn -0.1015 -0.1312 -0.9861
vn -0.5456 -0.8371 -0.0397
vn -0.8077 -0.5885 -0.0364
vn -0.1043 -0.0792 -0.9914
vn 0.5841 -0.8111 -0.0310
vn 0.8366 -0.5457 -0.0474
vn 0.1042 -0.1312 -0.9859
vn 0.1046 -0.0715 -0.9919
vn 0.8367 -0.5456 -0.0473
vn 0.5841 -0.8111 -0.0309
vn 0.7752 0.6296 -0.0513
vn 0.5862 0.8082 -0.0571
vn 0.1042 0.1312 -0.9859
vn 0.5861 0.8082 -0.0569
vn 0.7752 0.6296 -0.0511
vn -0.5873 0.8093 0.0031
vn -0.5877 0.8057 -0.0738
vn -0.7797 0.6255 -0.0272
vn -0.8392 0.5438 0.0015
vn -0.1379 0.1015 -0.9852
vn -0.7797 0.6256 -0.0270
vn -0.5876 0.8058 -0.0736
vn -0.0768 0.1056 -0.9914
vn 0.0502 -0.9979 -0.0398
vn 0.3101 -0.9500 -0.0358
vn 0.0611 -0.1834 -0.9811
vn 0.3102 -0.9500 -0.0353
vn 0.0500 -0.9980 -0.0396
vn -0.0063 -0.1687 -0.9857
vn 0.9983 -0.0449 -0.0361
vn 0.9499 0.3118 -0.0216
vn 0.9498 0.3121 -0.0216
vn 0.9983 -0.0450 -0.0360
vn 0.1422 -0.0039 -0.9898
vn -0.0511 0.9979 -0.0402
vn -0.3519 0.9353 -0.0368
vn -0.2581 0.9661 -0.0010
vn -0.0040 0.1466 -0.9892
vn -0.0701 0.1874 -0.9798
vn -0.3521 0.9352 -0.0364
vn -0.0509 0.9979 -0.0398
vn -0.9504 -0.3111 0.0010
vn -0.9513 -0.3031 -0.0568
vn -0.8077 -0.5885 -0.0365
vn -0.1528 -0.0565 -0.9866
vn -0.5454 -0.8373 -0.0395
vn -0.2594 -0.9650 -0.0370
vn -0.3608 -0.9326 -0.0017
vn -0.6272 -0.7789 0.0003
vn -0.0555 -0.1578 -0.9859
vn -0.2591 -0.9652 -0.0363
vn -0.5455 -0.8372 -0.0395
vn -0.1013 -0.1314 -0.9861
vn 0.8367 -0.5456 -0.0474
vn 0.9518 -0.3067 0.0013
vn 0.9510 -0.3038 -0.0571
vn 0.8367 -0.5456 -0.0471
vn 0.1047 -0.0716 -0.9919
vn 0.5860 0.8083 -0.0571
vn 0.3086 0.9509 -0.0218
vn 0.0611 0.1831 -0.9812
vn 0.3085 0.9510 -0.0219
vn 0.5860 0.8083 -0.0570
vn -0.8394 0.5435 0.0015
vn -0.7798 0.6254 -0.0272
vn -0.9496 0.3121 -0.0278
vn -0.9504 0.3111 0.0010
vn -0.1379 0.1016 -0.9852
vn -0.1917 0.0527 -0.9800
vn -0.9497 0.3120 -0.0277
vn -0.7798 0.6255 -0.0269
vn 0.9498 0.3120 -0.0216
vn 0.7753 0.6295 -0.0512
vn 0.8403 0.5422 -0.0000
vn 0.9518 0.3066 0.0013
vn 0.1863 0.0602 -0.9806
vn 0.1274 0.0901 -0.9877
vn 0.7751 0.6297 -0.0511
vn 0.9499 0.3118 -0.0215
vn -0.3522 0.9352 -0.0367
vn -0.5875 0.8058 -0.0738
vn -0.0702 0.1876 -0.9797
vn -0.0769 0.1052 -0.9915
vn -0.5877 0.8057 -0.0737
vn -0.3518 0.9354 -0.0360
vn -0.8863 -0.2382 -0.3972
vn -0.9166 -0.0041 -0.3999
vn -0.9165 -0.0039 -0.3999
vn -0.8565 -0.3306 -0.3964
vn 0.5363 0.7427 -0.4010
vn 0.2825 0.8717 -0.4005
vn 0.7423 -0.5374 -0.4003
vn 0.7423 -0.5373 -0.4003
vn 0.8564 -0.3317 -0.3956
vn 0.8849 -0.2405 -0.3989
vn -0.7430 -0.5386 -0.3973
vn -0.8862 -0.2383 -0.3972
vn -0.8564 -0.3308 -0.3964
vn -0.7431 -0.5385 -0.3973
vn -0.0025 0.9168 -0.3993
vn 0.2823 0.8718 -0.4004
vn 0.2824 0.8717 -0.4004
vn -0.0024 0.9168 -0.3993
vn 0.8849 -0.2403 -0.3989
vn 0.8565 -0.3316 -0.3956
vn 0.9171 -0.0001 -0.3986
vn -0.5792 -0.7120 -0.3969
vn -0.5016 -0.7687 -0.3969
vn -0.0026 0.9168 -0.3993
vn -0.2342 0.8855 -0.4013
vn -0.3281 0.8565 -0.3984
vn -0.5015 -0.7688 -0.3968
vn -0.2829 -0.8726 -0.3982
vn -0.3283 0.8564 -0.3984
vn -0.2344 0.8854 -0.4015
vn -0.4981 0.7696 -0.3996
vn -0.5749 0.7149 -0.3979
vn -0.0449 -0.9175 -0.3952
vn -0.2828 -0.8726 -0.3982
vn 0.0513 -0.9152 -0.3996
vn -0.5751 0.7148 -0.3979
vn -0.4982 0.7696 -0.3995
vn -0.7118 0.5784 -0.3985
vn -0.7673 0.5009 -0.4005
vn 0.8714 0.2833 -0.4005
vn 0.9171 0.0001 -0.3986
vn 0.8714 0.2832 -0.4005
vn 0.2397 -0.8868 -0.3951
vn -0.0447 -0.9175 -0.3953
vn 0.0515 -0.9152 -0.3996
vn 0.3311 -0.8542 -0.4010
vn -0.7674 0.5007 -0.4005
vn -0.7119 0.5782 -0.3985
vn -0.8564 0.3309 -0.3964
vn -0.8862 0.2385 -0.3972
vn 0.8714 0.2834 -0.4005
vn 0.7423 0.5373 -0.4003
vn 0.7423 0.5374 -0.4003
vn 0.5049 -0.7671 -0.3957
vn 0.2401 -0.8867 -0.3952
vn 0.3313 -0.8541 -0.4009
vn 0.5789 -0.7120 -0.3973
vn -0.8863 0.2382 -0.3972
vn -0.8565 0.3307 -0.3964
vn -0.9166 -0.0036 -0.3999
vn -0.9165 -0.0036 -0.3999
vn 0.5365 0.7426 -0.4009
vn 0.7422 0.5376 -0.4002
vn -0.9346 0.3557 -0.0018
vn -0.8073 0.5901 -0.0000
vn -0.0018 -0.0000 -1.0000
vn -0.0009 -0.0000 -1.0000
vn -0.0002 0.0001 -1.0000
vn 0.9339 0.3574 0.0006
vn 0.9655 0.2604 -0.0000
vn 0.7761 0.6306 -0.0000
vn 0.3589 -0.9334 -0.0014
vn 0.2574 -0.9663 -0.0000
vn 0.5895 -0.8078 0.0012
vn 0.5894 -0.8078 -0.0001
vn -0.9346 0.3556 -0.0018
vn -0.9653 0.2612 -0.0001
vn 0.7759 0.6309 0.0010
vn 0.5443 0.8389 -0.0001
vn -0.9653 -0.2612 -0.0000
vn -0.9347 -0.3555 -0.0018
vn 0.5442 0.8390 -0.0013
vn 0.2573 0.9663 0.0001
vn 0.8077 -0.5896 -0.0012
vn 0.9655 -0.2605 -0.0001
vn -0.8073 -0.5902 -0.0000
vn -0.9652 -0.2613 -0.0002
vn -0.9346 -0.3557 -0.0018
vn 0.3588 0.9334 -0.0000
vn 0.0539 0.9985 0.0015
vn 0.9656 -0.2600 0.0007
vn 0.9340 -0.3573 -0.0001
vn 0.9986 -0.0526 -0.0017
vn 0.9986 0.0526 -0.0002
vn -0.0521 0.9986 0.0016
vn 0.0538 0.9986 -0.0000
vn -0.3115 0.9502 -0.0003
vn -0.3115 0.9502 -0.0000
vn -0.3117 -0.9502 -0.0000
vn -0.5871 -0.8095 0.0031
vn -0.3117 -0.9502 -0.0003
vn -0.3116 0.9502 -0.0003
vn 0.9986 0.0526 -0.0016
vn 0.9986 -0.0526 -0.0002
vn 0.9656 0.2600 0.0007
vn 0.9340 0.3573 -0.0001
vn 0.9518 0.3067 0.0014
vn 0.8403 0.5421 -0.0000
vn 0.7761 0.6306 0.0010
vn -0.9986 -0.0528 0.0016
vn 0.8401 0.5425 -0.0000
vn 0.6284 0.7779 0.0008
vn 0.5447 0.8386 -0.0013
vn 0.0540 -0.9985 0.0016
vn 0.3588 -0.9334 -0.0015
vn 0.3591 0.9333 -0.0014
vn 0.2574 0.9663 -0.0009
vn 0.2571 0.9664 -0.0008
vn -0.0519 0.9986 0.0016
vn 0.6279 -0.7783 0.0008
vn 0.5442 -0.8390 -0.0012
vn 0.7760 -0.6308 0.0010
vn -0.9986 0.0527 0.0017
vn -0.9653 -0.2613 -0.0002
vn -0.9323 -0.3617 0.0021
vn -0.0523 0.9986 0.0017
vn 0.0536 0.9986 0.0016
vn -0.3606 0.9327 -0.0017
vn -0.9322 -0.3620 0.0022
vn -0.9651 -0.2618 -0.0002
vn -0.8395 -0.5434 0.0015
vn -0.7757 -0.6311 -0.0000
vn -0.2580 0.9661 -0.0008
vn -0.5455 0.8381 -0.0006
vn -0.6275 0.7786 0.0004
vn -0.7754 -0.6315 -0.0001
vn -0.8393 -0.5437 0.0016
vn -0.5456 0.8380 -0.0005
vn -0.8070 0.5905 0.0021
vn 0.9986 -0.0523 -0.0016
vn 0.9986 0.0528 -0.0016
vn 0.9519 0.3063 0.0013
vn -0.5451 -0.8384 -0.0005
vn -0.6270 -0.7790 0.0004
vn -0.3610 -0.9326 -0.0018
vn -0.2586 -0.9660 -0.0007
vn -0.9503 0.3113 0.0011
vn -0.8075 0.5899 0.0021
vn -0.8074 0.5900 0.0020
vn -0.9503 0.3114 0.0011
vn 0.0923 -0.2775 -0.9563
vn 0.0619 -0.1908 -0.9797
vn 0.1329 -0.4141 -0.9005
vn -0.0139 -0.0490 -0.9987
vn 0.0560 -0.0490 -0.9972
vn 0.0907 -0.0339 -0.9953
vn 0.0472 0.0340 -0.9983
vn 0.0562 -0.0490 -0.9972
vn -0.0627 0.0001 -0.9980
vn -0.0713 0.0190 -0.9973
vn -0.0585 -0.1762 -0.9826
vn -0.0626 -0.0000 -0.9980
vn -0.2362 0.1688 -0.9569
vn -0.1588 0.1166 -0.9804
vn -0.0307 0.0678 -0.9972
vn -0.0020 0.1687 -0.9857
vn -0.0307 0.0679 -0.9972
vn 0.0469 0.0340 -0.9983
vn 0.0469 0.0339 -0.9983
vn -0.3519 0.2538 -0.9010
vn -0.3518 0.2536 -0.9011
vn 0.2914 -0.0038 -0.9566
vn 0.1982 -0.0038 -0.9802
vn -0.0582 -0.1762 -0.9826
vn 0.0906 -0.0337 -0.9953
vn -0.0139 -0.0492 -0.9987
vn 0.4376 -0.0038 -0.8992
vn -0.2362 -0.1689 -0.9569
vn -0.1588 -0.1167 -0.9804
vn -0.0626 0.0001 -0.9980
vn -0.0713 0.0187 -0.9973
vn -0.0308 0.0676 -0.9972
vn -0.0021 0.1685 -0.9857
vn -0.3516 -0.2537 -0.9011
vn -0.0307 0.0677 -0.9972
vn 0.0619 0.1907 -0.9797
vn 0.0923 0.2775 -0.9563
vn 0.1329 0.4141 -0.9005
vn 0.5299 0.8402 0.1154
vn 0.5693 0.8144 0.1121
vn 0.4942 0.8643 0.0938
vn 0.5187 0.8550 0.0011
vn 0.6159 0.7833 0.0846
vn 0.6537 0.7568 0.0016
vn 0.0658 -0.9908 0.1184
vn 0.0206 -0.9937 0.1099
vn 0.1066 -0.9899 0.0929
vn 0.0831 -0.9965 -0.0000
vn -0.0377 -0.9955 0.0872
vn -0.0829 -0.9966 0.0001
vn 0.9633 -0.2424 0.1153
vn 0.9506 -0.2903 0.1100
vn 0.9737 -0.2069 0.0955
vn 0.9725 -0.2328 -0.0014
vn 0.9350 -0.3433 0.0887
vn -0.9220 -0.3693 0.1166
vn -0.9379 -0.3286 0.1111
vn -0.9086 -0.4072 0.0931
vn -0.9223 -0.3864 -0.0013
vn -0.9574 -0.2742 0.0902
vn -0.9731 -0.2304 0.0006
vn -0.6345 0.7641 0.1163
vn -0.5998 0.7921 0.1133
vn -0.6666 0.7393 0.0955
vn -0.6530 0.7574 -0.0004
vn -0.5556 0.8268 0.0873
vn -0.5199 0.8542 -0.0028
vn -0.9574 0.2742 0.0903
vn -0.9220 0.3693 0.1167
vn -0.9379 0.3286 0.1111
vn -0.9730 0.2306 0.0006
vn -0.9223 0.3864 -0.0013
vn -0.9086 0.4072 0.0931
vn -0.5556 -0.8268 0.0876
vn -0.6346 -0.7640 0.1164
vn -0.5998 -0.7921 0.1133
vn -0.5198 -0.8543 -0.0028
vn -0.6531 -0.7573 -0.0004
vn -0.6667 -0.7392 0.0955
vn 0.6143 -0.7840 0.0892
vn 0.5299 -0.8402 0.1152
vn 0.5692 -0.8145 0.1122
vn 0.6537 -0.7568 0.0017
vn 0.5187 -0.8549 0.0011
vn 0.4943 -0.8642 0.0939
vn 0.9350 0.3433 0.0887
vn 0.9633 0.2424 0.1153
vn 0.9506 0.2903 0.1100
vn 0.9215 0.3884 -0.0002
vn 0.9725 0.2329 -0.0015
vn 0.9737 0.2068 0.0955
vn -0.0377 0.9955 0.0871
vn 0.0658 0.9908 0.1184
vn 0.0206 0.9937 0.1098
vn -0.0829 0.9966 0.0001
vn 0.0832 0.9965 0.0001
vn 0.1066 0.9900 0.0928
vn -0.0015 -0.0004 -1.0000
vn -0.0012 -0.0002 -1.0000
vn -0.0010 -0.0002 -1.0000
vn -0.0013 0.0004 -1.0000
vn -0.0013 0.0002 -1.0000
vn -0.0005 0.0003 -1.0000
vn 0.0013 -0.0001 1.0000
vn 0.0009 0.0001 1.0000
vn -0.0712 0.0189 -0.9973
vn 0.0904 -0.0338 -0.9953
vn -0.0582 -0.1759 -0.9827
vn -0.0019 0.1685 -0.9857
vn 0.0012 0.0001 1.0000
vn 0.0010 -0.0000 1.0000
vn 0.0008 -0.0000 1.0000
vn 0.0005 -0.0000 1.0000
vn 0.0009 -0.0002 1.0000
vn -0.0100 0.0264 -0.9996
vn -0.0011 0.0302 -0.9995
vn -0.0277 0.0076 -0.9996
vn -0.0232 0.0190 -0.9996
vn -0.0320 -0.0001 -0.9995
vn -0.0277 0.0074 -0.9996
vn 0.0162 0.0264 -0.9995
vn 0.0248 0.0189 -0.9995
vn 0.0248 -0.0189 -0.9995
vn 0.0162 -0.0264 -0.9995
vn -0.0277 -0.0074 -0.9996
vn -0.0320 -0.0000 -0.9995
vn 0.0076 0.0302 -0.9995
vn 0.0162 0.0265 -0.9995
vn 0.0291 -0.0114 -0.9995
vn 0.0249 -0.0189 -0.9995
vn -0.0232 -0.0190 -0.9996
vn -0.0277 -0.0076 -0.9996
vn 0.0075 0.0302 -0.9995
vn 0.0292 -0.0039 -0.9996
vn 0.0292 -0.0114 -0.9995
vn -0.0187 -0.0264 -0.9995
vn -0.0232 -0.0188 -0.9996
vn -0.0100 -0.0264 -0.9996
vn -0.0187 0.0263 -0.9995
vn -0.0100 0.0263 -0.9996
vn -0.0012 -0.0302 -0.9995
vn -0.0232 0.0188 -0.9996
vn -0.0187 0.0264 -0.9995
vn 0.0292 0.0114 -0.9995
vn 0.0291 -0.0037 -0.9996
vn 0.0076 -0.0302 -0.9995
vn 0.0249 0.0188 -0.9995
vn 0.0292 0.0112 -0.9995
vn 0.0162 -0.0265 -0.9995
vn 0.9510 0.3077 0.0301
vn 0.9983 -0.0448 0.0384
vn 0.1918 0.0529 0.9800
vn 0.1450 -0.0075 0.9894
vn 0.9982 -0.0453 0.0383
vn 0.9510 0.3078 0.0301
vn 0.1527 -0.0604 0.9864
vn 0.0495 -0.0151 0.9987
vn 0.0449 -0.0302 0.9985
vn 0.1045 -0.0754 0.9917
vn 0.0449 -0.0301 0.9985
vn 0.0316 -0.0378 0.9988
vn 0.1016 -0.1279 0.9866
vn 0.0556 -0.1578 0.9859
vn 0.0184 -0.0453 0.9988
vn 0.0050 -0.0528 0.9986
vn 0.0067 -0.1652 0.9862
vn 0.0049 -0.0529 0.9986
vn -0.0124 -0.0529 0.9985
vn -0.0615 -0.1872 0.9804
vn -0.0615 -0.1873 0.9804
vn -0.0125 -0.0529 0.9985
vn -0.0297 -0.0453 0.9985
vn -0.1038 -0.1278 0.9864
vn -0.1039 -0.1278 0.9863
vn -0.0381 -0.0302 0.9988
vn -0.1049 -0.0754 0.9916
vn -0.0510 -0.0151 0.9986
vn -0.1868 -0.0678 0.9801
vn -0.1039 0.1277 0.9864
vn -0.1274 0.0904 0.9877
vn -0.0425 0.0302 0.9986
vn -0.0297 0.0453 0.9985
vn -0.0615 0.1872 0.9804
vn -0.1038 0.1278 0.9864
vn -0.0125 0.0529 0.9985
vn 0.0043 0.1427 0.9898
vn -0.0124 0.0529 0.9985
vn 0.0769 0.1056 0.9914
vn 0.0702 0.1876 0.9797
vn 0.0140 0.0453 0.9989
vn 0.0316 0.0377 0.9988
vn 0.1382 0.0979 0.9856
vn 0.0316 0.0378 0.9988
vn 0.0405 0.0301 0.9987
vn 0.2600 -0.9648 0.0384
vn -0.0519 -0.9980 0.0366
vn 0.0068 -0.1649 0.9863
vn -0.0521 -0.9980 0.0367
vn 0.2602 -0.9648 0.0384
vn 0.0555 -0.1575 0.9860
vn 0.1382 0.0978 0.9856
vn 0.0405 0.0302 0.9987
vn 0.0495 0.0151 0.9987
vn 0.1917 0.0528 0.9800
vn 0.9982 -0.0452 0.0384
vn 0.9515 -0.3024 0.0570
vn 0.1449 -0.0075 0.9894
vn 0.1527 -0.0603 0.9864
vn -0.7422 -0.5375 0.4002
vn -0.5030 -0.7665 0.3992
vn -0.5780 -0.7118 0.3991
vn -0.7423 -0.5374 0.4003
vn -0.9497 -0.3074 0.0595
vn -0.9981 -0.0490 0.0364
vn -0.1422 -0.0077 0.9898
vn -0.9981 -0.0490 0.0363
vn -0.9497 -0.3075 0.0594
vn -0.3095 0.9507 0.0200
vn 0.0509 0.9979 0.0402
vn -0.0521 0.9986 0.0017
vn -0.0615 0.1871 0.9804
vn 0.0043 0.1428 0.9897
vn 0.0510 0.9979 0.0401
vn -0.3096 0.9507 0.0200
vn 0.8096 -0.5856 0.0400
vn 0.5463 -0.8366 0.0406
vn 0.6281 -0.7781 0.0008
vn 0.1016 -0.1277 0.9866
vn 0.5461 -0.8367 0.0405
vn 0.8096 -0.5857 0.0399
vn 0.1046 -0.0753 0.9917
vn -0.5869 -0.8092 0.0260
vn -0.8362 -0.5463 0.0482
vn -0.7754 -0.6314 -0.0001
vn -0.5872 -0.8094 0.0032
vn -0.1038 -0.1277 0.9864
vn -0.1048 -0.0754 0.9916
vn -0.8362 -0.5463 0.0481
vn -0.5869 -0.8093 0.0259
vn -0.7774 0.6273 0.0475
vn -0.5855 0.8085 0.0584
vn -0.1040 0.1276 0.9864
vn -0.5854 0.8087 0.0584
vn -0.7775 0.6271 0.0475
vn -0.1273 0.0902 0.9877
vn 0.5867 0.8066 0.0719
vn 0.7771 0.6290 0.0226
vn 0.1382 0.0981 0.9855
vn 0.7770 0.6291 0.0223
vn 0.5867 0.8066 0.0721
vn 0.0770 0.1053 0.9915
vn -0.0520 -0.9980 0.0365
vn -0.3074 -0.9507 0.0405
vn -0.3115 -0.9503 -0.0002
vn 0.0538 -0.9986 0.0016
vn -0.3074 -0.9507 0.0403
vn -0.0519 -0.9980 0.0362
vn 0.0067 -0.1653 0.9862
vn -0.9506 0.3099 0.0205
vn -0.1865 0.0602 0.9806
vn -0.9505 0.3100 0.0203
vn -0.9981 -0.0491 0.0363
vn -0.1421 -0.0075 0.9898
vn 0.0511 0.9979 0.0403
vn 0.3547 0.9341 0.0414
vn -0.0519 0.9987 0.0017
vn 0.0044 0.1426 0.9898
vn 0.0702 0.1873 0.9798
vn 0.3549 0.9340 0.0415
vn 0.0510 0.9979 0.0403
vn 0.9514 -0.3026 0.0570
vn 0.8097 -0.5854 0.0400
vn 0.1526 -0.0603 0.9864
vn 0.1046 -0.0751 0.9917
vn 0.8096 -0.5856 0.0398
vn 0.9515 -0.3024 0.0569
vn 0.5461 -0.8367 0.0407
vn 0.6280 -0.7782 0.0008
vn 0.0555 -0.1579 0.9859
vn 0.2599 -0.9649 0.0378
vn 0.5462 -0.8366 0.0406
vn 0.1015 -0.1277 0.9866
vn -0.8363 -0.5462 0.0482
vn -0.9496 -0.3076 0.0596
vn -0.7755 -0.6313 -0.0001
vn -0.1868 -0.0679 0.9800
vn -0.9497 -0.3076 0.0595
vn -0.8363 -0.5462 0.0483
vn -0.1048 -0.0751 0.9916
vn -0.5853 0.8087 0.0584
vn -0.3096 0.9506 0.0200
vn -0.3117 0.9502 -0.0002
vn -0.0615 0.1873 0.9804
vn -0.5853 0.8087 0.0582
vn 0.1451 -0.0076 0.9894
vn 0.0495 -0.0000 0.9988
vn 0.7772 0.6288 0.0226
vn 0.9518 0.3067 0.0012
vn 0.1917 0.0527 0.9800
vn 0.9511 0.3076 0.0300
vn 0.7771 0.6290 0.0225
vn -0.3075 -0.9507 0.0404
vn -0.5868 -0.8093 0.0260
vn -0.5870 -0.8096 0.0032
vn -0.3075 -0.9507 0.0402
vn -0.9505 0.3101 0.0205
vn -0.7774 0.6272 0.0475
vn -0.8394 0.5436 0.0015
vn -0.1864 0.0603 0.9806
vn -0.1275 0.0901 0.9877
vn 0.3548 0.9340 0.0414
vn 0.5865 0.8067 0.0719
vn 0.2573 0.9663 -0.0008
vn 0.0702 0.1877 0.9797
vn 0.0768 0.1052 0.9915
vn 0.5867 0.8066 0.0720
vn 0.3545 0.9342 0.0409
vn 0.8863 -0.2379 0.3973
vn 0.9166 -0.0001 0.3999
vn 0.9166 -0.0000 0.3999
vn 0.8565 -0.3303 0.3966
vn -0.5372 0.7428 0.3995
vn -0.2834 0.8720 0.3991
vn -0.2833 0.8720 0.3991
vn -0.7424 -0.5373 0.4002
vn -0.8538 -0.3329 0.4001
vn -0.8854 -0.2400 0.3981
vn 0.7421 -0.5409 0.3958
vn 0.8863 -0.2380 0.3973
vn 0.8565 -0.3304 0.3965
vn 0.0025 0.9168 0.3993
vn -0.2831 0.8721 0.3991
vn -0.8854 -0.2399 0.3981
vn -0.8539 -0.3328 0.4001
vn -0.9171 -0.0000 0.3986
vn 0.7420 -0.5411 0.3958
vn 0.7421 -0.5410 0.3958
vn 0.5807 -0.7095 0.3993
vn 0.5031 -0.7664 0.3994
vn 0.0026 0.9168 0.3994
vn 0.0025 0.9168 0.3994
vn 0.2341 0.8855 0.4014
vn 0.3265 0.8585 0.3955
vn 0.3266 0.8584 0.3955
vn 0.2343 0.8855 0.4013
vn 0.4970 0.7713 0.3977
vn 0.5749 0.7150 0.3979
vn 0.0448 -0.9175 0.3952
vn 0.2844 -0.8708 0.4011
vn 0.2845 -0.8707 0.4011
vn -0.0531 -0.9165 0.3965
vn 0.5752 0.7147 0.3979
vn 0.4972 0.7712 0.3976
vn 0.7121 0.5777 0.3989
vn 0.7664 0.5034 0.3990
vn -0.8725 0.2826 0.3986
vn -0.9171 0.0001 0.3986
vn -0.2379 -0.8859 0.3983
vn 0.0447 -0.9175 0.3953
vn -0.0533 -0.9165 0.3965
vn -0.3338 -0.8553 0.3964
vn 0.7665 0.5034 0.3989
vn 0.8565 0.3304 0.3966
vn 0.8863 0.2380 0.3973
vn -0.8724 0.2828 0.3986
vn -0.8724 0.2829 0.3986
vn -0.7424 0.5373 0.4002
vn -0.5028 -0.7667 0.3992
vn -0.2382 -0.8858 0.3983
vn -0.3339 -0.8552 0.3964
vn 0.8863 0.2379 0.3973
vn 0.8565 0.3303 0.3966
vn 0.9166 0.0001 0.3999
vn -0.5374 0.7428 0.3994
vn -0.7423 0.5374 0.4003
vn -0.7423 0.5375 0.4002
vn -0.5373 0.7428 0.3994
vn 0.9339 0.3575 -0.0000
vn 0.8078 0.5895 -0.0013
vn 0.8077 0.5896 -0.0000
vn 0.9655 0.2604 0.0007
vn 0.0011 0.0001 1.0000
vn 0.0010 -0.0002 1.0000
vn 0.0003 0.0002 1.0000
vn 0.0009 -0.0001 1.0000
vn 0.0009 -0.0000 1.0000
vn -0.9652 0.2615 0.0001
vn -0.8393 0.5436 0.0015
vn -0.7756 0.6312 -0.0001
vn -0.2583 -0.9661 0.0001
vn 0.9340 0.3572 0.0007
vn 0.9656 0.2600 -0.0000
vn 0.9986 -0.0524 -0.0017
vn -0.7754 0.6315 -0.0001
vn -0.8393 0.5436 -0.0000
vn -0.5454 0.8382 0.0001
vn -0.8072 -0.5903 -0.0000
vn -0.5873 -0.8094 0.0031
vn -0.5873 -0.8094 0.0032
vn 0.9656 -0.2601 -0.0000
vn 0.9340 -0.3572 0.0007
vn -0.5452 0.8383 -0.0006
vn -0.6272 0.7789 -0.0001
vn -0.3608 0.9326 -0.0017
vn -0.2584 0.9661 0.0001
vn -0.8073 -0.5901 0.0021
vn -0.8073 -0.5901 -0.0000
vn -0.9652 -0.2615 0.0002
vn 0.9655 -0.2604 0.0007
vn 0.9339 -0.3575 -0.0000
vn -0.3607 0.9327 0.0001
vn 0.8076 -0.5897 -0.0001
vn 0.5898 -0.8076 0.0011
vn 0.5897 -0.8076 -0.0000
vn 0.0540 0.9985 0.0016
vn 0.3104 0.9506 -0.0015
vn 0.3104 0.9506 -0.0001
vn 0.5895 0.8077 -0.0000
vn 0.3108 0.9505 -0.0015
vn 0.3106 0.9505 -0.0000
vn 0.3104 -0.9506 -0.0015
vn 0.3104 -0.9506 -0.0000
vn -0.0519 -0.9987 0.0001
vn 0.5898 0.8076 0.0011
vn 0.5896 0.8077 -0.0000
vn 0.8076 0.5897 -0.0013
vn 0.8077 0.5896 -0.0001
vn -0.9986 -0.0527 -0.0000
vn -0.9653 0.2613 -0.0002
vn -0.9347 0.3555 0.0001
vn -0.9504 0.3110 0.0012
vn -0.8396 0.5432 0.0016
vn -0.7758 0.6309 -0.0000
vn 0.2572 -0.9664 -0.0008
vn 0.0538 -0.9985 0.0016
vn -0.0520 -0.9986 0.0017
vn -0.7753 0.6316 -0.0001
vn -0.8391 0.5440 0.0015
vn -0.6277 0.7784 0.0003
vn -0.5459 0.8379 -0.0005
vn -0.0522 -0.9986 0.0017
vn -0.2580 -0.9661 -0.0009
vn -0.5451 0.8384 -0.0006
vn -0.6270 0.7790 0.0003
vn -0.3610 0.9326 -0.0018
vn -0.2586 0.9660 -0.0008
vn -0.3607 -0.9327 -0.0017
vn -0.6275 -0.7786 0.0003
vn -0.3606 0.9327 -0.0018
vn -0.0519 0.9986 0.0017
vn -0.5453 -0.8382 -0.0006
vn -0.7755 -0.6314 -0.0001
vn -0.8394 -0.5435 0.0016
vn 0.9986 -0.0528 -0.0017
vn 0.9986 0.0524 -0.0016
vn 0.9656 -0.2602 0.0007
vn 0.9340 -0.3573 0.0006
vn -0.0517 0.9987 0.0016
vn -0.8394 -0.5436 0.0016
vn -0.7756 -0.6313 -0.0000
vn -0.9504 -0.3109 0.0011
vn 0.2573 0.9663 -0.0009
vn 0.6280 0.7782 0.0007
vn -0.9986 -0.0529 0.0018
vn 0.8077 0.5896 -0.0013
vn -0.9986 0.0529 0.0018
vn -0.9504 0.3110 0.0010
vn 0.6279 -0.7783 0.0009
vn 0.3590 -0.9333 -0.0015
vn 0.8079 0.5894 -0.0013
vn 0.9518 0.3068 0.0013
vn -0.0930 -0.2815 0.9550
vn -0.0616 -0.1873 0.9804
vn -0.1340 -0.4179 0.8985
vn -0.1339 -0.4179 0.8986
vn 0.0139 -0.0453 0.9989
vn -0.0561 -0.0528 0.9970
vn -0.0906 -0.0302 0.9954
vn -0.0472 0.0378 0.9982
vn -0.0564 -0.0528 0.9970
vn -0.0470 0.0378 0.9982
vn 0.0307 0.0679 0.9972
vn -0.0930 0.2814 0.9551
vn 0.0713 0.0231 0.9972
vn 0.0626 0.0005 0.9980
vn 0.0308 0.0680 0.9972
vn 0.0025 0.1649 0.9863
vn 0.0140 -0.0453 0.9989
vn 0.2358 -0.1728 0.9563
vn 0.1590 -0.1131 0.9808
vn 0.0626 0.0001 0.9980
vn 0.0578 -0.1802 0.9819
vn -0.0904 -0.0301 0.9954
vn 0.0140 -0.0455 0.9989
vn -0.2913 -0.0000 0.9566
vn -0.1982 -0.0000 0.9802
vn -0.0561 -0.0529 0.9970
vn -0.4375 -0.0000 0.8992
vn -0.4372 -0.0000 0.8994
vn 0.0023 0.1652 0.9862
vn 0.0307 0.0681 0.9972
vn -0.0471 0.0376 0.9982
vn -0.0470 0.0376 0.9982
vn 0.0626 -0.0001 0.9980
vn 0.2358 0.1727 0.9563
vn 0.1590 0.1130 0.9808
vn 0.3518 0.2539 0.9010
vn 0.3518 0.2541 0.9009
vn 0.0626 -0.0000 0.9980
vn 0.0713 0.0227 0.9972
vn 0.0579 -0.1801 0.9819
vn 0.3517 -0.2541 0.9010
vn 0.3516 -0.2541 0.9010
vn -0.1340 0.4179 0.8986
vn -0.5293 0.8407 -0.1143
vn -0.5686 0.8151 -0.1111
vn -0.4951 0.8636 -0.0952
vn -0.5199 0.8542 -0.0030
vn -0.6176 0.7816 -0.0874
vn -0.6530 0.7574 -0.0005
vn -0.0658 -0.9908 -0.1184
vn -0.0206 -0.9937 -0.1098
vn -0.1082 -0.9895 -0.0959
vn -0.0830 -0.9965 -0.0000
vn 0.0374 -0.9955 -0.0869
vn 0.0829 -0.9966 -0.0000
vn -0.9632 -0.2429 -0.1152
vn -0.9520 -0.2846 -0.1126
vn -0.9749 -0.2001 -0.0976
vn -0.9731 -0.2303 0.0004
vn -0.9358 -0.3407 -0.0901
vn 0.9210 -0.3712 -0.1184
vn 0.9372 -0.3301 -0.1123
vn 0.9079 -0.4084 -0.0944
vn 0.9214 -0.3887 -0.0003
vn 0.9589 -0.2699 -0.0877
vn 0.9741 -0.2261 0.0012
vn 0.6360 0.7632 -0.1137
vn 0.6006 0.7917 -0.1120
vn 0.6691 0.7376 -0.0911
vn 0.5565 0.8264 -0.0863
vn 0.9589 0.2700 -0.0877
vn 0.9210 0.3712 -0.1184
vn 0.9372 0.3301 -0.1123
vn 0.9741 0.2262 0.0012
vn 0.9214 0.3886 -0.0003
vn 0.9079 0.4084 -0.0944
vn 0.5564 -0.8264 -0.0862
vn 0.6361 -0.7632 -0.1138
vn 0.6006 -0.7917 -0.1119
vn 0.5188 -0.8549 0.0009
vn 0.6538 -0.7567 0.0015
vn 0.6691 -0.7376 -0.0913
vn -0.6137 -0.7846 -0.0883
vn -0.5293 -0.8407 -0.1142
vn -0.5687 -0.8150 -0.1110
vn -0.6529 -0.7574 -0.0005
vn -0.5197 -0.8543 -0.0030
vn -0.4953 -0.8634 -0.0957
vn -0.9358 0.3407 -0.0902
vn -0.9632 0.2428 -0.1152
vn -0.9520 0.2846 -0.1126
vn -0.9223 0.3864 -0.0014
vn -0.9731 0.2303 0.0004
vn -0.9749 0.2001 -0.0976
vn 0.0371 0.9955 -0.0868
vn -0.0658 0.9908 -0.1184
vn -0.0206 0.9937 -0.1099
vn 0.0828 0.9966 -0.0001
vn -0.0832 0.9965 -0.0000
vn -0.1084 0.9895 -0.0960
vn 0.0004 -0.0000 1.0000
vn 0.0014 0.0002 1.0000
vn 0.0013 -0.0002 1.0000
vn 0.0012 0.0002 1.0000
vn 0.0014 0.0006 1.0000
vn 0.0010 0.0003 1.0000
vn -0.0011 0.0004 -1.0000
vn 0.0711 0.0226 0.9972
vn -0.0903 -0.0301 0.9955
vn 0.0578 -0.1800 0.9820
vn 0.0024 0.1648 0.9863
vn -0.0141 0.0415 -0.9990
vn -0.0009 0.0452 -0.9990
vn 0.0251 -0.0339 -0.9991
vn 0.0120 -0.0377 -0.9992
vn -0.0408 -0.0001 -0.9992
vn -0.0407 0.0150 -0.9991
vn 0.0251 0.0339 -0.9991
vn 0.0337 0.0264 -0.9991
vn 0.0337 -0.0264 -0.9991
vn -0.0407 -0.0150 -0.9991
vn -0.0408 0.0001 -0.9992
vn 0.0121 0.0377 -0.9992
vn 0.0379 -0.0113 -0.9992
vn 0.0337 -0.0263 -0.9991
vn -0.0319 -0.0226 -0.9992
vn -0.0407 -0.0151 -0.9991
vn 0.0422 -0.0040 -0.9991
vn -0.0230 -0.0339 -0.9992
vn -0.0319 -0.0227 -0.9992
vn -0.0141 -0.0414 -0.9990
vn -0.0229 -0.0339 -0.9992
vn -0.0230 0.0338 -0.9992
vn -0.0009 -0.0452 -0.9990
vn -0.0141 -0.0415 -0.9990
vn -0.0319 0.0228 -0.9992
vn -0.0230 0.0339 -0.9992
vn 0.0379 0.0113 -0.9992
vn 0.0422 -0.0038 -0.9991
vn 0.0121 -0.0377 -0.9992
vn 0.0337 0.0263 -0.9991
vn -0.0407 0.0151 -0.9991
vn -0.0319 0.0226 -0.9992
vn 0.9493 0.3138 0.0219
vn 0.9986 -0.0449 0.0296
vn 0.7856 0.2095 0.5822
vn 0.8127 -0.0451 0.5810
vn 0.9985 -0.0450 0.0296
vn 0.9492 0.3140 0.0218
vn 0.0668 -0.0227 0.9975
vn 0.0669 -0.0152 0.9976
vn 0.0579 -0.0378 0.9976
vn 0.0533 -0.0452 0.9976
vn 0.0533 -0.0453 0.9976
vn 0.0579 -0.0377 0.9976
vn 0.0443 -0.0528 0.9976
vn 0.0397 -0.0603 0.9974
vn 0.0397 -0.0604 0.9974
vn 0.0443 -0.0530 0.9976
vn 0.0264 -0.0679 0.9973
vn 0.0176 -0.0679 0.9975
vn 0.0263 -0.0678 0.9974
vn 0.0045 -0.0679 0.9977
vn -0.0042 -0.0680 0.9977
vn -0.0042 -0.0679 0.9977
vn 0.0044 -0.0678 0.9977
vn -0.0174 -0.0679 0.9975
vn -0.0261 -0.0679 0.9974
vn -0.0389 -0.0604 0.9974
vn -0.0430 -0.0529 0.9977
vn -0.0431 -0.0528 0.9977
vn -0.0516 -0.0453 0.9976
vn -0.0601 -0.0378 0.9975
vn -0.0516 -0.0454 0.9976
vn -0.0642 -0.0227 0.9977
vn -0.0684 -0.0000 0.9977
vn -0.0642 -0.0226 0.9977
vn -0.0684 -0.0001 0.9977
vn -0.0431 0.0528 0.9977
vn -0.0557 0.0378 0.9977
vn -0.0389 0.0604 0.9974
vn -0.0261 0.0679 0.9974
vn -0.0430 0.0529 0.9977
vn -0.0174 0.0679 0.9975
vn 0.0001 0.0679 0.9977
vn 0.0002 0.0679 0.9977
vn 0.0219 0.0679 0.9975
vn 0.0397 0.0604 0.9974
vn 0.0220 0.0679 0.9974
vn 0.0443 0.0530 0.9976
vn 0.0579 0.0379 0.9976
vn 0.0443 0.0529 0.9976
vn 0.0579 0.0378 0.9976
vn 0.2591 -0.9654 0.0282
vn -0.0519 -0.9983 0.0278
vn 0.0428 -0.8137 0.5797
vn -0.0521 -0.9983 0.0276
vn 0.2592 -0.9654 0.0282
vn 0.2935 -0.7579 0.5826
vn 0.0579 0.0377 0.9976
vn 0.0668 0.0225 0.9975
vn 0.0713 -0.0000 0.9975
vn 0.0670 -0.0149 0.9976
vn 0.0668 -0.0225 0.9975
vn 0.9985 -0.0453 0.0296
vn 0.9506 -0.3080 0.0397
vn 0.8126 -0.0453 0.5811
vn 0.7585 -0.2894 0.5838
vn 0.9506 -0.3080 0.0398
vn -0.7681 -0.5620 0.3069
vn -0.5206 -0.7967 0.3070
vn -0.6014 -0.7372 0.3079
vn -0.9505 -0.3109 0.0011
vn -0.9513 -0.3054 0.0430
vn -0.9984 -0.0491 0.0277
vn -0.8111 -0.0443 0.5833
vn -0.9513 -0.3054 0.0429
vn -0.7587 -0.2921 0.5823
vn -0.3087 0.9511 0.0131
vn 0.0471 0.9986 0.0250
vn -0.3115 0.9503 -0.0002
vn -0.2528 0.7727 0.5822
vn 0.0426 0.8137 0.5798
vn 0.0474 0.9986 0.0249
vn 0.8080 -0.5887 0.0246
vn 0.5443 -0.8383 0.0296
vn 0.5130 -0.6331 0.5796
vn 0.5442 -0.8384 0.0296
vn 0.8080 -0.5886 0.0246
vn 0.6580 -0.4759 0.5835
vn -0.5855 -0.8104 0.0211
vn -0.8369 -0.5463 0.0353
vn -0.5125 -0.6336 0.5795
vn -0.6588 -0.4772 0.5816
vn -0.8371 -0.5459 0.0352
vn -0.5854 -0.8105 0.0210
vn -0.7787 0.6262 0.0388
vn -0.5863 0.8090 0.0422
vn -0.5872 0.8094 0.0031
vn -0.5125 0.6337 0.5795
vn -0.5861 0.8092 0.0421
vn -0.7788 0.6260 0.0389
vn -0.6588 0.4773 0.5815
vn 0.5871 0.8075 0.0574
vn 0.7776 0.6285 0.0169
vn 0.6580 0.4760 0.5835
vn 0.5870 0.8076 0.0574
vn 0.4798 0.6562 0.5824
vn -0.0521 -0.9983 0.0278
vn -0.3103 -0.9503 0.0271
vn -0.2526 -0.7728 0.5822
vn -0.3104 -0.9502 0.0270
vn -0.0520 -0.9983 0.0278
vn 0.0426 -0.8136 0.5798
vn -0.9984 -0.0490 0.0277
vn -0.9516 0.3070 0.0138
vn -0.9505 0.3109 0.0011
vn -0.7729 0.2489 0.5836
vn -0.9516 0.3071 0.0137
vn -0.9984 -0.0491 0.0275
vn 0.0473 0.9986 0.0250
vn 0.3562 0.9340 0.0276
vn 0.0428 0.8137 0.5797
vn 0.2934 0.7579 0.5827
vn 0.3565 0.9339 0.0276
vn 0.0472 0.9986 0.0248
vn 0.9518 -0.3068 0.0014
vn 0.9505 -0.3082 0.0397
vn 0.8082 -0.5884 0.0245
vn 0.7585 -0.2896 0.5838
vn 0.6581 -0.4758 0.5835
vn 0.8080 -0.5887 0.0245
vn 0.9505 -0.3081 0.0397
vn 0.2593 -0.9654 0.0282
vn 0.5443 -0.8384 0.0296
vn 0.5130 -0.6332 0.5796
vn -0.8370 -0.5461 0.0353
vn -0.9512 -0.3055 0.0430
vn -0.9504 -0.3111 0.0011
vn -0.7586 -0.2921 0.5824
vn -0.9513 -0.3053 0.0430
vn -0.8369 -0.5462 0.0352
vn -0.6587 -0.4774 0.5815
vn -0.5870 0.8096 0.0032
vn -0.5861 0.8092 0.0422
vn -0.3088 0.9510 0.0132
vn -0.3118 0.9501 -0.0003
vn -0.2530 0.7726 0.5823
vn -0.5862 0.8091 0.0422
vn -0.5125 0.6336 0.5795
vn 0.7778 0.6283 0.0169
vn 0.9492 0.3140 0.0219
vn 0.9518 0.3067 0.0013
vn 0.7855 0.2097 0.5822
vn 0.9492 0.3141 0.0218
vn 0.7776 0.6286 0.0168
vn -0.3105 -0.9502 0.0270
vn -0.5853 -0.8106 0.0211
vn -0.2529 -0.7727 0.5823
vn -0.5124 -0.6337 0.5795
vn -0.5854 -0.8104 0.0210
vn -0.3105 -0.9502 0.0271
vn -0.9516 0.3071 0.0138
vn -0.7788 0.6261 0.0389
vn -0.8394 0.5436 0.0016
vn -0.7729 0.2491 0.5836
vn -0.6587 0.4774 0.5815
vn -0.9516 0.3070 0.0136
vn 0.5869 0.8076 0.0574
vn 0.5895 0.8078 0.0012
vn 0.2572 0.9663 -0.0008
vn 0.4797 0.6563 0.5824
vn 0.5870 0.8075 0.0573
vn 0.3565 0.9339 0.0277
vn -0.5604 0.7696 0.3061
vn -0.5604 0.7695 0.3062
vn -0.2952 0.9047 0.3073
vn -0.2953 0.9046 0.3073
vn -0.7682 -0.5619 0.3069
vn -0.8875 -0.3438 0.3068
vn -0.9193 -0.2498 0.3040
vn -0.9194 -0.2497 0.3040
vn -0.8876 -0.3438 0.3067
vn -0.9525 -0.0001 0.3046
vn 0.7697 -0.5605 0.3057
vn 0.7697 -0.5605 0.3056
vn 0.6021 -0.7379 0.3049
vn 0.5212 -0.7973 0.3045
vn -0.0014 0.9518 0.3066
vn -0.0012 0.9518 0.3066
vn 0.2448 0.9199 0.3063
vn 0.3378 0.8914 0.3021
vn 0.5210 -0.7974 0.3045
vn 0.2940 -0.9062 0.3039
vn 0.2938 -0.9063 0.3039
vn 0.3379 0.8914 0.3020
vn 0.2450 0.9199 0.3063
vn 0.5156 0.8013 0.3035
vn 0.5964 0.7432 0.3033
vn 0.0480 -0.9510 0.3053
vn 0.2937 -0.9063 0.3039
vn -0.0514 -0.9507 0.3058
vn 0.5966 0.7430 0.3033
vn 0.5158 0.8011 0.3035
vn 0.7383 0.6020 0.3042
vn 0.7950 0.5245 0.3048
vn -0.9052 0.2958 0.3052
vn -0.9525 0.0001 0.3047
vn -0.9525 0.0001 0.3046
vn -0.2508 -0.9192 0.3035
vn 0.0479 -0.9510 0.3054
vn -0.0516 -0.9507 0.3059
vn -0.3448 -0.8868 0.3079
vn 0.7950 0.5244 0.3048
vn 0.7384 0.6019 0.3041
vn 0.8875 0.3428 0.3079
vn 0.9180 0.2518 0.3065
vn -0.5204 -0.7968 0.3070
vn -0.2511 -0.9192 0.3034
vn -0.3449 -0.8867 0.3079
vn -0.6013 -0.7373 0.3079
vn 0.9181 0.2516 0.3064
vn 0.8876 0.3427 0.3079
vn 0.9520 0.0001 0.3060
vn 0.9520 -0.0000 0.3060
vn -0.5606 0.7694 0.3062
vn -0.7681 0.5621 0.3068
vn -0.7681 0.5620 0.3069
vn 0.8077 0.5896 -0.0012
vn 0.8077 0.5896 0.0001
vn 0.9655 0.2603 0.0007
vn 0.0017 -0.0001 1.0000
vn -0.9323 0.3616 0.0022
vn -0.9652 0.2613 -0.0001
vn -0.7756 0.6312 -0.0000
vn -0.7754 0.6314 -0.0001
vn -0.8392 0.5439 -0.0000
vn -0.5455 0.8381 -0.0001
vn -0.8072 -0.5903 0.0001
vn -0.8071 -0.5904 0.0022
vn 0.9340 -0.3574 0.0006
vn -0.6272 0.7789 -0.0000
vn -0.3609 0.9326 -0.0017
vn -0.2584 0.9660 0.0001
vn -0.9323 -0.3616 0.0021
vn -0.9653 -0.2613 -0.0001
vn 0.8078 -0.5894 0.0001
vn 0.9655 -0.2602 0.0007
vn 0.9339 -0.3574 -0.0000
vn 0.8078 -0.5894 -0.0013
vn -0.3607 0.9327 -0.0000
vn -0.9653 -0.2611 -0.0002
vn -0.9324 -0.3614 -0.0001
vn -0.9986 0.0528 -0.0000
vn 0.8076 -0.5897 0.0001
vn 0.5896 -0.8077 -0.0000
vn -0.0518 0.9987 -0.0000
vn 0.3104 0.9506 -0.0000
vn 0.5894 0.8078 -0.0000
vn 0.3107 0.9505 -0.0000
vn 0.5894 0.8078 0.0011
vn 0.3105 -0.9506 -0.0000
vn 0.8076 0.5897 0.0001
vn -0.9986 -0.0528 -0.0000
vn -0.9653 0.2611 -0.0002
vn -0.9324 0.3615 -0.0001
vn -0.3607 -0.9327 -0.0000
vn -0.9504 0.3111 0.0011
vn -0.7755 0.6314 -0.0001
vn 0.9986 0.0527 -0.0016
vn -0.8393 0.5437 0.0016
vn 0.0538 -0.9986 0.0015
vn -0.3605 -0.9328 -0.0018
vn -0.6271 0.7789 0.0004
vn -0.3609 0.9326 -0.0018
vn -0.2585 0.9660 -0.0009
vn -0.2582 -0.9661 -0.0009
vn -0.5453 -0.8382 -0.0005
vn -0.2580 0.9661 -0.0009
vn 0.0538 0.9986 0.0016
vn 0.9986 -0.0527 -0.0017
vn 0.9341 -0.3570 0.0006
vn -0.0518 0.9987 0.0017
vn -0.8394 -0.5435 0.0015
vn -0.7756 -0.6312 -0.0000
vn 0.9339 -0.3574 0.0007
vn 0.8402 -0.5422 -0.0000
vn 0.7760 -0.6308 0.0011
vn 0.8401 -0.5424 -0.0001
vn 0.5443 -0.8389 -0.0013
vn 0.6295 0.7770 -0.0041
vn -0.9986 -0.0526 0.0017
vn 0.5440 -0.8391 -0.0013
vn 0.6277 -0.7784 0.0008
vn 0.3589 -0.9334 -0.0015
vn 0.2572 -0.9663 -0.0008
vn -0.1196 -0.3647 0.9234
vn -0.0837 -0.2528 0.9639
vn -0.1707 -0.5231 0.8350
vn -0.1706 -0.5233 0.8349
vn 0.0219 -0.0679 0.9975
vn -0.0741 -0.0679 0.9949
vn -0.1213 -0.0453 0.9916
vn -0.0646 0.0453 0.9969
vn -0.0742 -0.0679 0.9949
vn 0.0428 0.0905 0.9950
vn -0.0837 0.2529 0.9639
vn -0.1196 0.3647 0.9234
vn 0.0973 0.0304 0.9948
vn 0.0844 0.0077 0.9964
vn 0.0429 0.0907 0.9949
vn 0.0044 0.2242 0.9745
vn 0.0220 -0.0680 0.9974
vn 0.3101 -0.2246 0.9238
vn 0.2114 -0.1581 0.9645
vn 0.0844 0.0075 0.9964
vn 0.0770 -0.2392 0.9679
vn -0.1213 -0.0461 0.9915
vn -0.0742 -0.0686 0.9949
vn 0.0220 -0.0681 0.9974
vn -0.3818 -0.0000 0.9243
vn -0.2662 -0.0000 0.9639
vn -0.5477 -0.0000 0.8367
vn -0.5479 -0.0000 0.8365
vn 0.0043 0.2243 0.9745
vn 0.0428 0.0904 0.9950
vn -0.0646 0.0458 0.9969
vn -0.0646 0.0460 0.9969
vn 0.0843 0.0075 0.9964
vn 0.3102 0.2245 0.9238
vn 0.2159 0.1578 0.9636
vn 0.4440 0.3260 0.8346
vn 0.4440 0.3259 0.8347
vn 0.0843 0.0078 0.9964
vn 0.0971 0.0305 0.9948
vn 0.0772 -0.2390 0.9679
vn 0.4414 -0.3191 0.8387
vn -0.1707 0.5232 0.8350
vn -0.1706 0.5232 0.8349
vn -0.5308 0.8432 -0.0850
vn -0.5699 0.8176 -0.0820
vn -0.4951 0.8659 -0.0711
vn -0.5198 0.8543 -0.0030
vn -0.6156 0.7857 -0.0612
vn -0.6528 0.7575 -0.0001
vn -0.0660 -0.9943 -0.0837
vn -0.0207 -0.9963 -0.0839
vn -0.1085 -0.9916 -0.0701
vn -0.0831 -0.9965 -0.0000
vn 0.0350 -0.9972 -0.0659
vn -0.9654 -0.2458 -0.0866
vn -0.9542 -0.2873 -0.0832
vn -0.9772 -0.2001 -0.0706
vn -0.9731 -0.2304 0.0005
vn -0.9361 -0.3460 -0.0629
vn -0.9223 -0.3865 -0.0013
vn 0.9255 -0.3684 -0.0875
vn 0.9414 -0.3270 -0.0830
vn 0.9088 -0.4108 -0.0732
vn 0.9214 -0.3886 -0.0003
vn 0.9605 -0.2709 -0.0632
vn 0.9741 -0.2261 0.0013
vn 0.6350 0.7675 -0.0878
vn 0.6027 0.7940 -0.0794
vn 0.6698 0.7393 -0.0691
vn 0.5558 0.8288 -0.0648
vn 0.9605 0.2710 -0.0634
vn 0.9255 0.3684 -0.0875
vn 0.9414 0.3270 -0.0830
vn 0.9741 0.2261 0.0012
vn 0.9087 0.4109 -0.0733
vn 0.5560 -0.8287 -0.0647
vn 0.6350 -0.7675 -0.0878
vn 0.6027 -0.7940 -0.0794
vn 0.5188 -0.8549 0.0011
vn 0.6538 -0.7567 0.0016
vn 0.6698 -0.7393 -0.0692
vn -0.6156 -0.7857 -0.0613
vn -0.5309 -0.8432 -0.0851
vn -0.5700 -0.8176 -0.0820
vn -0.6530 -0.7574 -0.0005
vn -0.4951 -0.8659 -0.0710
vn -0.9362 0.3459 -0.0629
vn -0.9654 0.2458 -0.0867
vn -0.9543 0.2872 -0.0832
vn -0.9731 0.2302 0.0003
vn -0.9773 0.2000 -0.0705
vn 0.0350 0.9972 -0.0659
vn -0.0660 0.9943 -0.0838
vn -0.0207 0.9963 -0.0839
vn 0.0832 0.9965 -0.0001
vn -0.0831 0.9965 -0.0000
vn -0.1085 0.9916 -0.0699
vn 0.0014 -0.0003 1.0000
vn 0.0011 0.0006 1.0000
vn 0.0013 -0.0005 1.0000
vn 0.0971 0.0302 0.9948
vn -0.1212 -0.0453 0.9916
vn 0.0771 -0.2387 0.9680
vn 0.0044 0.2239 0.9746
vn 0.9787 -0.2052 -0.0001
vn 0.9788 -0.2050 -0.0001
vn 0.9787 -0.2051 -0.0001
vn 0.9788 -0.2051 -0.0001
vn 0.9787 -0.2051 -0.0000
vn -1.0000 0.0001 -0.0001
vn -1.0000 -0.0001 -0.0002
vn -1.0000 -0.0001 0.0001
vn -1.0000 -0.0001 -0.0005
vn -1.0000 -0.0000 -0.0009
vn -1.0000 0.0001 -0.0005
vt 0.616789 0.588301
vt 0.613161 0.588301
vt 0.613161 0.589260
vt 0.617031 0.589260
vt 0.610984 0.589260
vt 0.610984 0.588301
vt 0.613161 0.586502
vt 0.610984 0.586502
vt 0.616426 0.586742
vt 0.454247 0.932166
vt 0.453400 0.931806
vt 0.453400 0.934685
vt 0.454247 0.934565
vt 0.455577 0.929527
vt 0.456061 0.930487
vt 0.458601 0.930487
vt 0.459205 0.929287
vt 0.460052 0.932526
vt 0.461019 0.932286
vt 0.460415 0.935164
vt 0.459689 0.934805
vt 0.457996 0.936364
vt 0.458359 0.937323
vt 0.455698 0.936364
vt 0.455093 0.937443
vt 0.153230 0.960112
vt 0.152383 0.958313
vt 0.148634 0.960112
vt 0.148634 0.960711
vt 0.152020 0.956993
vt 0.148271 0.959752
vt 0.150448 0.955674
vt 0.147546 0.959272
vt 0.142708 0.955434
vt 0.145490 0.959632
vt 0.141499 0.956873
vt 0.144885 0.959992
vt 0.142950 0.959272
vt 0.144280 0.960112
vt 0.143434 0.960352
vt 0.143796 0.960472
vt 0.148271 0.960591
vt 0.147667 0.960472
vt 0.145611 0.960711
vt 0.145006 0.960831
vt 0.144401 0.960831
vt 0.143796 0.960591
vt 0.153955 0.959992
vt 0.153230 0.958073
vt 0.152625 0.956633
vt 0.150690 0.954834
vt 0.143071 0.954355
vt 0.140289 0.955794
vt 0.137266 0.959752
vt 0.138959 0.959872
vt 0.141982 0.960591
vt 0.143313 0.960472
vt 0.152625 0.963350
vt 0.152020 0.964909
vt 0.152988 0.965389
vt 0.153472 0.963350
vt 0.150448 0.966468
vt 0.150811 0.967428
vt 0.142950 0.966229
vt 0.142950 0.967428
vt 0.141257 0.964789
vt 0.139926 0.965629
vt 0.148271 0.961911
vt 0.148634 0.961551
vt 0.147667 0.962391
vt 0.145731 0.962630
vt 0.145006 0.962031
vt 0.144159 0.961671
vt 0.142345 0.962391
vt 0.143796 0.960831
vt 0.143313 0.960831
vt 0.280699 0.972945
vt 0.280578 0.972945
vt 0.280578 0.973065
vt 0.280699 0.973065
vt 0.174999 0.923410
vt 0.174999 0.923290
vt 0.080062 0.964429
vt 0.080183 0.964429
vt 0.080183 0.964310
vt 0.080183 0.964190
vt 0.080062 0.964190
vt 0.080062 0.964310
vt 0.080787 0.970666
vt 0.080787 0.970906
vt 0.080787 0.971026
vt 0.080787 0.970786
vt 0.080787 0.970307
vt 0.080787 0.970546
vt 0.080787 0.970426
vt 0.080424 0.969587
vt 0.080545 0.969587
vt 0.080424 0.969707
vt 0.080545 0.969707
vt 0.080424 0.970786
vt 0.080666 0.970786
vt 0.080545 0.970666
vt 0.080424 0.970666
vt 0.080545 0.970786
vt 0.080424 0.970906
vt 0.080545 0.970906
vt 0.646782 0.597296
vt 0.646782 0.597416
vt 0.646903 0.597296
vt 0.620780 0.598136
vt 0.620659 0.598136
vt 0.130977 0.962151
vt 0.130977 0.962271
vt 0.130856 0.962151
vt 0.130856 0.962271
vt 0.130856 0.962510
vt 0.130977 0.962510
vt 0.130977 0.962391
vt 0.614370 0.583503
vt 0.613524 0.584223
vt 0.613524 0.585062
vt 0.614370 0.585662
vt 0.610984 0.585542
vt 0.610984 0.585062
vt 0.612677 0.583983
vt 0.614370 0.582544
vt 0.610984 0.583503
vt 0.610984 0.582424
vt 0.610984 0.583983
vt 0.969326 0.085397
vt 0.969447 0.017391
vt 0.969689 0.179189
vt 0.971140 0.008156
vt 0.971261 0.155681
vt 0.261712 0.922331
vt 0.260744 0.922331
vt 0.260744 0.926769
vt 0.261712 0.926769
vt 0.467550 0.963470
vt 0.465615 0.963710
vt 0.465615 0.968627
vt 0.467550 0.966708
vt 0.461987 0.964429
vt 0.461987 0.971506
vt 0.447716 0.964429
vt 0.447716 0.971506
vt 0.443846 0.964429
vt 0.443846 0.969947
vt 0.143796 0.956394
vt 0.144764 0.955434
vt 0.142466 0.956394
vt 0.144764 0.954115
vt 0.143796 0.953155
vt 0.141499 0.954115
vt 0.142466 0.953155
vt 0.141499 0.955434
vt 0.147787 0.945119
vt 0.147304 0.945359
vt 0.148150 0.947278
vt 0.149722 0.945839
vt 0.146820 0.945359
vt 0.146094 0.947398
vt 0.146457 0.944999
vt 0.144522 0.945839
vt 0.149722 0.943680
vt 0.148150 0.942121
vt 0.147425 0.944160
vt 0.147787 0.944520
vt 0.146094 0.942121
vt 0.146941 0.944160
vt 0.144522 0.943680
vt 0.146457 0.944400
vt 0.224463 0.969827
vt 0.224463 0.969947
vt 0.222649 0.970906
vt 0.222649 0.971026
vt 0.224463 0.968987
vt 0.224463 0.969107
vt 0.224463 0.970786
vt 0.224463 0.970906
vt 0.224100 0.969347
vt 0.224100 0.968987
vt 0.223979 0.968987
vt 0.223979 0.969347
vt 0.223616 0.970307
vt 0.223616 0.970546
vt 0.223979 0.970307
vt 0.223979 0.970426
vt 0.224100 0.970426
vt 0.224100 0.970307
vt 0.223979 0.970786
vt 0.223979 0.970906
vt 0.224100 0.970906
vt 0.224100 0.970786
vt 0.223616 0.969947
vt 0.223616 0.969707
vt 0.223616 0.968987
vt 0.223616 0.969347
vt 0.223979 0.969827
vt 0.223979 0.969947
vt 0.224100 0.969947
vt 0.224100 0.969827
vt 0.224463 0.970307
vt 0.224463 0.970426
vt 0.222649 0.970546
vt 0.222649 0.970307
vt 0.223012 0.970307
vt 0.223012 0.970546
vt 0.270178 0.967788
vt 0.270178 0.968987
vt 0.270420 0.968987
vt 0.270420 0.967788
vt 0.270420 0.971266
vt 0.270420 0.970187
vt 0.270178 0.970187
vt 0.270178 0.971266
vt 0.270903 0.971266
vt 0.270903 0.970187
vt 0.271145 0.971266
vt 0.271145 0.970187
vt 0.275378 0.972345
vt 0.275015 0.972345
vt 0.275015 0.973425
vt 0.275378 0.973425
vt 0.270903 0.967788
vt 0.270903 0.968987
vt 0.271145 0.968987
vt 0.271145 0.967788
vt 0.272717 0.971266
vt 0.272717 0.970187
vt 0.272355 0.970187
vt 0.272355 0.971266
vt 0.273080 0.971266
vt 0.273080 0.970187
vt 0.272717 0.968987
vt 0.272717 0.967788
vt 0.272355 0.967788
vt 0.272355 0.968987
vt 0.273080 0.968987
vt 0.273080 0.967788
vt 0.273443 0.968987
vt 0.273443 0.967788
vt 0.270903 0.972465
vt 0.270541 0.972465
vt 0.270541 0.973545
vt 0.270903 0.973545
vt 0.270178 0.972465
vt 0.270178 0.973545
vt 0.273443 0.971266
vt 0.273443 0.970187
vt 0.937761 0.158080
vt 0.938729 0.177510
vt 0.938366 0.010675
vt 0.937761 0.008636
vt 0.939333 0.178349
vt 0.939333 0.012474
vt 0.982992 0.014992
vt 0.981904 0.175711
vt 0.985048 0.168754
vt 0.986378 0.007676
vt 0.979727 0.017751
vt 0.979727 0.180028
vt 0.134363 0.968148
vt 0.134363 0.968028
vt 0.134484 0.968028
vt 0.134484 0.968148
vt 0.134242 0.968987
vt 0.134605 0.968028
vt 0.134605 0.968148
vt 0.175482 0.922211
vt 0.175482 0.922091
vt 0.084899 0.918013
vt 0.085020 0.918013
vt 0.085020 0.917773
vt 0.084899 0.917773
vt 0.084415 0.919093
vt 0.084415 0.918973
vt 0.085020 0.919332
vt 0.080787 0.963110
vt 0.080666 0.963110
vt 0.080666 0.963230
vt 0.080787 0.963230
vt 0.080183 0.964549
vt 0.154923 0.955314
vt 0.155044 0.955314
vt 0.437194 0.959032
vt 0.437315 0.959032
vt 0.437194 0.959272
vt 0.437315 0.959272
vt 0.436227 0.957953
vt 0.436469 0.957833
vt 0.436227 0.957833
vt 0.621385 0.596457
vt 0.175724 0.949677
vt 0.175845 0.950397
vt 0.271145 0.971386
vt 0.271145 0.972106
vt 0.162300 0.944280
vt 0.162300 0.944999
vt 0.222165 0.960591
vt 0.222044 0.960591
vt 0.222044 0.961191
vt 0.222165 0.961311
vt 0.173306 0.948717
vt 0.173306 0.948837
vt 0.173427 0.948837
vt 0.173306 0.949077
vt 0.173427 0.949077
vt 0.080183 0.969587
vt 0.080062 0.969587
vt 0.079820 0.970906
vt 0.079699 0.970906
vt 0.079820 0.970786
vt 0.079699 0.970786
vt 0.080666 0.971146
vt 0.080424 0.971146
vt 0.080666 0.971026
vt 0.080424 0.971026
vt 0.080666 0.970906
vt 0.148876 0.953875
vt 0.148876 0.953755
vt 0.148271 0.953515
vt 0.148150 0.953515
vt 0.148150 0.953755
vt 0.148029 0.953755
vt 0.148150 0.953635
vt 0.148029 0.953635
vt 0.148029 0.953515
vt 0.148150 0.952556
vt 0.148150 0.952675
vt 0.148029 0.952675
vt 0.148150 0.952795
vt 0.148634 0.953875
vt 0.148634 0.953755
vt 0.148271 0.952556
vt 0.173547 0.948238
vt 0.384949 0.926889
vt 0.384707 0.926889
vt 0.384586 0.926889
vt 0.428487 0.959392
vt 0.428608 0.959392
vt 0.855643 0.852407
vt 0.855643 0.852287
vt 0.855643 0.852167
vt 0.428850 0.958912
vt 0.428850 0.958792
vt 0.428850 0.958672
vt 0.428971 0.958672
vt 0.428971 0.958912
vt 0.428124 0.959392
vt 0.428003 0.959392
vt 0.079699 0.969707
vt 0.079820 0.969707
vt 0.080062 0.969707
vt 0.079820 0.969947
vt 0.080062 0.971026
vt 0.079820 0.970666
vt 0.079699 0.969947
vt 0.079699 0.970666
vt 0.079820 0.971146
vt 0.080062 0.971146
vt 0.079699 0.971026
vt 0.079699 0.971146
vt 0.640130 0.592139
vt 0.636381 0.592139
vt 0.119004 0.970426
vt 0.118883 0.970426
vt 0.118883 0.970546
vt 0.119004 0.970666
vt 0.118883 0.970666
vt 0.614733 0.592139
vt 0.610984 0.592139
vt 0.610984 0.591899
vt 0.614733 0.591899
vt 0.130614 0.962271
vt 0.130735 0.962151
vt 0.130493 0.962271
vt 0.130614 0.962391
vt 0.130614 0.962630
vt 0.130614 0.962750
vt 0.130735 0.962630
vt 0.130614 0.962870
vt 0.130735 0.962870
vt 0.130735 0.962271
vt 0.130735 0.963110
vt 0.620659 0.596577
vt 0.620780 0.596577
vt 0.620780 0.596457
vt 0.620659 0.596457
vt 0.620538 0.596457
vt 0.620659 0.596696
vt 0.620780 0.596696
vt 0.620780 0.597056
vt 0.620659 0.597056
vt 0.620780 0.596816
vt 0.620780 0.596936
vt 0.620780 0.597176
vt 0.620780 0.597296
vt 0.620659 0.597296
vt 0.620659 0.597536
vt 0.620780 0.597536
vt 0.620780 0.597656
vt 0.620780 0.597776
vt 0.620780 0.597896
vt 0.620780 0.598016
vt 0.620659 0.597776
vt 0.620901 0.596577
vt 0.620901 0.596696
vt 0.620901 0.596816
vt 0.620901 0.596936
vt 0.620901 0.597656
vt 0.620901 0.597776
vt 0.620901 0.597896
vt 0.621022 0.597896
vt 0.621022 0.598016
vt 0.621022 0.596936
vt 0.621022 0.597536
vt 0.621022 0.597656
vt 0.610984 0.590220
vt 0.614733 0.590100
vt 0.130856 0.962630
vt 0.130977 0.962630
vt 0.130856 0.962750
vt 0.130977 0.962870
vt 0.173547 0.948478
vt 0.173547 0.948598
vt 0.173064 0.949677
vt 0.172943 0.949677
vt 0.173064 0.949437
vt 0.172943 0.949437
vt 0.647145 0.597056
vt 0.647145 0.596936
vt 0.647024 0.597056
vt 0.647145 0.596696
vt 0.621505 0.597296
vt 0.621385 0.597296
vt 0.646419 0.598016
vt 0.646419 0.597896
vt 0.646419 0.597536
vt 0.646419 0.596936
vt 0.437194 0.958552
vt 0.437194 0.958792
vt 0.437315 0.958792
vt 0.437315 0.958672
vt 0.437194 0.958672
vt 0.437194 0.958912
vt 0.437315 0.958912
vt 0.177780 0.972825
vt 0.177780 0.972705
vt 0.177780 0.972585
vt 0.177780 0.972465
vt 0.435743 0.957833
vt 0.435864 0.957833
vt 0.435985 0.957833
vt 0.436106 0.957953
vt 0.436106 0.957833
vt 0.436590 0.959392
vt 0.646419 0.596696
vt 0.646419 0.596577
vt 0.646298 0.596696
vt 0.646661 0.596577
vt 0.646661 0.596457
vt 0.621022 0.596577
vt 0.621022 0.596696
vt 0.274652 0.973425
vt 0.274652 0.972345
vt 0.457149 0.932886
vt 0.456666 0.933005
vt 0.457633 0.933245
vt 0.457754 0.933725
vt 0.457391 0.934085
vt 0.456908 0.934205
vt 0.456424 0.933845
vt 0.456424 0.933365
vt 0.143192 0.936124
vt 0.143192 0.936844
vt 0.035314 0.949993
vt 0.037007 0.948190
vt 0.037007 0.949993
vt 0.352779 0.940380
vt 0.356165 0.940380
vt 0.352779 0.943744
vt 0.035435 0.950233
vt 0.035435 0.948551
vt 0.037128 0.948551
vt 0.037128 0.950233
vt 0.446870 0.960687
vt 0.446023 0.960687
vt 0.446023 0.959726
vt 0.446870 0.959726
vt 0.446628 0.960447
vt 0.445781 0.960447
vt 0.445781 0.959606
vt 0.446628 0.959606
vt 0.152020 0.940620
vt 0.149239 0.940620
vt 0.149239 0.937857
vt 0.152020 0.937857
vt 0.356165 0.943744
vt 0.446628 0.960086
vt 0.445539 0.960086
vt 0.445539 0.959486
vt 0.446628 0.959486
vt 0.446628 0.960687
vt 0.445539 0.960687
vt 0.354593 0.940140
vt 0.353747 0.940740
vt 0.355561 0.940140
vt 0.355077 0.940140
vt 0.356407 0.940740
vt 0.356044 0.940380
vt 0.356649 0.941221
vt 0.356770 0.941822
vt 0.353505 0.942303
vt 0.353747 0.942783
vt 0.355561 0.943384
vt 0.356407 0.942783
vt 0.356649 0.942303
vt 0.356044 0.943144
vt 0.355077 0.943384
vt 0.354593 0.943384
vt 0.354109 0.943144
vt 0.353505 0.941221
vt 0.353384 0.941822
vt 0.354109 0.940380
vt 0.035556 0.948911
vt 0.036282 0.948551
vt 0.036040 0.948551
vt 0.035798 0.948671
vt 0.035556 0.949873
vt 0.036524 0.948551
vt 0.036524 0.950233
vt 0.037128 0.949392
vt 0.037007 0.948911
vt 0.036765 0.948671
vt 0.037128 0.949152
vt 0.036765 0.950113
vt 0.037007 0.949873
vt 0.037128 0.949632
vt 0.036040 0.950233
vt 0.036282 0.950233
vt 0.035798 0.950113
vt 0.035435 0.949392
vt 0.035435 0.949632
vt 0.035435 0.949152
vt 0.445539 0.959846
vt 0.446386 0.960567
vt 0.446628 0.959846
vt 0.446144 0.959486
vt 0.445781 0.960567
vt 0.143751 0.346832
vt 0.143955 0.346832
vt 0.143955 0.347082
vt 0.143751 0.347082
vt 0.144363 0.347748
vt 0.144261 0.347748
vt 0.144261 0.347498
vt 0.144363 0.347498
vt 0.144261 0.346832
vt 0.144363 0.346832
vt 0.144363 0.347082
vt 0.144261 0.347082
vt 0.143751 0.347498
vt 0.143955 0.347498
vt 0.143955 0.347748
vt 0.143751 0.347748
vt 0.153337 0.744241
vt 0.153337 0.745241
vt 0.153031 0.744908
vt 0.153031 0.744491
vt 0.154051 0.744908
vt 0.153847 0.745241
vt 0.153847 0.744241
vt 0.154051 0.744491
vt 0.153337 0.742909
vt 0.154051 0.742242
vt 0.154051 0.742659
vt 0.153847 0.742909
vt 0.153337 0.741909
vt 0.153847 0.741909
vt 0.153031 0.742659
vt 0.153031 0.742242
s 1
usemtl ColorVar2_Material
f 2/1/1 5/2/2 3/3/3 1/4/4
f 4/5/5 3/3/3 5/2/2 7/6/6
f 6/7/7 8/8/8 7/6/6 5/2/2
f 15/9/9 6/7/7 5/2/2 2/1/1
f 10/7/10 9/2/11 7/6/6 8/8/8
f 4/5/5 7/6/6 9/2/11 12/3/12
f 14/9/13 11/1/14 9/2/11 10/7/10
f 11/1/14 13/4/15 12/3/12 9/2/11
f 19/10/16 16/11/16 17/12/17 20/13/18
f 18/14/16 16/11/16 19/10/16 21/15/16
f 18/14/16 21/15/16 22/16/19 24/17/20
f 24/17/20 22/16/19 23/18/16 25/19/21
f 26/20/22 25/19/21 23/18/16 28/21/23
f 26/20/22 28/21/23 29/22/20 27/23/21
f 27/23/21 29/22/20 30/24/16 31/25/24
f 31/25/24 30/24/16 20/13/18 17/12/17
f 35/10/25 32/11/25 33/14/26 37/15/26
f 35/10/25 36/13/27 34/12/27 32/11/25
f 38/16/28 37/15/26 33/14/26 40/17/29
f 39/18/28 38/16/28 40/17/29 41/19/28
f 39/18/28 41/19/28 42/20/18 44/21/18
f 45/22/18 44/21/18 42/20/18 43/23/18
f 46/24/30 45/22/18 43/23/18 47/25/31
f 36/13/27 46/24/30 47/25/31 34/12/27
f 49/26/32 51/27/33 50/28/34 48/29/35
f 51/27/33 53/30/36 52/31/37 50/28/34
f 55/32/38 54/33/39 52/31/37 53/30/36
f 55/32/38 57/34/40 56/35/41 54/33/39
f 57/34/40 59/36/42 58/37/43 56/35/41
f 61/38/44 60/39/45 58/37/43 59/36/42
f 63/40/46 62/41/47 60/39/45 61/38/44
f 66/31/48 67/42/49 65/29/50 64/28/50
f 66/31/48 68/33/51 69/43/52 67/42/49
f 70/35/53 71/44/54 69/43/52 68/33/51
f 70/35/53 72/37/55 73/45/56 71/44/54
f 72/37/55 74/39/57 75/46/58 73/45/56
f 74/39/57 76/41/59 77/47/60 75/46/58
f 79/48/61 81/49/62 80/27/63 78/26/64
f 81/49/62 83/50/65 82/30/66 80/27/63
f 83/50/65 85/51/67 84/32/68 82/30/66
f 87/52/69 86/34/70 84/32/68 85/51/67
f 89/53/71 88/36/72 86/34/70 87/52/69
f 95/54/73 90/55/74 88/36/72 89/53/71
f 93/56/75 91/38/76 88/36/72 90/55/74
f 94/57/77 92/40/78 91/38/76 93/56/75
f 97/40/79 99/57/80 98/47/79 96/41/80
f 101/58/81 103/59/82 102/60/83 100/61/84
f 105/62/85 104/63/86 102/60/83 103/59/82
f 105/62/85 108/64/87 106/65/88 104/63/86
f 108/64/87 109/66/89 107/67/73 106/65/88
f 111/68/90 113/59/91 112/58/92 110/69/35
f 111/68/90 115/70/93 114/62/94 113/59/91
f 117/71/95 116/64/96 114/62/94 115/70/93
f 119/72/97 118/66/98 116/64/96 117/71/95
f 119/72/97 121/73/99 120/74/100 118/66/98
f 121/73/99 123/75/101 122/76/102 120/74/100
f 125/77/103 127/78/104 126/79/105 124/80/106
f 125/77/103 128/77/107 127/78/104
f 130/81/108 132/81/108 131/81/109 129/81/105
f 135/82/110 134/82/103 131/81/109 133/81/111
f 137/82/112 136/82/113 134/82/103 135/82/110
f 139/82/114 138/82/115 136/82/113 137/82/112
f 139/82/114 141/82/116 142/82/117 140/82/118
f 141/82/116 143/82/119 145/82/120 142/82/117
f 143/82/119 144/81/121 146/81/122 145/82/120
f 146/81/123 148/81/124 149/81/125 147/81/126
f 154/83/127 153/84/128 150/84/129 151/83/127
f 150/84/129 153/84/128 155/85/130 152/85/131
f 157/85/131 152/85/131 155/85/130 156/86/132
f 157/85/131 156/86/132 158/87/127 160/88/127
f 161/85/133 160/88/127 158/87/127 159/86/134
f 161/85/133 159/86/134 164/85/135 162/85/136
f 163/84/137 162/85/136 164/85/135 165/84/138
f 163/84/137 165/84/138 154/83/127 151/83/127
f 167/89/139 169/89/140 168/90/141 166/91/142
f 171/92/141 170/90/141 168/90/141 169/89/140
f 171/92/141 173/92/140 172/90/141 170/90/141
f 175/93/142 177/94/143 176/94/140 174/93/140
f 177/94/143 179/94/139 178/94/141
f 175/93/142 181/95/144 179/94/139 177/94/143
f 180/95/144 179/94/139 181/95/144
f 181/95/144 175/93/142 182/95/145
f 185/96/146 186/96/147 184/97/148 183/97/149
f 186/96/147 187/98/150 189/99/151 184/97/148
f 188/98/152 190/99/153 189/99/151 187/98/150
f 192/98/154 191/99/155 190/99/153 188/98/152
f 195/100/156 196/101/156 194/102/157 193/103/158
f 195/100/156 197/100/159 198/104/160 196/101/156
f 197/100/159 199/105/161 200/106/161 198/104/160
f 202/107/162 204/107/163 203/108/164 201/108/165
f 206/107/166 205/108/167 203/108/164 204/107/163
f 204/107/163 208/107/168 207/107/169 206/107/166
f 207/107/169 208/107/168 209/107/170
f 210/107/171 212/109/172 211/109/173 209/107/170
f 202/107/162 210/107/171 209/107/170 208/107/168
f 204/107/163 202/107/162 208/107/168
f 214/110/174 216/110/174 215/111/175 213/111/175
f 214/110/174 218/110/176 217/110/177 216/110/174
f 218/110/176 220/110/178 219/110/179 217/110/177
f 221/112/7 223/113/180 240/112/181 222/112/182
f 221/112/7 224/114/183 225/115/184 223/113/180
f 224/114/183 226/116/185 227/116/186 225/115/184
f 228/117/187 229/117/188 227/116/186 226/116/185
f 230/118/189 231/118/190 229/117/188 228/117/187
f 230/118/189 232/117/191 233/117/192 231/118/190
f 232/117/191 234/116/193 235/116/194 233/117/192
f 236/114/195 238/115/196 235/116/194 234/116/193
f 237/112/197 239/113/198 238/115/196 236/114/195
f 240/112/181 239/113/198 237/112/197 222/112/182
f 245/119/199 242/120/200 241/121/132 244/122/201
f 246/123/202 244/122/201 241/121/132 243/124/127
f 248/121/203 247/122/204 246/123/202 243/124/127
f 249/119/205 247/122/204 248/121/203 250/120/206
f 253/125/133 249/119/205 250/120/206
f 251/126/207 249/119/205 252/127/208 256/128/209
f 252/127/208 249/119/205 253/125/133 254/129/127
f 252/127/208 254/129/127 255/125/200 245/119/199
f 242/120/200 245/119/199 255/125/200
f 257/126/210 256/128/209 252/127/208 245/119/199
f 260/28/211 261/27/212 259/26/213 258/29/214
f 262/31/215 263/30/216 261/27/212 260/28/211
f 262/31/215 264/33/217 265/32/218 263/30/216
f 266/35/219 267/34/220 265/32/218 264/33/217
f 268/37/221 269/36/222 267/34/220 266/35/219
f 268/37/221 270/39/223 271/38/224 269/36/222
f 270/39/223 272/41/225 273/40/226 271/38/224
f 275/29/227 277/42/228 276/31/229 274/28/227
f 279/43/230 278/33/231 276/31/229 277/42/228
f 279/43/230 281/44/232 280/35/233 278/33/231
f 283/45/234 282/37/235 280/35/233 281/44/232
f 285/46/236 284/39/237 282/37/235 283/45/234
f 287/47/238 286/41/238 284/39/237 285/46/236
f 290/27/239 291/49/240 289/48/241 288/26/242
f 292/30/243 293/50/244 291/49/240 290/27/239
f 294/32/245 295/51/246 293/50/244 292/30/243
f 294/32/245 296/34/247 297/52/248 295/51/246
f 296/34/247 298/36/249 299/53/250 297/52/248
f 305/54/251 299/53/250 298/36/249 300/55/252
f 298/36/249 301/38/253 302/56/254 300/55/252
f 301/38/253 303/40/255 304/57/255 302/56/254
f 308/47/256 309/57/256 307/40/256 306/41/256
f 312/60/257 313/59/258 311/58/259 310/61/260
f 312/60/257 314/63/261 315/62/262 313/59/258
f 316/65/263 317/64/264 315/62/262 314/63/261
f 318/67/265 319/66/266 317/64/264 316/65/263
f 322/58/267 323/59/268 321/68/269 320/69/270
f 324/62/271 325/70/272 321/68/269 323/59/268
f 324/62/271 326/64/273 327/71/274 325/70/272
f 326/64/273 328/66/275 329/72/276 327/71/274
f 330/74/277 331/73/278 329/72/276 328/66/275
f 332/76/279 333/75/280 331/73/278 330/74/277
f 334/130/281 336/131/282 335/132/283
f 337/133/284 338/134/285 335/132/283 336/131/282
f 341/92/286 342/90/287 340/90/287 339/92/288
f 341/92/286 343/89/289 345/90/287 342/90/287
f 344/89/286 346/91/286 345/90/287 343/89/289
f 349/94/287 350/94/290 348/93/289 347/93/287
f 351/94/290 353/95/291 348/93/289 350/94/290
f 350/94/290 352/94/292 351/94/290
f 353/95/291 351/94/290 354/95/289
f 355/95/287 348/93/289 353/95/291
f 358/108/293 360/107/294 357/107/295 356/108/296
f 358/108/293 359/108/297 361/107/298 360/107/294
f 360/107/294 362/107/299 357/107/295
f 363/107/300 362/107/299 360/107/294 361/107/298
f 363/107/300 364/107/301 362/107/299
f 364/107/301 365/107/302 357/107/295 362/107/299
f 366/109/303 367/109/304 365/107/302 364/107/301
f 370/135/286 371/136/289 369/137/289 368/138/289
f 374/139/61 375/140/305 373/141/306 372/142/307
f 376/143/308 377/144/309 373/141/306 375/140/305
f 378/145/310 379/146/311 377/144/309 376/143/308
f 380/147/73 381/148/312 379/146/311 378/145/310
f 382/149/31 384/150/313 383/151/313
f 384/150/313 386/152/314 385/153/315
f 385/153/315 388/154/315 383/151/313 384/150/313
f 387/155/31 388/154/315 385/153/315
f 388/154/315 389/156/316 383/151/313
f 392/157/317 393/158/318 391/159/319 390/160/317
f 393/158/318 394/161/320 395/162/321 391/159/319
f 394/161/320 396/163/322 397/164/323 395/162/321
f 399/165/324 401/166/325 400/167/326 398/168/324
f 401/166/325 403/169/327 402/170/328 400/167/326
f 403/169/327 405/171/329 404/172/330 402/170/328
f 407/168/286 409/157/286 408/160/286 406/165/286
f 411/163/139 413/172/143 412/171/139 410/164/331
f 415/173/332 417/174/333 416/174/333 414/173/334
f 419/175/335 421/176/335 420/176/335 418/175/335
f 423/177/336 425/178/333 424/178/333 422/177/334
f 427/179/337 429/180/337 428/180/338 426/179/337
f 431/181/140 433/182/140 432/183/141 430/184/140
f 435/185/287 437/185/287 436/186/287 434/186/286
f 439/187/333 441/188/333 440/189/336 438/190/333
f 443/191/339 445/192/339 444/193/339 442/194/335
f 447/195/139 449/196/139 448/196/139 446/195/139
f 451/197/287 453/197/287 452/198/287 450/198/340
f 455/199/341 457/200/341 456/201/342 454/202/342
f 459/203/337 461/204/335 460/204/335 458/203/337
f 463/205/141 465/206/141 464/206/140 462/205/141
f 467/207/287 469/207/289 468/208/289 466/208/287
f 471/209/343 473/210/344 472/211/344 470/212/344
f 475/213/345 477/214/345 476/215/346 474/216/345
f 479/213/289 481/217/347 480/218/289 478/214/347
f 483/217/348 485/219/348 484/220/348 482/218/349
f 488/221/350 489/222/351 487/223/351 486/224/351
f 491/225/352 493/226/353 492/227/354 490/228/355
f 495/212/356 494/211/357 493/226/353 491/225/352
f 498/229/358 499/230/359 497/231/360 496/232/361
f 500/233/356 501/234/357 499/230/359 498/229/358
f 504/235/362 505/236/362 503/237/363 502/238/364
f 504/235/362 506/239/365 507/240/366 505/236/362
f 506/239/365 508/241/367 509/242/368 507/240/366
f 511/243/369 513/244/370 512/245/371 510/246/372
f 513/244/370 515/247/373 514/248/374 512/245/371
f 517/234/139 519/233/141 518/249/139 516/250/139
f 522/251/375 523/252/376 521/253/377 520/254/378
f 523/252/376 524/255/379 525/256/380 521/253/377
f 526/252/381 527/253/382 525/256/380 524/255/379
f 528/251/383 529/254/384 527/253/382 526/252/381
f 532/133/385 533/131/386 531/132/387 530/134/388
f 531/132/387 533/131/386 534/130/389
f 537/257/390 538/258/391 536/259/392 535/260/186
f 539/261/190 540/262/393 538/258/391 537/257/390
f 539/261/190 541/257/192 542/258/394 540/262/393
f 541/257/192 543/260/395 544/259/396 542/258/394
f 546/263/397 548/263/397 547/264/397 545/264/397
f 550/265/398 552/265/399 551/266/400 549/266/400
f 554/267/401 556/267/402 555/267/401 553/267/402
f 558/263/403 560/263/404 559/264/403 557/264/404
f 563/268/405 564/268/22 562/269/22 561/269/405
f 566/270/406 568/271/406 567/271/407 565/270/408
f 570/272/409 572/273/289 571/274/289 569/275/406
f 574/276/140 576/277/410 575/277/411 573/276/140
f 576/277/410 578/277/412 577/277/412 575/277/411
f 580/273/413 582/272/414 581/272/415 579/273/416
f 580/273/413 584/273/417 583/272/418 582/272/414
f 586/278/31 588/278/419 587/278/31 585/278/31
f 590/278/315 589/278/19 587/278/31 588/278/419
f 593/279/286 594/280/286 592/281/420 591/282/421
f 597/279/422 598/280/401 596/280/423 595/279/423
f 597/279/422 599/279/424 600/280/424 598/280/401
f 603/283/20 604/283/419 602/283/31 601/283/31
f 605/283/425 606/283/426 602/283/31 604/283/419
f 605/283/425 607/283/427 608/283/428 606/283/426
f 610/283/429 612/283/420 611/283/430 609/283/430
f 614/284/431 616/285/432 615/285/433 613/284/433
f 618/286/434 620/286/435 619/287/436 617/287/437
f 622/288/438 621/289/439 619/287/436 620/286/435
f 622/288/438 624/286/440 623/287/441 621/289/439
f 626/286/442 625/287/443 623/287/441 624/286/440
f 630/290/444 632/291/445 628/291/446 627/292/447
f 630/290/444 627/292/447 629/290/448 631/290/449
f 632/291/445 633/290/450 634/292/451 628/291/446
f 633/290/450 635/290/452 636/290/453 634/292/451
f 635/290/452 637/290/454 638/290/455 636/290/453
f 639/290/456 641/290/457 640/290/458 637/290/459
f 631/290/449 629/290/448 645/290/460 642/290/461
f 644/290/462 642/290/463 643/290/464 646/290/465
f 648/290/466 650/290/467 649/290/468 647/290/469
f 653/292/470 651/292/471 649/290/468 650/290/467
f 653/292/470 654/291/472 652/291/473 651/292/471
f 655/292/474 656/292/475 652/291/473 654/291/472
f 655/292/474 657/290/476 658/290/477 656/292/475
f 659/290/478 660/290/479 658/290/477 657/290/476
f 661/293/413 663/293/480 662/293/481
f 663/293/482 662/293/483 665/293/484
f 662/293/481 663/293/480 664/293/485
f 667/294/486 669/295/487 668/295/487 666/294/488
f 671/296/489 673/297/490 672/297/490 670/296/490
f 675/298/491 677/299/492 676/299/493 674/298/494
f 679/300/495 681/301/496 680/302/497 678/303/498
f 682/304/499 683/305/500 684/306/501
f 686/307/502 685/308/503 684/306/501 683/305/500
f 686/307/502 688/305/504 687/306/505 685/308/503
f 687/306/505 688/305/504 689/304/506
f 692/309/507 693/309/508 691/310/422 690/310/509
f 691/310/422 693/309/508 694/310/480
f 697/311/510 698/312/511 696/312/512 695/311/512
f 699/311/513 700/312/514 698/312/511 697/311/510
f 699/311/513 701/313/515 702/314/516 700/312/514
f 701/313/515 703/313/517 705/314/518 702/314/516
f 703/313/517 704/315/519 706/316/520 705/314/518
f 704/315/519 708/317/521 707/318/522 706/316/520
f 708/317/521 711/319/523 709/106/431 707/318/522
f 709/106/431 710/106/524 707/318/522
f 714/320/525 715/320/526 713/320/527 712/320/528
f 715/320/526 716/321/529 717/321/530 713/320/527
f 719/322/531 721/322/532 720/323/533 718/323/534
f 723/324/535 725/324/536 724/325/537 722/324/538
f 727/326/539 726/327/540 724/325/537 725/324/536
f 729/323/541 728/328/542 726/327/540 727/326/539
f 731/323/543 730/323/544 728/328/542 729/323/541
f 734/329/545 735/329/546 733/330/547 732/329/548
f 735/329/546 736/331/549 737/330/550 733/330/547
f 736/331/549 738/331/551 739/330/552 737/330/550
f 740/332/553 741/332/554 739/330/552 738/331/551
f 740/332/553 742/332/555 743/332/555 741/332/554
f 745/333/556 747/333/557 746/333/558 744/333/559
f 745/333/556 749/334/560 748/333/561 747/333/557
f 751/335/562 753/335/562 752/329/563 750/329/563
f 755/336/564 757/336/565 756/336/566 754/336/567
f 767/337/350 760/338/350 758/338/350 759/337/350
f 760/338/350 762/339/568 761/339/569 758/338/350
f 762/339/568 764/339/570 763/339/571 761/339/569
f 764/339/570 766/339/572 765/339/573 763/339/571
f 769/338/350 768/338/350 767/337/350 759/337/350
f 772/339/574 770/339/575 768/338/350 769/338/350
f 773/339/576 771/339/577 770/339/575 772/339/574
f 774/339/578 775/339/579 771/339/577 773/339/576
f 777/340/288 779/340/292 778/341/292 776/341/292
f 785/342/580 783/343/581 780/343/582 781/342/583
f 780/343/582 783/343/581 784/344/584 782/344/585
f 787/343/586 786/343/582 785/342/580 781/342/583
f 787/343/586 789/344/587 788/344/588 786/343/582
f 789/344/587 791/344/589 790/344/590 788/344/588
f 791/344/589 793/344/591 792/344/592 790/344/590
f 782/344/585 784/344/584 794/344/593 795/344/594
f 795/344/594 794/344/593 796/344/595 797/344/596
f 803/345/597 799/345/598 798/346/599 801/346/599
f 802/347/343 801/346/599 798/346/599 800/348/343
f 803/345/597 804/345/600 805/345/601 799/345/598
f 806/345/602 807/349/603 805/345/601 804/345/600
f 809/346/343 808/346/343 802/347/343 800/348/343
f 809/346/343 811/345/604 810/345/605 808/346/343
f 813/345/606 812/345/607 810/345/605 811/345/604
f 813/345/606 815/349/608 814/345/609 812/345/607
f 818/350/610 819/350/611 817/350/610 816/351/612
f 820/352/350 822/353/613 821/352/614
f 822/353/613 823/354/615 858/352/616 821/352/614
f 822/353/613 824/355/617 823/354/615
f 825/356/618 849/355/619 823/354/615 824/355/617
f 825/356/618 824/355/617 826/357/620 833/311/621
f 824/355/617 827/358/622 830/359/623 826/357/620
f 828/358/624 829/358/625 827/358/622 824/355/617
f 830/359/623 831/359/626 832/359/627 826/357/620
f 825/356/618 833/311/621 834/360/628 839/361/629
f 833/311/621 835/362/630 837/363/631 834/360/628
f 833/311/621 836/312/350 835/362/630
f 837/363/631 838/363/632 834/360/628
f 825/356/618 839/361/629 840/360/633 843/311/621
f 841/363/634 842/363/635 840/360/633
f 842/363/635 845/362/636 843/311/621 840/360/633
f 825/356/618 843/311/621 844/357/637 849/355/619
f 843/311/621 845/362/636 846/312/638
f 848/359/639 857/359/626 847/359/640 844/357/637
f 847/359/640 851/358/640 849/355/619 844/357/637
f 850/353/641 823/354/615 849/355/619
f 851/358/640 853/358/642 852/358/642 849/355/619
f 856/352/643 823/354/615 850/353/641 855/352/644
f 854/352/350 855/352/644 850/353/641
f 860/364/645 867/364/646 861/365/647 859/365/645
f 862/364/165 859/365/645 861/365/647 863/364/648
f 864/364/649 863/364/648 861/365/647 865/365/650
f 866/364/651 865/365/650 861/365/647 867/364/646
f 870/366/652 871/366/653 869/367/654 868/367/655
f 869/367/654 871/366/653 872/368/645
f 873/369/656 874/370/645 872/368/645 871/366/653
f 873/369/656 875/366/657 878/368/645 874/370/645
f 878/368/645 875/366/657 876/367/658
f 877/366/659 879/367/660 876/367/658 875/366/657
f 882/371/175 883/372/661 881/372/662 880/371/175
f 884/371/663 885/371/663 881/372/662 883/372/661
f 888/110/664 889/110/665 887/111/666 886/111/667
f 890/110/668 891/110/669 889/110/665 888/110/664
f 894/373/670 895/372/671 893/371/667 892/374/672
f 894/373/670 896/374/673 897/371/674 895/372/671
f 899/375/389 906/376/675 900/377/676 898/378/677
f 901/379/388 898/378/677 900/377/676 903/380/678
f 901/379/388 903/380/678 905/381/679 902/381/385
f 903/380/678 904/382/680 907/383/681 905/381/679
f 909/384/386 902/381/385 905/381/679 906/376/675
f 907/383/681 904/382/680 908/385/682
f 899/375/389 909/384/386 906/376/675
f 913/386/683 914/387/684 911/388/685 910/389/686
f 916/390/687 913/386/683 910/389/686 912/390/688
f 915/391/199 979/392/689 914/387/684 913/386/683
f 918/389/690 917/386/207 916/390/687 912/390/688
f 978/388/691 919/387/692 917/386/207 918/389/690
f 919/387/692 921/392/693 920/391/205 917/386/207
f 921/392/693 923/393/694 922/394/695 920/391/205
f 946/395/696 924/396/697 923/393/694 921/392/693
f 923/393/694 924/396/697 925/397/698
f 925/397/698 927/398/699 926/399/700 923/393/694
f 928/400/701 926/399/700 927/398/699 930/401/702
f 928/400/701 930/401/702 931/402/703 929/402/704
f 929/402/704 931/402/703 932/403/705 936/403/706
f 943/402/707 934/403/708 932/403/705 933/402/709
f 934/403/708 935/404/710 932/403/705
f 935/404/710 937/404/711 936/403/706 932/403/705
f 937/404/711 938/405/712 936/403/706
f 938/405/712 942/110/713 939/110/714 936/403/706
f 940/406/715 936/403/706 939/110/714 941/111/716
f 944/401/717 943/402/707 933/402/709 945/401/718
f 944/401/717 945/401/718 925/397/698 924/396/697
f 947/387/719 946/395/696 921/392/693 919/387/692
f 977/387/720 948/387/721 947/387/719 919/387/692
f 948/387/721 976/387/722 949/407/723 947/387/719
f 951/408/724 950/395/725 947/387/719 949/407/723
f 951/408/724 952/409/726 950/395/725
f 952/409/726 954/410/727 953/396/728 950/395/725
f 954/410/727 956/411/729 955/401/730 953/396/728
f 956/411/729 958/411/731 957/402/732 955/401/730
f 958/411/731 960/412/733 959/403/734 957/402/732
f 960/412/733 962/413/735 961/404/736 959/403/734
f 962/413/735 964/414/737 963/404/738 961/404/736
f 964/414/737 966/405/739 965/405/740 963/404/738
f 970/414/741 967/414/742 964/414/737 962/413/735
f 967/414/742 969/415/743 968/415/744 964/414/737
f 954/410/745 972/416/746 973/417/747 971/418/729
f 974/408/748 951/408/724 949/407/723 975/407/749
f 976/387/722 975/407/749 949/407/723
f 978/388/691 977/387/720 919/387/692
f 980/394/201 981/393/750 979/392/689 915/391/199
f 981/393/750 984/397/751 982/396/752
f 979/392/689 981/393/750 982/396/752 1004/395/753
f 983/399/754 985/398/755 984/397/751 981/393/750
f 984/397/751 986/401/679 987/401/756 982/396/752
f 988/402/681 989/402/757 987/401/756 986/401/679
f 990/403/758 993/403/759 989/402/757 988/402/681
f 993/403/759 990/403/758 991/404/760
f 992/403/761 999/404/762 991/404/760 990/403/758
f 990/403/758 994/402/763 995/402/764 992/403/761
f 994/402/763 996/401/765 997/400/766 995/402/764
f 985/398/755 983/399/754 997/400/766 996/401/765
f 1001/110/767 992/403/761 998/406/768 1003/111/769
f 999/404/762 992/403/761 1000/405/770
f 1001/110/767 1002/110/771 1000/405/770 992/403/761
f 979/392/689 1004/395/753 1005/387/772 914/387/684
f 1005/387/772 1006/387/773 1035/387/774 914/387/684
f 1007/407/775 1034/387/462 1006/387/773 1005/387/772
f 1005/387/772 1008/395/776 1009/408/549 1007/407/775
f 1009/408/549 1008/395/776 1010/409/777
f 1011/396/778 1012/410/779 1010/409/777 1008/395/776
f 1013/401/780 1014/411/781 1012/410/779 1011/396/778
f 1015/402/782 1016/411/783 1014/411/781 1013/401/780
f 1017/403/784 1019/412/785 1016/411/783 1015/402/782
f 1018/404/786 1020/413/787 1019/412/785 1017/403/784
f 1023/404/788 1022/414/789 1020/413/787 1018/404/786
f 1022/414/789 1026/414/790 1021/414/791 1020/413/787
f 1028/405/792 1025/405/793 1022/414/789 1023/404/788
f 1024/415/794 1027/415/795 1026/414/790 1022/414/789
f 1012/410/796 1030/418/797 1031/417/798 1029/416/799
f 1007/407/775 1009/408/549 1032/408/800 1033/407/801
f 1034/387/462 1007/407/775 1033/407/801
f 911/388/685 914/387/684 1035/387/774
f 1037/419/802 1039/373/803 1038/374/804 1036/420/805
f 1037/419/802 1041/420/715 1040/374/716 1039/373/803
f 1042/421/806 1045/421/807 1047/421/808 1043/421/809
f 1042/421/806 1043/421/809 1061/422/380 1044/422/810
f 1045/421/807 1046/423/811 1048/423/812 1047/421/808
f 1051/424/3 1049/424/813 1048/423/812 1046/423/811
f 1051/424/3 1052/424/814 1050/424/815 1049/424/813
f 1053/424/816 1054/424/817 1050/424/815 1052/424/814
f 1053/424/816 1055/423/818 1056/423/819 1054/424/817
f 1057/421/820 1059/421/821 1056/423/819 1055/423/818
f 1058/421/822 1060/421/382 1059/421/821 1057/421/820
f 1061/422/380 1060/421/382 1058/421/822 1044/422/810
f 1063/425/350 1065/426/350 1064/336/350 1062/336/350
f 1063/425/350 1067/336/351 1066/336/351 1065/426/350
f 1069/427/823 1071/428/824 1070/429/825 1068/429/826
f 1071/428/824 1073/428/827 1072/430/828 1070/429/825
f 1071/428/824 1075/429/829 1074/430/830 1073/428/827
f 1069/427/823 1076/429/831 1075/429/829 1071/428/824
f 1079/431/832 1080/431/833 1078/432/834 1077/433/835
f 1080/431/833 1081/431/836 1078/432/834
f 1082/432/837 1083/432/633 1078/432/834 1081/431/836
f 1082/432/837 1084/434/838 1086/434/839 1083/432/633
f 1085/432/840 1087/432/841 1086/434/839 1084/434/838
f 1085/432/840 1089/431/842 1088/432/843 1087/432/841
f 1089/431/842 1090/431/844 1088/432/843
f 1092/431/845 1091/433/846 1088/432/843 1090/431/844
f 1095/435/847 1096/435/848 1094/436/849 1093/436/178
f 1094/436/849 1096/435/848 1097/436/850
f 1098/437/851 1100/437/852 1099/438/790
f 1101/438/853 1102/438/791 1099/438/790 1100/437/852
f 1105/439/854 1106/440/855 1104/440/799 1103/439/856
f 1109/441/857 1110/441/858 1108/441/859 1107/441/860
f 1111/441/861 1112/441/862 1108/441/859 1110/441/858
f 1113/441/863 1114/441/864 1112/441/862 1111/441/861
f 1115/442/865 1117/443/865 1124/444/865 1116/445/866
f 1115/442/865 1118/442/867 1119/443/868 1117/443/865
f 1118/442/867 1120/446/869 1122/447/870 1119/443/868
f 1120/446/869 1121/446/871 1123/447/872 1122/447/870
f 1124/444/865 1125/443/865 1126/442/873 1116/445/866
f 1127/443/874 1128/442/875 1126/442/873 1125/443/865
f 1129/447/876 1130/446/877 1128/442/875 1127/443/874
f 1131/447/878 1132/446/879 1130/446/877 1129/447/876
f 1134/448/880 1136/448/881 1135/449/882 1133/448/883
f 1139/449/884 1137/449/885 1135/449/882 1136/448/881
f 1137/449/885 1139/449/884 1138/450/886
f 1140/451/887 1141/451/887 1138/450/886 1139/449/884
f 1140/451/887 1142/449/888 1143/450/889 1141/451/887
f 1143/450/889 1142/449/888 1144/449/890
f 1142/449/888 1145/448/891 1147/449/892 1144/449/890
f 1146/448/893 1148/448/894 1147/449/892 1145/448/891
f 1160/452/895 1151/453/896 1149/453/897 1150/452/898
f 1151/453/896 1153/454/899 1152/454/900 1149/453/897
f 1153/454/899 1155/454/901 1154/454/902 1152/454/900
f 1155/454/901 1157/455/903 1156/456/904 1154/454/902
f 1157/455/903 1159/455/905 1158/455/906 1156/456/904
f 1162/453/907 1161/453/690 1160/452/895 1150/452/898
f 1164/454/908 1163/454/691 1161/453/690 1162/453/907
f 1166/454/909 1165/454/910 1163/454/691 1164/454/908
f 1168/456/911 1167/455/721 1165/454/910 1166/454/909
f 1170/455/912 1169/455/913 1167/455/721 1168/456/911
f 1172/457/914 1174/457/915 1173/457/914 1171/457/916
f 1176/458/917 1178/459/918 1177/459/919 1175/460/920
f 1180/459/921 1179/459/922 1177/459/919 1178/459/918
f 1179/459/922 1180/459/921 1181/459/923
f 1183/461/924 1182/462/925 1181/459/923 1180/459/921
f 1183/461/924 1185/459/926 1184/459/927 1182/462/925
f 1184/459/927 1185/459/926 1186/459/928
f 1185/459/926 1188/459/929 1187/459/930 1186/459/928
f 1190/458/931 1189/460/932 1187/459/930 1188/459/929
f 1192/461/615 1191/459/933 1185/459/926 1183/461/924
f 1192/461/615 1183/461/924 1180/459/921 1193/459/934
f 1194/463/935 1195/407/936 1196/463/461
f 1195/407/936 1198/463/937 1197/463/938 1196/463/461
f 1200/463/939 1199/463/940 1197/463/938 1198/463/937
f 1195/407/936 1202/408/941 1201/464/920 1198/463/937
f 1205/137/140 1206/136/141 1204/135/141 1203/138/141
f 1209/141/942 1210/140/943 1208/139/241 1207/142/944
f 1209/141/942 1211/144/945 1212/143/261 1210/140/943
f 1211/144/945 1213/146/946 1215/145/947 1212/143/261
f 1213/146/946 1214/148/948 1216/147/949 1215/145/947
f 1217/149/16 1218/151/313 1219/150/313
f 1218/151/313 1223/154/313 1220/153/313 1219/150/313
f 1219/150/313 1220/153/313 1221/152/950
f 1222/155/951 1220/153/313 1223/154/313
f 1223/154/313 1218/151/313 1224/156/952
f 1227/159/953 1228/158/954 1226/157/955 1225/160/956
f 1229/162/957 1230/161/958 1228/158/954 1227/159/953
f 1231/164/959 1232/163/960 1230/161/958 1229/162/957
f 1235/167/961 1236/166/962 1234/165/330 1233/168/330
f 1237/170/963 1238/169/964 1236/166/962 1235/167/961
f 1239/172/965 1240/171/966 1238/169/964 1237/170/963
f 1243/160/141 1244/157/331 1242/168/141 1241/165/331
f 1247/171/286 1248/172/286 1246/163/286 1245/164/289
f 1251/174/967 1252/174/341 1250/173/968 1249/173/967
f 1255/176/335 1256/176/969 1254/175/970 1253/175/335
f 1259/178/341 1260/178/341 1258/177/341 1257/177/341
f 1263/180/338 1264/180/338 1262/179/970 1261/179/335
f 1267/183/287 1268/182/286 1266/181/286 1265/184/286
f 1271/185/140 1272/186/144 1270/186/140 1269/185/144
f 1275/189/336 1276/188/971 1274/187/336 1273/190/336
f 1279/193/969 1280/192/969 1278/191/339 1277/194/969
f 1283/196/287 1284/196/289 1282/195/287 1281/195/287
f 1287/197/140 1288/198/972 1286/198/140 1285/197/973
f 1291/201/968 1292/200/968 1290/199/968 1289/202/967
f 1295/204/339 1296/204/339 1294/203/335 1293/203/970
f 1299/206/289 1300/206/289 1298/205/287 1297/205/287
f 1303/207/139 1304/208/974 1302/208/142 1301/207/974
f 1307/211/343 1308/210/975 1306/209/976 1305/212/343
f 1311/215/977 1312/214/978 1310/213/979 1309/216/980
f 1313/218/981 1314/217/982 1310/213/979 1312/214/978
f 1315/220/983 1316/219/984 1314/217/982 1313/218/981
f 1319/221/985 1320/224/986 1318/223/350 1317/222/350
f 1323/222/349 1324/223/348 1322/465/349 1321/466/349
f 1327/226/987 1328/211/987 1326/212/988 1325/225/987
f 1331/229/343 1332/232/977 1330/231/976 1329/230/343
f 1335/237/989 1336/236/990 1334/235/356 1333/238/991
f 1339/235/140 1340/236/140 1338/240/140 1337/239/140
f 1342/239/992 1344/240/374 1343/242/983 1341/241/993
f 1347/243/985 1348/246/983 1346/245/350 1345/244/350
f 1351/244/994 1352/245/995 1350/248/996 1349/247/997
f 1355/249/998 1356/233/999 1354/234/1000 1353/250/998
f 1356/233/999 1357/229/1001 1358/230/1002 1354/234/1000
f 1360/264/1003 1362/263/1003 1361/263/1003 1359/264/1003
f 1364/266/1004 1366/265/1005 1365/265/1005 1363/266/1005
f 1368/267/1006 1370/267/1006 1369/267/1006 1367/267/1006
f 1372/269/17 1374/268/1007 1373/268/316 1371/269/24
f 1376/271/1008 1378/271/1009 1377/270/1008 1375/270/1008
f 1379/77/1010 1381/77/1011 1380/78/1012
f 1381/77/1011 1382/80/1013 1383/79/1014 1380/78/1012
f 1386/277/1015 1388/277/1016 1385/276/287 1384/276/287
f 1387/277/1017 1389/277/1018 1388/277/1016 1386/277/1015
f 1392/279/141 1393/282/428 1391/281/1019 1390/280/141
f 1395/285/1020 1397/285/431 1396/284/524 1394/284/1021
f 1400/441/1022 1401/441/1023 1399/441/1024 1398/441/1025
f 1401/441/1023 1402/441/1026 1403/441/1027 1399/441/1024
f 1404/441/1028 1405/441/1029 1403/441/1027 1402/441/1026
f 1406/293/413 1408/293/1030 1407/293/1031
f 1408/293/1032 1407/293/1033 1410/293/1034
f 1407/293/1035 1408/293/1030 1409/293/1036
f 1412/295/1037 1414/295/404 1413/294/1038 1411/294/404
f 1416/297/489 1418/297/490 1417/296/490 1415/296/490
f 1420/299/1039 1422/299/1040 1421/298/1041 1419/298/1042
f 1424/302/1043 1426/301/1044 1425/300/1043 1423/303/1045
f 1428/100/1046 1430/104/160 1429/106/161 1427/105/1047
f 1432/100/156 1431/101/156 1430/104/160 1428/100/1046
f 1432/100/156 1434/103/157 1433/102/157 1431/101/156
f 1437/310/1048 1438/309/1049 1436/309/1050 1435/310/1051
f 1437/310/1048 1439/310/1031 1438/309/1049
f 1441/97/1052 1443/96/147 1442/96/1053 1440/97/1054
f 1445/99/1055 1444/98/1055 1443/96/147 1441/97/1052
f 1445/99/1055 1447/99/1056 1446/98/1057 1444/98/1055
f 1447/99/1056 1449/99/1058 1448/98/1059 1446/98/1057
f 1451/317/1060 1453/318/1061 1452/106/431 1450/319/524
f 1452/106/431 1453/318/1061 1454/106/524
f 1456/315/1062 1455/316/1063 1453/318/1061 1451/317/1060
f 1459/313/1064 1457/314/1065 1455/316/1063 1456/315/1062
f 1460/313/1066 1458/314/1067 1457/314/1065 1459/313/1064
f 1461/311/1068 1462/312/1069 1458/314/1067 1460/313/1066
f 1461/311/1068 1463/311/1070 1464/312/511 1462/312/1069
f 1463/311/1070 1465/311/512 1466/312/512 1464/312/511
f 1468/320/1071 1470/320/1072 1469/320/1073 1467/320/1074
f 1472/321/1075 1471/321/1076 1470/320/1072 1468/320/1071
f 1475/322/1077 1476/323/1078 1474/323/1079 1473/322/1080
f 1479/323/1081 1480/323/1082 1478/328/1083 1477/323/1084
f 1480/323/1082 1481/326/1085 1483/327/731 1478/328/1083
f 1481/326/1085 1482/324/1086 1484/325/1087 1483/327/731
f 1486/324/1088 1485/324/1089 1484/325/1087 1482/324/1086
f 1489/330/1090 1490/329/1091 1488/329/1092 1487/329/1093
f 1491/330/1094 1492/331/724 1490/329/1091 1489/330/1090
f 1493/330/1095 1494/331/1096 1492/331/724 1491/330/1094
f 1493/330/1095 1495/332/1097 1496/332/1098 1494/331/1096
f 1497/332/1099 1498/332/1099 1496/332/1098 1495/332/1097
f 1501/333/1100 1502/333/1101 1500/333/1102 1499/333/1103
f 1503/333/1104 1504/334/1105 1500/333/1102 1502/333/1101
f 1507/335/1106 1508/329/1092 1506/329/1092 1505/335/1107
f 1511/336/1108 1512/336/1109 1510/336/1108 1509/336/1110
f 1515/350/1111 1516/351/1112 1514/350/1113 1513/350/1114
f 1519/110/1115 1520/110/1116 1518/110/1117 1517/110/1118
f 1521/110/1119 1522/110/1119 1520/110/1116 1519/110/1115
f 1521/110/1119 1523/111/1120 1524/111/1120 1522/110/1119
f 1527/110/1121 1528/110/1122 1526/110/1123 1525/110/1124
f 1528/110/1122 1529/111/1125 1530/111/673 1526/110/1123
f 1532/377/1126 1531/378/1127 1534/379/1128 1535/380/1129
f 1532/377/1126 1539/376/1130 1533/375/1131 1531/378/1127
f 1538/381/1132 1535/380/1129 1534/379/1128 1536/381/1133
f 1538/381/1132 1536/381/1133 1537/384/1134 1539/376/1130
f 1540/383/1135 1542/382/1136 1535/380/1129 1538/381/1132
f 1540/383/1135 1541/385/1137 1542/382/1136
f 1533/375/1131 1539/376/1130 1537/384/1134
f 1544/436/1117 1546/435/1138 1545/435/1139 1543/436/1140
f 1544/436/1117 1547/436/740 1546/435/1138
f 1548/437/1141 1549/438/1142 1550/437/1143
f 1549/438/1142 1552/438/1144 1551/438/1145 1550/437/1143
f 1554/439/1146 1556/439/1079 1555/440/1147 1553/440/1148
f 1557/409/1149 1558/410/1149 1559/409/1149
f 1562/457/1150 1563/457/1151 1561/457/1150 1560/457/1152
f 1564/463/1153 1566/463/1154 1565/407/1155
f 1567/463/1156 1568/463/1157 1565/407/1155 1566/463/1154
f 1567/463/1156 1569/463/927 1570/463/1158 1568/463/1157
f 1571/464/932 1572/408/1159 1565/407/1155 1568/463/1157
f 1574/467/1160 1576/24/1161 1575/22/1162 1573/468/1163
f 1579/469/1164 1577/13/1165 1576/24/1161 1574/467/1160
f 1580/470/1166 1578/10/1166 1577/13/1165 1579/469/1164
f 1583/471/289 1584/15/289 1582/10/287 1581/470/289
f 1587/472/1167 1588/16/1168 1586/15/1169 1585/471/1170
f 1589/473/1171 1590/18/1172 1588/16/1168 1587/472/1167
f 1591/474/1173 1592/21/1174 1590/18/1172 1589/473/1171
f 1595/468/141 1596/22/141 1594/21/141 1593/474/141
f 1597/475/1175 1599/475/1176 1598/475/1175
f 1602/22/1177 1603/24/1178 1601/467/1165 1600/468/1166
f 1603/24/1178 1604/13/1179 1605/469/1180 1601/467/1165
f 1604/13/1179 1606/10/1181 1607/470/1181 1605/469/1180
f 1609/10/140 1611/15/140 1610/471/140 1608/470/140
f 1614/15/1182 1615/16/1183 1613/472/1184 1612/471/1185
f 1615/16/1183 1616/18/1167 1617/473/1186 1613/472/1184
f 1616/18/1167 1618/21/1187 1619/474/1170 1617/473/1186
f 1621/21/289 1623/22/289 1622/468/289 1620/474/289
f 1624/475/1188 1625/475/1038 1626/475/1038
f 1627/476/404 1629/476/404 1628/476/1189
usemtl ColorVar1_Material
f 1630/477/140 1631/478/140 1632/479/140
f 1659/477/140 1631/478/140 1633/479/140
f 1667/477/1190 1631/478/973 1634/479/973
f 1635/477/972 1631/478/972 1636/479/972
f 1637/477/142 1631/478/142 1638/479/142
f 1639/477/140 1631/478/140 1640/479/141
f 1641/477/144 1631/478/144 1642/479/144
f 1643/477/141 1631/478/141 1644/479/141
f 1645/477/140 1631/478/140 1646/479/140
f 1647/477/141 1631/478/140 1648/479/141
f 1649/477/141 1631/478/141 1650/479/141
f 1651/477/139 1631/478/139 1652/479/141
f 1653/477/140 1631/478/140 1654/479/140
f 1655/477/140 1631/478/140 1656/479/144
f 1657/477/1191 1631/478/1191 1658/479/973
f 1668/477/973 1631/478/973 1660/479/973
f 1661/477/1192 1631/478/1192 1669/479/1192
f 1662/477/141 1631/478/141 1663/479/141
f 1664/477/141 1631/478/141 1670/479/141
f 1665/477/140 1631/478/141 1666/479/141
f 1671/480/1193 1672/481/1194 1673/482/289
f 1674/480/1195 1675/481/1196 1673/482/289
f 1676/480/1197 1677/481/1198 1673/482/286
f 1678/480/1199 1679/481/1200 1673/482/292
f 1680/480/1201 1681/481/1202 1673/482/1203
f 1682/480/1204 1683/481/1205 1673/482/1203
f 1684/480/1206 1685/481/1207 1673/482/289
f 1686/480/1208 1687/481/1209 1673/482/289
f 1688/480/1210 1689/481/1204 1673/482/1203
f 1690/480/1211 1691/481/1206 1673/482/289
f 1692/480/1212 1693/481/1213 1673/482/292
f 1694/480/1214 1695/481/1215 1673/482/292
f 1696/480/1216 1697/481/1217 1673/482/1203
f 1698/480/1194 1699/481/1218 1673/482/289
f 1700/480/1198 1701/481/1219 1673/482/286
f 1702/480/1220 1703/481/1221 1673/482/289
f 1704/480/1196 1705/481/1222 1673/482/289
f 1706/480/1223 1707/481/1193 1673/482/289
f 1708/480/1224 1709/481/1225 1673/482/289
f 1710/480/1226 1711/481/1195 1673/482/289
f 1713/483/1227 1715/484/1228 1714/485/1229 1712/486/1230
f 1716/484/1231 1718/485/1232 1717/486/1233 1713/483/1234
f 1720/483/1235 1722/484/1236 1721/485/1237 1719/486/1238
f 1724/483/1238 1726/484/1237 1725/485/1239 1723/486/1240
f 1728/483/1241 1730/484/1242 1729/485/1243 1727/486/1244
f 1732/483/1244 1734/484/1245 1733/485/1246 1731/486/1247
f 1736/486/1248 1738/483/1247 1737/484/1249 1735/485/1250
f 1740/483/1248 1742/484/1251 1741/485/1252 1739/486/1253
f 1745/483/1253 1746/484/1254 1744/485/1255 1743/486/1255
f 1748/486/1256 1750/483/1255 1749/484/1255 1747/485/1257
f 1752/486/1258 1754/483/1259 1753/484/1257 1751/485/1260
f 1756/486/1261 1758/483/1262 1757/484/1263 1755/485/1264
f 1760/483/1265 1762/484/1266 1761/485/1267 1759/486/1268
f 1764/483/1269 1766/484/1270 1765/485/1271 1763/486/1272
f 1769/485/1273 1768/486/1274 1764/483/1275 1767/484/1276
f 1771/483/1277 1773/484/1277 1772/485/1278 1770/486/1278
f 1775/483/1279 1777/484/1280 1776/485/1281 1774/486/1282
f 1778/484/1283 1780/485/1284 1779/486/1285 1775/483/1286
f 1782/487/1287 1784/488/1288 1783/489/1289 1781/490/1287
f 1786/486/1290 1788/483/1291 1787/484/1292 1785/485/1293
f 1791/485/1294 1790/486/1292 1788/483/1291 1789/484/1295
f 1793/483/1296 1795/484/1297 1794/485/1298 1792/486/1299
f 1796/484/1300 1798/485/1301 1797/486/1302 1793/483/1303
f 1800/483/1304 1802/484/1305 1801/485/1306 1799/486/1307
f 1805/485/1308 1804/486/1309 1800/483/1310 1803/484/1311
f 1807/483/1312 1809/484/1313 1808/485/1314 1806/486/1315
f 1810/484/1316 1812/485/1317 1811/486/1318 1807/483/1319
f 1814/483/1320 1816/484/1321 1815/485/1322 1813/486/1323
f 1819/485/1324 1817/486/1325 1814/483/1326 1818/484/1327
f 1821/486/1328 1823/483/1329 1822/484/1330 1820/485/1331
f 1826/485/1332 1825/486/1333 1823/483/1329 1824/484/1334
f 1828/483/1335 1830/484/1336 1829/485/1337 1827/486/1338
f 1833/485/1339 1831/486/1340 1828/483/1341 1832/484/1342
f 1835/486/1343 1837/483/1344 1836/484/1345 1834/485/1346
f 1840/485/1347 1839/486/1348 1837/483/1349 1838/484/1294
f 1842/483/1302 1844/484/1350 1843/485/1351 1841/486/1352
f 1845/484/1353 1847/485/1354 1846/486/1355 1842/483/1356
f 1849/486/1357 1851/483/1358 1850/484/1359 1848/485/1360
f 1852/484/1284 1854/485/1361 1853/486/1362 1851/483/1280
f 1856/483/1363 1858/484/1364 1857/485/1365 1855/486/1366
f 1861/485/1367 1860/486/1368 1856/483/1369 1859/484/1308
f 1863/483/1318 1865/484/1370 1864/485/1371 1862/486/1372
f 1868/485/1373 1867/486/1374 1863/483/1375 1866/484/1376
f 1870/486/1377 1872/483/1378 1871/484/1303 1869/485/1379
f 1875/485/1380 1874/486/1381 1872/483/1382 1873/484/1383
f 1877/486/1384 1879/483/1385 1878/484/1386 1876/485/1387
f 1880/484/1388 1882/485/1389 1881/486/1227 1879/483/1390
f 1884/486/1391 1886/483/1392 1885/484/1319 1883/485/1393
f 1887/484/1394 1889/485/1395 1888/486/1396 1886/483/1397
f 1891/483/1398 1893/484/1399 1892/485/1400 1890/486/1401
f 1894/484/1402 1896/485/1403 1895/486/1320 1891/483/1404
f 1898/483/1405 1900/484/1406 1899/485/1407 1897/486/1408
f 1901/484/1409 1903/485/1410 1902/486/1411 1898/483/1412
f 1905/487/1413 1907/488/1414 1906/489/1414 1904/490/1415
f 1909/488/1416 1911/489/1416 1910/490/1417 1908/487/1418
f 1913/487/1419 1915/488/1420 1914/489/1421 1912/490/1419
f 1917/487/1422 1919/488/1423 1918/489/1423 1916/490/1422
f 1921/488/1424 1923/489/1425 1922/490/1426 1920/487/1426
f 1925/488/1427 1927/489/1427 1926/490/1428 1924/487/1429
f 1929/488/1422 1931/489/1430 1930/490/1431 1928/487/1432
f 1933/488/1433 1935/489/1434 1934/490/1435 1932/487/1435
f 1937/488/1436 1939/489/1437 1938/490/1438 1936/487/1439
f 1941/487/1440 1943/488/1435 1942/489/1441 1940/490/1442
f 1945/488/1443 1947/489/1444 1946/490/1445 1944/487/1446
f 1949/487/1447 1951/488/1448 1950/489/1449 1948/490/1447
f 1953/487/1450 1955/488/1451 1954/489/1452 1952/490/1453
f 1957/488/1454 1959/489/1455 1958/490/1456 1956/487/1457
f 1961/488/1458 1963/489/1458 1962/490/1459 1960/487/1460
f 1965/488/1461 1967/489/1462 1966/490/1414 1964/487/1463
f 1969/487/1464 1971/488/1465 1970/489/1465 1968/490/1466
f 1973/491/140 1975/492/140 1974/493/140 1972/494/140
f 1977/495/1467 1979/496/1468 1978/497/1469 1976/498/1470
f 1981/491/139 1983/492/142 1982/493/139 1980/494/973
f 1985/492/140 1987/493/140 1986/494/140 1984/491/140
f 1989/492/139 1991/493/142 1990/494/144 1988/491/142
f 1993/492/140 1995/493/1191 1994/494/142 1992/491/141
f 1997/491/1190 1999/492/1471 1998/493/1471 1996/494/1190
f 2001/492/972 2003/493/140 2002/494/972 2000/491/972
f 2005/492/1472 2007/493/1472 2006/494/141 2004/491/1472
f 2009/491/140 2011/492/1191 2010/493/140 2008/494/972
f 2013/492/139 2015/493/1192 2014/494/141 2012/491/1190
f 2017/491/139 2019/492/1472 2018/493/331 2016/494/1190
f 2021/491/142 2023/492/974 2022/493/142 2020/494/1473
f 2025/491/140 2027/492/140 2026/493/140 2024/494/972
f 2029/492/140 2031/493/1474 2030/494/140 2028/491/973
f 2033/492/972 2035/493/140 2034/494/141 2032/491/140
f 2037/492/140 2039/493/1475 2038/494/144 2036/491/140
f 2041/492/973 2043/493/1475 2042/494/1475 2040/491/1475
f 2045/491/142 2047/492/1190 2046/493/139 2044/494/1476
f 2049/496/1477 2051/497/1478 2050/498/1479 2048/495/1480
f 2053/495/1229 2055/496/1481 2054/497/1482 2052/498/1483
f 2057/495/1484 2059/496/1315 2058/497/1485 2056/498/1486
f 2061/495/1487 2063/496/1488 2062/497/1489 2060/498/1490
f 2065/496/1491 2067/497/1492 2066/498/1493 2064/495/1494
f 2069/496/1495 2071/497/1496 2070/498/1497 2068/495/1498
f 2073/496/1499 2075/497/1500 2074/498/1501 2072/495/1502
f 2077/495/1503 2079/496/1504 2078/497/1504 2076/498/1505
f 2081/495/1407 2083/496/1506 2082/497/1507 2080/498/1508
f 2085/496/1509 2087/497/1510 2086/498/1511 2084/495/1512
f 2089/482/1513 2091/480/1513 2090/481/1514 2088/499/1515
f 2093/482/1516 2095/480/1272 2094/481/1511 2092/499/1517
f 2097/482/1518 2099/480/1519 2098/481/1229 2096/499/1520
f 2101/482/1521 2103/480/1514 2102/481/1522 2100/499/1491
f 2105/482/1517 2107/480/1523 2106/481/1524 2104/499/1525
f 2109/482/1526 2111/480/1527 2110/481/1528 2108/499/1529
f 2113/482/1530 2115/480/1531 2114/481/1532 2112/499/1533
f 2117/482/1499 2119/480/1534 2118/481/1298 2116/499/1535
f 2121/482/1520 2123/480/1229 2122/481/1536 2120/499/1537
f 2125/482/1538 2127/480/1298 2126/481/1539 2124/499/1540
f 2129/482/1541 2131/480/1542 2130/481/1543 2128/499/1544
f 2133/482/1545 2135/480/1539 2134/481/1546 2132/499/1547
f 2137/499/1548 2139/482/1549 2138/480/1549 2136/481/1550
f 2141/482/1551 2143/480/1552 2142/481/1553 2140/499/1554
f 2145/482/1555 2147/480/1556 2146/481/1557 2144/499/1557
f 2149/499/1558 2151/482/1548 2150/480/1343 2148/481/1558
f 2153/482/1559 2155/480/1560 2154/481/1561 2152/499/1562
f 2157/499/1230 2159/482/1563 2158/480/1563 2156/481/1230
f 2161/500/1564 2163/501/1565 2162/502/1566 2160/503/1566
f 2165/504/1567 2164/505/1568 2163/501/1565 2161/500/1564
f 2167/502/1569 2168/503/1570 2166/504/1570 2164/505/1571
f 2166/504/1570 2170/505/1572 2171/501/1573 2169/500/1574
f 2176/503/1575 2173/504/1576 2170/505/1577 2172/502/1578
f 2175/505/1579 2177/501/1580 2174/500/1581 2173/504/1582
f 2178/502/1583 2180/503/1569 2179/504/1571 2175/505/1579
f 2181/505/1570 2183/501/1584 2182/500/1585 2179/504/1568
f 2183/501/1584 2185/502/1586 2184/503/1587 2182/500/1585
f 2190/503/1588 2187/504/1589 2181/505/1590 2186/502/1591
f 2188/505/1592 2191/501/1593 2189/500/1594 2187/504/1589
f 2191/501/1593 2193/502/1595 2192/503/1595 2189/500/1594
f 2188/505/1596 2194/502/1597 2195/503/1598 2165/504/1599
f 2177/501/1580 2196/502/1600 2197/503/1601 2174/500/1581
f 2169/500/1574 2171/501/1573 2198/502/1602 2199/503/1603
f 2201/500/1604 2203/501/1605 2202/502/1606 2200/503/1607
f 2205/504/1608 2204/505/1609 2203/501/1605 2201/500/1604
f 2208/500/1610 2209/501/1611 2207/502/1612 2206/503/656
f 2210/504/1613 2211/505/1614 2209/501/1611 2208/500/1610
f 2214/500/1615 2215/501/1616 2213/502/1617 2212/503/1618
f 2216/504/1619 2217/505/1620 2215/501/1616 2214/500/1615
f 2220/500/1621 2221/501/1622 2219/502/1623 2218/503/1624
f 2222/504/1625 2223/505/1626 2221/501/1622 2220/500/1621
f 2226/505/1627 2227/501/1628 2225/500/1629 2224/504/1630
f 2227/501/1628 2228/502/1631 2229/503/1632 2225/500/1629
f 2231/505/1633 2233/501/1634 2232/500/1635 2230/504/1636
f 2233/501/1634 2235/502/1637 2234/503/1638 2232/500/1635
f 2237/505/1639 2239/501/1640 2238/500/1641 2236/504/1642
f 2239/501/1640 2241/502/1643 2240/503/1644 2238/500/1641
f 2243/505/1645 2245/501/1646 2244/500/1647 2242/504/1648
f 2245/501/1646 2247/502/1649 2246/503/1650 2244/500/1647
f 2249/506/1651 2253/507/140 2250/508/139 2248/509/1652
f 2250/508/139 2251/510/1191 2252/511/1653
f 2257/512/1654 2251/510/1191 2250/508/139 2255/513/142
f 2253/507/140 2264/514/140 2254/515/140 2250/508/139
f 2256/516/140 2255/513/142 2250/508/139 2254/515/140
f 2256/516/140 2259/517/1653 2258/518/140 2255/513/142
f 2256/516/140 2260/519/145 2259/517/1653
f 2261/520/1475 2256/516/140 2254/515/140 2262/521/1655
f 2263/522/1656 2262/521/1655 2254/515/140
f 2253/507/140 2266/523/1657 2265/524/139 2264/514/140
f 2267/525/1658 2253/507/140 2249/506/1651
f 2269/526/287 2271/527/287 2270/528/288 2268/529/1659
f 2269/526/287 2273/530/287 2272/531/289 2271/527/287
f 2273/530/287 2278/532/290 2274/533/287 2272/531/289
f 2274/533/287 2276/534/1660 2275/535/287 2272/531/289
f 2274/533/287 2277/536/1660 2276/534/1660
f 2274/533/287 2278/532/290 2281/537/347 2280/538/288
f 2279/539/1661 2274/533/287 2280/538/288
f 2273/530/287 2283/540/1662 2282/541/289 2278/532/290
f 2273/530/287 2284/542/288 2283/540/1662
f 2286/543/286 2285/544/287 2273/530/287 2269/526/287
f 2287/545/1663 2286/543/286 2269/526/287
f 2290/546/1664 2292/547/1570 2289/548/1665 2288/549/1666
f 2290/546/1664 2291/550/1667 2292/547/1570
f 2293/477/141 2294/478/140 2295/479/141
f 2324/477/141 2294/478/140 2296/479/141
f 2297/477/141 2294/478/141 2298/479/141
f 2299/477/973 2294/478/973 2327/479/973
f 2300/477/139 2294/478/139 2301/479/139
f 2302/477/140 2294/478/144 2328/479/142
f 2329/477/972 2294/478/972 2303/479/972
f 2304/477/331 2294/478/331 2305/479/331
f 2306/477/1191 2294/478/1191 2307/479/1191
f 2308/477/141 2294/478/141 2309/479/141
f 2310/477/139 2294/478/139 2311/479/139
f 2312/477/1192 2294/478/1192 2313/479/1192
f 2314/477/141 2294/478/139 2315/479/141
f 2316/477/1471 2294/478/1668 2317/479/1668
f 2318/477/141 2294/478/141 2319/479/141
f 2320/477/141 2294/478/141 2330/479/141
f 2331/477/972 2294/478/972 2321/479/145
f 2322/477/140 2294/478/140 2332/479/140
f 2326/477/141 2294/478/141 2323/479/141
f 2333/477/139 2294/478/139 2325/479/139
f 2334/480/1669 2335/481/1670 2336/482/289
f 2337/480/1671 2338/481/1672 2336/482/289
f 2339/480/1673 2363/481/1674 2336/482/1662
f 2374/480/1675 2340/481/1676 2336/482/1203
f 2341/480/1677 2342/481/1678 2336/482/289
f 2343/480/1679 2344/481/1680 2336/482/289
f 2345/480/1681 2346/481/1682 2336/482/1683
f 2347/480/1684 2348/481/1685 2336/482/1203
f 2349/480/1686 2350/481/1687 2336/482/286
f 2351/480/1688 2352/481/1689 2336/482/289
f 2353/480/1690 2354/481/1691 2336/482/292
f 2355/480/1692 2356/481/1686 2336/482/286
f 2357/480/1693 2358/481/1694 2336/482/289
f 2359/480/1695 2360/481/1696 2336/482/1660
f 2361/480/1697 2362/481/1698 2336/482/1203
f 2364/480/1672 2365/481/1699 2336/482/289
f 2366/480/1700 2367/481/1701 2336/482/289
f 2368/480/1702 2369/481/1703 2336/482/292
f 2370/480/1678 2371/481/1704 2336/482/289
f 2372/480/1680 2373/481/1705 2336/482/286
f 2376/483/1706 2378/484/1707 2377/485/1229 2375/486/1708
f 2379/484/1709 2381/485/1710 2380/486/1711 2376/483/1712
f 2383/483/1713 2385/484/1714 2384/485/1715 2382/486/1716
f 2387/483/1716 2389/484/1717 2388/485/1718 2386/486/1719
f 2391/483/1720 2393/484/1721 2392/485/1722 2390/486/1723
f 2395/483/1723 2397/484/1724 2396/485/1725 2394/486/1726
f 2399/483/1726 2401/484/1727 2400/485/1728 2398/486/1729
f 2404/483/1729 2405/484/1728 2403/485/1730 2402/486/1731
f 2407/486/1732 2409/483/1733 2408/484/1734 2406/485/1735
f 2411/483/1732 2413/484/1736 2412/485/1737 2410/486/1738
f 2416/483/1739 2417/484/1737 2415/485/1740 2414/486/1741
f 2419/486/1742 2421/483/1743 2420/484/1744 2418/485/1745
f 2423/486/1746 2425/483/1747 2424/484/1748 2422/485/1749
f 2427/483/1750 2429/484/404 2428/485/1751 2426/486/1752
f 2431/483/1753 2433/484/1754 2432/485/1511 2430/486/1561
f 2436/485/1755 2435/486/1756 2431/483/1757 2434/484/1758
f 2438/483/1759 2440/484/1760 2439/485/1761 2437/486/1762
f 2442/483/1710 2444/484/1763 2443/485/1764 2441/486/1713
f 2446/483/1765 2448/484/1766 2447/485/1767 2445/486/1488
f 2449/484/1768 2451/485/1769 2450/486/1770 2446/483/1771
f 2453/487/1772 2455/488/1773 2454/489/1774 2452/490/1775
f 2457/486/1776 2459/483/1777 2458/484/1778 2456/485/1779
f 2462/485/1780 2461/486/1781 2459/483/1782 2460/484/1783
f 2464/483/1784 2466/484/1785 2465/485/1298 2463/486/1299
f 2467/484/1786 2469/485/1787 2468/486/1785 2464/483/1788
f 2471/483/1789 2473/484/1790 2472/485/1306 2470/486/1307
f 2476/485/1791 2475/486/1792 2471/483/1793 2474/484/1794
f 2478/483/1795 2480/484/1796 2479/485/1314 2477/486/1315
f 2481/484/1797 2483/485/1798 2482/486/1799 2478/483/1800
f 2485/483/1801 2487/484/1802 2486/485/1322 2484/486/1323
f 2490/485/1803 2489/486/1804 2485/483/1805 2488/484/1743
f 2492/486/1806 2494/483/1807 2493/484/1808 2491/485/1809
f 2497/485/1810 2496/486/1811 2494/483/1812 2495/484/1813
f 2499/483/1814 2501/484/1815 2500/485/1337 2498/486/1338
f 2504/485/1816 2503/486/1817 2499/483/1818 2502/484/1819
f 2506/486/1343 2508/483/1820 2507/484/1821 2505/485/1558
f 2511/485/1738 2510/486/1822 2508/483/1823 2509/484/1824
f 2513/483/1825 2515/484/1826 2514/485/1827 2512/486/1352
f 2516/484/1828 2518/485/1829 2517/486/1830 2513/483/1831
f 2520/486/1832 2522/483/1833 2521/484/1834 2519/485/1360
f 2523/484/1835 2525/485/1716 2524/486/1834 2522/483/1770
f 2527/483/1836 2529/484/1837 2528/485/1838 2526/486/1839
f 2532/485/1840 2531/486/1841 2527/483/1842 2530/484/1843
f 2534/483/1844 2536/484/1782 2535/485/1845 2533/486/1542
f 2539/485/1783 2538/486/1846 2534/483/1847 2537/484/1848
f 2541/486/1377 2543/483/1849 2542/484/1850 2540/485/1379
f 2546/485/1851 2545/486/1852 2543/483/1853 2544/484/1742
f 2549/486/1854 2550/483/1855 2548/484/1856 2547/485/1857
f 2551/484/1858 2553/485/1859 2552/486/1860 2550/483/1861
f 2555/483/1862 2557/484/1863 2556/485/1864 2554/486/1865
f 2558/484/1866 2560/485/1867 2559/486/1868 2555/483/1869
f 2562/483/1870 2564/484/1871 2563/485/1407 2561/486/1408
f 2565/484/1872 2567/485/1873 2566/486/1874 2562/483/1875
f 2569/487/1876 2571/488/1877 2570/489/1878 2568/490/1879
f 2573/488/1880 2575/489/1880 2574/490/1881 2572/487/1881
f 2577/488/1882 2579/489/1883 2578/490/1884 2576/487/1885
f 2581/487/1886 2583/488/1887 2582/489/1888 2580/490/1889
f 2585/487/1890 2587/488/1891 2586/489/1892 2584/490/1893
f 2589/488/1894 2591/489/1895 2590/490/1896 2588/487/1896
f 2593/488/1886 2595/489/1886 2594/490/1897 2592/487/1898
f 2597/488/1899 2599/489/1899 2598/490/1900 2596/487/1901
f 2601/488/1902 2603/489/1897 2602/490/1903 2600/487/1903
f 2605/488/1904 2607/489/1905 2606/490/1906 2604/487/1907
f 2609/487/1908 2611/488/1909 2610/489/1909 2608/490/1910
f 2613/488/1911 2615/489/1912 2614/490/1913 2612/487/1914
f 2617/487/1915 2619/488/1916 2618/489/1916 2616/490/1917
f 2621/487/1918 2623/488/1919 2622/489/1920 2620/490/1921
f 2625/488/1922 2627/489/1923 2626/490/1924 2624/487/1925
f 2629/488/1926 2631/489/1915 2630/490/1927 2628/487/1928
f 2633/487/1929 2635/488/1930 2634/489/1931 2632/490/1932
f 2637/488/1933 2639/489/1934 2638/490/1935 2636/487/1936
f 2641/487/1937 2643/488/1938 2642/489/1938 2640/490/1937
f 2645/491/140 2647/492/142 2646/493/140 2644/494/140
f 2649/495/1939 2651/496/1468 2650/497/1940 2648/498/1470
f 2653/491/140 2655/492/141 2654/493/141 2652/494/140
f 2657/492/1475 2659/493/973 2658/494/140 2656/491/140
f 2661/492/140 2663/493/973 2662/494/140 2660/491/141
f 2665/492/1190 2667/493/1190 2666/494/1190 2664/491/139
f 2669/491/141 2671/492/141 2670/493/141 2668/494/1941
f 2673/492/139 2675/493/972 2674/494/143 2672/491/139
f 2677/492/140 2679/493/140 2678/494/140 2676/491/140
f 2681/491/972 2683/492/140 2682/493/974 2680/494/974
f 2685/492/140 2687/493/140 2686/494/140 2684/491/141
f 2689/491/144 2691/492/1475 2690/493/140 2688/494/972
f 2693/491/140 2695/492/140 2694/493/140 2692/494/140
f 2697/491/139 2699/492/1190 2698/493/141 2696/494/145
f 2701/492/140 2703/493/140 2702/494/1942 2700/491/1475
f 2705/492/972 2707/493/1651 2706/494/972 2704/491/1943
f 2709/492/139 2711/493/1190 2710/494/139 2708/491/139
f 2713/492/139 2715/493/972 2714/494/140 2712/491/1471
f 2717/491/139 2719/492/972 2718/493/140 2716/494/1471
f 2721/496/1944 2723/497/1945 2722/498/1323 2720/495/1946
f 2725/496/1947 2727/497/1948 2726/498/1949 2724/495/1950
f 2729/495/1229 2731/496/1951 2730/497/1952 2728/498/1483
f 2733/496/1953 2735/497/1323 2734/498/1522 2732/495/1954
f 2737/495/1955 2739/496/1282 2738/497/1489 2736/498/1956
f 2741/496/1957 2743/497/1492 2742/498/1528 2740/495/1958
f 2745/496/1959 2747/497/1484 2746/498/1497 2744/495/1960
f 2749/495/1961 2751/496/1962 2750/497/1963 2748/498/1360
f 2753/496/1499 2755/497/1964 2754/498/1965 2752/495/1502
f 2757/496/1966 2759/497/1967 2758/498/1968 2756/495/1969
f 2761/496/1970 2763/497/1971 2762/498/1972 2760/495/1973
f 2765/495/1974 2767/496/1504 2766/497/1975 2764/498/1976
f 2769/495/1407 2771/496/1977 2770/497/1507 2768/498/1508
f 2773/496/1978 2775/497/1979 2774/498/1980 2772/495/1981
f 2777/482/1982 2779/480/1982 2778/481/1983 2776/499/1984
f 2781/482/1708 2783/480/1708 2782/481/1488 2780/499/1985
f 2785/482/1953 2787/480/1986 2786/481/1987 2784/499/1988
f 2789/482/1989 2791/480/1523 2790/481/1524 2788/499/1990
f 2793/482/1491 2795/480/1522 2794/481/1991 2792/499/1992
f 2797/482/1993 2799/480/1534 2798/481/1298 2796/499/1994
f 2801/482/1995 2803/480/1996 2802/481/1997 2800/499/1541
f 2805/482/1520 2807/480/1998 2806/481/1999 2804/499/2000
f 2809/482/2001 2811/480/2002 2810/481/1351 2808/499/2003
f 2813/482/1541 2815/480/1372 2814/481/522 2812/499/160
f 2817/482/2004 2819/480/2005 2818/481/2006 2816/499/2007
f 2821/482/2003 2823/480/2008 2822/481/2009 2820/499/2010
f 2825/499/433 2827/482/1549 2826/480/1290 2824/481/1293
f 2829/482/2011 2831/480/2012 2830/481/1306 2828/499/1559
f 2833/482/2010 2835/480/2013 2834/481/2014 2832/499/2014
f 2837/499/1346 2839/482/2015 2838/480/2016 2836/481/2017
f 2841/482/2018 2843/480/2019 2842/481/2020 2840/499/2021
f 2845/499/2022 2847/482/2023 2846/480/2024 2844/481/2025
f 2849/500/2026 2851/501/2027 2850/502/2028 2848/503/2028
f 2855/504/2029 2852/505/2030 2851/501/2027 2849/500/2026
f 2854/502/2031 2887/503/2032 2853/504/2032 2852/505/2033
f 2856/505/2034 2858/502/2035 2857/503/2036 2855/504/2029
f 2856/505/2037 2859/501/2038 2863/500/2039 2860/504/2040
f 2862/503/2041 2860/504/2042 2861/505/2043 2866/502/2044
f 2859/501/2038 2865/502/2045 2864/503/2046 2863/500/2039
f 2861/505/2044 2867/501/2047 2871/500/2048 2868/504/2030
f 2874/502/2049 2870/503/2050 2868/504/2030 2869/505/2051
f 2867/501/2047 2873/502/2052 2872/503/2052 2871/500/2048
f 2869/505/2029 2875/501/2053 2879/500/2054 2876/504/2055
f 2878/503/2056 2876/504/2037 2877/505/2057 2882/502/2058
f 2875/501/2053 2881/502/2059 2880/503/2059 2879/500/2054
f 2853/504/2044 2877/505/2060 2883/501/2061 2885/500/2062
f 2885/500/2062 2883/501/2061 2884/502/2063 2886/503/2063
f 2889/500/2064 2891/501/2065 2890/502/2066 2888/503/2067
f 2893/504/2068 2892/505/2069 2891/501/2065 2889/500/2064
f 2896/500/2070 2897/501/2071 2895/502/2072 2894/503/2073
f 2898/504/2074 2899/505/2075 2897/501/2071 2896/500/2070
f 2902/500/2076 2903/501/2077 2901/502/2078 2900/503/2079
f 2904/504/2080 2905/505/1614 2903/501/2077 2902/500/2076
f 2908/500/2081 2909/501/2082 2907/502/2083 2906/503/2084
f 2910/504/2085 2911/505/2086 2909/501/2082 2908/500/2081
f 2914/500/2087 2915/501/2088 2913/502/2089 2912/503/2090
f 2916/504/2091 2917/505/2092 2915/501/2088 2914/500/2087
f 2920/505/2093 2921/501/2094 2919/500/2095 2918/504/2096
f 2921/501/2094 2922/502/2097 2923/503/2098 2919/500/2095
f 2925/505/2099 2927/501/2100 2926/500/2101 2924/504/2102
f 2927/501/2100 2929/502/2103 2928/503/2104 2926/500/2101
f 2931/505/2105 2933/501/2106 2932/500/2107 2930/504/2108
f 2933/501/2106 2935/502/2109 2934/503/2110 2932/500/2107
f 2937/505/2111 2939/501/2112 2938/500/2113 2936/504/2114
f 2939/501/2112 2941/502/2115 2940/503/2116 2938/500/2113
f 2943/505/2117 2945/501/2118 2944/500/2119 2942/504/2120
f 2945/501/2118 2947/502/2121 2946/503/2122 2944/500/2119
f 2949/506/139 2955/507/140 2950/508/140 2948/509/145
f 2951/516/142 2965/518/1472 2952/513/140 2950/508/140
f 2956/515/141 2951/516/142 2950/508/140 2955/507/140
f 2964/512/1473 2953/510/1654 2950/508/140 2952/513/140
f 2950/508/140 2953/510/1654 2954/511/2123
f 2959/525/2124 2955/507/140 2949/506/139
f 2955/507/140 2957/524/140 2960/514/2125 2956/515/141
f 2955/507/140 2958/523/2126 2957/524/140
f 2961/522/972 2962/521/972 2956/515/141
f 2963/520/1472 2951/516/142 2956/515/141 2962/521/972
f 2951/516/142 2967/519/2127 2966/517/2128 2965/518/1472
f 2968/529/2129 2969/526/286 2970/528/287
f 2969/526/286 2972/531/286 2971/527/289 2970/528/287
f 2977/530/290 2973/533/289 2972/531/286 2969/526/286
f 2973/533/289 2975/534/2130 2974/535/287 2972/531/286
f 2973/533/289 2976/536/1203 2975/534/2130
f 2973/533/289 2977/530/290 2981/532/289 2979/537/287
f 2973/533/289 2979/537/287 2980/538/286 2978/539/290
f 2977/530/290 2983/540/291 2982/541/289 2981/532/289
f 2977/530/290 2984/542/287 2983/540/291
f 2985/543/287 2977/530/290 2969/526/286 2987/545/287
f 2985/543/287 2986/544/1662 2977/530/290
f 2989/546/2131 2991/547/2044 2990/548/2132 2988/549/2133
f 2989/546/2131 2992/550/2134 2991/547/2044
f 2993/477/289 2994/478/289 2995/479/289
f 3016/477/287 2994/478/291 2996/479/287
f 2997/477/287 2994/478/287 2998/479/287
f 2999/477/291 2994/478/291 3017/479/291
f 3020/477/2129 2994/478/1203 3000/479/2129
f 3022/477/2135 2994/478/2135 3001/479/2129
f 3025/477/287 2994/478/2136 3002/479/287
f 3003/477/289 2994/478/289 3029/479/289
f 3030/477/286 2994/478/287 3004/479/287
f 3005/477/287 2994/478/290 3031/479/290
f 3006/477/2135 2994/478/287 3007/479/2135
f 3008/477/1203 2994/478/286 3009/479/286
f 3010/477/2136 2994/478/2137 3011/479/2138
f 3012/477/2129 2994/478/1203 3013/479/1203
f 3014/477/2139 2994/478/287 3015/479/1661
f 3018/477/287 2994/478/287 3019/479/287
f 3032/477/286 2994/478/286 3021/479/286
f 3023/477/2135 2994/478/288 3024/479/288
f 3026/477/287 2994/478/291 3027/479/287
f 3028/477/2129 2994/478/2129 3033/479/2129
f 3034/480/2140 3035/481/2141 3036/482/141
f 3037/480/2142 3074/481/2143 3036/482/145
f 3038/480/2144 3039/481/2145 3036/482/1191
f 3040/480/2146 3041/481/2147 3036/482/139
f 3042/480/2148 3043/481/2149 3036/482/1191
f 3044/480/2150 3045/481/2151 3036/482/1192
f 3046/480/2152 3047/481/2153 3036/482/1192
f 3048/480/2154 3049/481/2155 3036/482/141
f 3050/480/2156 3051/481/2157 3036/482/1191
f 3052/480/2141 3053/481/2158 3036/482/141
f 3054/480/2159 3055/481/2160 3036/482/1191
f 3056/480/2161 3057/481/2162 3036/482/1191
f 3058/480/2163 3059/481/2161 3036/482/141
f 3060/480/2164 3061/481/2165 3036/482/141
f 3062/480/2166 3063/481/2163 3036/482/141
f 3064/480/2167 3065/481/2168 3036/482/1192
f 3066/480/2169 3067/481/2170 3036/482/1192
f 3068/480/2171 3069/481/2166 3036/482/141
f 3070/480/2172 3071/481/2173 3036/482/1191
f 3072/480/2174 3073/481/2171 3036/482/1191
f 3076/483/2175 3078/484/2176 3077/485/1978 3075/486/1346
f 3079/484/2177 3081/485/2178 3080/486/2179 3076/483/2180
f 3083/483/2181 3085/484/2182 3084/485/2183 3082/486/2184
f 3087/483/2184 3089/484/2185 3088/485/2186 3086/486/2187
f 3091/483/2188 3093/484/2189 3092/485/2190 3090/486/2191
f 3095/483/2191 3097/484/2192 3096/485/2193 3094/486/2194
f 3099/483/2195 3101/484/2196 3100/485/2197 3098/486/2198
f 3103/483/2199 3105/484/2197 3104/485/2200 3102/486/2201
f 3107/483/2201 3109/484/2200 3108/485/2202 3106/486/2203
f 3111/486/2204 3113/483/2205 3112/484/2206 3110/485/2207
f 3115/486/2208 3117/483/2209 3116/484/2207 3114/485/2210
f 3119/486/2211 3121/483/2208 3120/484/2212 3118/485/486
f 3123/486/2213 3125/483/2214 3124/484/2215 3122/485/2216
f 3127/486/2217 3129/483/2213 3128/484/2218 3126/485/2219
f 3131/483/2220 3133/484/2221 3132/485/1517 3130/486/1530
f 3136/485/2222 3135/486/2223 3131/483/2224 3134/484/2225
f 3138/483/2226 3140/484/2227 3139/485/2228 3137/486/2229
f 3142/483/2230 3144/484/2231 3143/485/522 3141/486/1550
f 3145/484/2232 3147/485/2233 3146/486/2231 3142/483/2230
f 3149/487/2234 3151/488/2235 3150/489/2236 3148/490/2237
f 3153/486/1281 3155/483/2238 3154/484/2239 3152/485/1488
f 3158/485/2240 3157/486/2241 3155/483/2242 3156/484/2203
f 3160/483/2243 3162/484/2244 3161/485/2245 3159/486/1972
f 3163/484/2246 3165/485/2247 3164/486/2248 3160/483/2249
f 3167/483/2250 3169/484/2251 3168/485/2252 3166/486/1486
f 3172/485/2253 3171/486/2254 3167/483/2255 3170/484/2256
f 3174/483/2257 3176/484/2258 3175/485/2259 3173/486/2260
f 3177/484/2261 3179/485/2262 3178/486/2263 3174/483/2264
f 3181/483/2265 3183/484/2266 3182/485/1328 3180/486/1331
f 3186/485/2267 3185/486/2268 3181/483/2269 3184/484/2270
f 3188/486/1322 3190/483/2271 3189/484/2272 3187/485/1323
f 3193/485/2273 3192/486/2274 3190/483/2275 3191/484/2276
f 3195/483/2277 3197/484/2278 3196/485/2279 3194/486/2280
f 3200/485/2194 3199/486/2281 3195/483/2282 3198/484/2283
f 3202/486/1229 3204/483/2239 3203/484/2284 3201/485/1519
f 3207/485/2285 3206/486/2286 3204/483/2287 3205/484/2288
f 3209/483/2289 3211/484/2290 3210/485/1499 3208/486/2291
f 3212/484/2292 3214/485/2293 3213/486/2294 3209/483/2295
f 3216/486/160 3218/483/2296 3217/484/2297 3215/485/1959
f 3219/484/2298 3221/485/2299 3220/486/2300 3218/483/2301
f 3223/483/2302 3225/484/2224 3224/485/1947 3222/486/2303
f 3228/485/2304 3227/486/2305 3223/483/2306 3226/484/2307
f 3230/483/2308 3232/484/2309 3231/485/1832 3229/486/2310
f 3235/485/2311 3234/486/2312 3230/483/2313 3233/484/2314
f 3237/486/1407 3239/483/2315 3238/484/2316 3236/485/2317
f 3242/485/2318 3241/486/2243 3239/483/2319 3240/484/2209
f 3244/486/2320 3246/483/2229 3245/484/2228 3243/485/2321
f 3248/486/1864 3250/483/2322 3249/484/2180 3247/485/2323
f 3251/484/2217 3253/485/2324 3252/486/2325 3250/483/2326
f 3255/486/1976 3257/483/2327 3256/484/2328 3254/485/2329
f 3258/484/2195 3260/485/2198 3259/486/2264 3257/483/2330
f 3262/483/2331 3264/484/2332 3263/485/2333 3261/486/1857
f 3265/484/2334 3267/485/2335 3266/486/2332 3262/483/2286
f 3269/483/2336 3271/484/2337 3270/485/1377 3268/486/2338
f 3272/484/2339 3274/485/2340 3273/486/2341 3269/483/2342
f 3276/487/2343 3278/488/2344 3277/489/2345 3275/490/2346
f 3280/488/2347 3282/489/2347 3281/490/2348 3279/487/2349
f 3285/488/2350 3286/489/2350 3284/490/2351 3283/487/2352
f 3288/487/2353 3290/488/2354 3289/489/2355 3287/490/2353
f 3292/487/2356 3294/488/2357 3293/489/2357 3291/490/2356
f 3296/488/2358 3298/489/2359 3297/490/2360 3295/487/2360
f 3300/488/2361 3302/489/2362 3301/490/2363 3299/487/2364
f 3304/488/2365 3306/489/2366 3305/490/2367 3303/487/2368
f 3308/488/2369 3310/489/2370 3309/490/2371 3307/487/2372
f 3312/487/2373 3314/488/2374 3313/489/2375 3311/490/2376
f 3316/488/2377 3318/489/2378 3317/490/2379 3315/487/2380
f 3320/487/2381 3322/488/2382 3321/489/2382 3319/490/2381
f 3324/487/2383 3326/488/2384 3325/489/2385 3323/490/2386
f 3328/488/2387 3330/489/2379 3329/490/2388 3327/487/2389
f 3332/488/2390 3334/489/2391 3333/490/2392 3331/487/2392
f 3336/487/2393 3338/488/2394 3337/489/2395 3335/490/2236
f 3340/488/2396 3342/489/2397 3341/490/2345 3339/487/2398
f 3344/487/2399 3346/488/2400 3345/489/2401 3343/490/2402
f 3348/491/287 3350/492/287 3349/493/291 3347/494/287
f 3352/495/2403 3354/496/2404 3353/497/2405 3351/498/2406
f 3356/491/287 3358/492/287 3357/493/287 3355/494/287
f 3360/492/286 3362/493/287 3361/494/287 3359/491/292
f 3365/492/286 3366/493/289 3364/494/286 3363/491/286
f 3368/492/286 3370/493/287 3369/494/287 3367/491/288
f 3372/491/2407 3374/492/290 3373/493/2407 3371/494/2407
f 3376/492/1660 3378/493/1660 3377/494/1660 3375/491/286
f 3380/491/287 3382/492/2137 3381/493/287 3379/494/2135
f 3384/492/2408 3386/493/1661 3385/494/2129 3383/491/286
f 3388/492/287 3390/493/287 3389/494/287 3387/491/288
f 3392/491/291 3394/492/288 3393/493/291 3391/494/2129
f 3396/491/291 3398/492/291 3397/493/2136 3395/494/2409
f 3400/491/1660 3402/492/1660 3401/493/1203 3399/494/1660
f 3404/491/286 3406/492/1662 3405/493/286 3403/494/2129
f 3408/492/287 3410/493/287 3409/494/287 3407/491/1660
f 3412/492/286 3414/493/287 3413/494/286 3411/491/286
f 3416/492/287 3418/493/287 3417/494/290 3415/491/290
f 3420/492/287 3422/493/287 3421/494/286 3419/491/287
f 3424/491/2410 3426/492/2411 3425/493/2410 3423/494/2411
f 3428/496/1939 3430/497/2412 3429/498/2413 3427/495/2414
f 3432/496/1561 3434/497/2415 3433/498/2329 3431/495/1504
f 3436/495/1343 3438/496/2416 3437/497/2417 3435/498/2418
f 3440/496/2419 3442/497/2420 3441/498/181 3439/495/2421
f 3444/495/2422 3446/496/2423 3445/497/2424 3443/498/1307
f 3448/495/2425 3450/496/1550 3449/497/1968 3447/498/2426
f 3452/496/2427 3454/497/2428 3453/498/2429 3451/495/2430
f 3456/496/2431 3458/497/2432 3457/498/1537 3455/495/2433
f 3460/495/1484 3462/496/2434 3461/497/2435 3459/498/1959
f 3464/496/1539 3466/497/2436 3465/498/1970 3463/495/1971
f 3468/496/1486 3470/497/2437 3469/498/2438 3467/495/2439
f 3472/496/2440 3474/497/1502 3473/498/2441 3471/495/2442
f 3476/495/2443 3478/496/2444 3477/497/2445 3475/498/1377
f 3480/496/2446 3482/497/2447 3481/498/1989 3479/495/2448
f 3484/496/2449 3486/497/2450 3485/498/2451 3483/495/2452
f 3488/496/1488 3490/497/2453 3489/498/2454 3487/495/2455
f 3492/482/2456 3494/480/1230 3493/481/2457 3491/499/2458
f 3496/482/2459 3498/480/1530 3497/481/2460 3495/499/2461
f 3500/482/1865 3502/480/1346 3501/481/1978 3499/499/1548
f 3504/482/2462 3506/480/2463 3505/481/2464 3503/499/2465
f 3508/482/2466 3510/480/2280 3509/481/2467 3507/499/1272
f 3512/482/2468 3514/480/2469 3513/481/2470 3511/499/2471
f 3516/482/2472 3518/480/1516 3517/481/1554 3515/499/2473
f 3520/482/1351 3522/480/2474 3521/481/2475 3519/499/1352
f 3524/482/1553 3526/480/2476 3525/481/2477 3523/499/2478
f 3528/482/2479 3530/480/2480 3529/481/2481 3527/499/2482
f 3532/482/1501 3534/480/2483 3533/481/1993 3531/499/1534
f 3536/482/2484 3538/480/2485 3537/481/2486 3535/499/2486
f 3540/482/1493 3542/480/2487 3541/481/1491 3539/499/2488
f 3544/499/2489 3546/482/1767 3545/480/1767 3543/481/1488
f 3548/482/2488 3550/480/1491 3549/481/2490 3547/499/2490
f 3552/499/1519 3554/482/1520 3553/480/2491 3551/481/2492
f 3556/482/1532 3558/480/2493 3557/481/2494 3555/499/1531
f 3560/499/1982 3562/482/2495 3561/480/2495 3559/481/2496
f 3564/500/2497 3566/501/2498 3565/502/2499 3563/503/2500
f 3568/504/2501 3567/505/2502 3566/501/2498 3564/500/2497
f 3570/502/2503 3571/503/2504 3569/504/2504 3567/505/2505
f 3569/504/2506 3573/505/2507 3574/501/2318 3572/500/2508
f 3577/503/2509 3576/504/2510 3573/505/2511 3575/502/2512
f 3579/505/2513 3580/501/2514 3578/500/2515 3576/504/2516
f 3581/502/2517 3583/503/2518 3582/504/2502 3579/505/2519
f 3584/505/2506 3586/501/2520 3585/500/2521 3582/504/2522
f 3586/501/2520 3588/502/2523 3587/503/2524 3585/500/2521
f 3591/503/2525 3589/504/2526 3584/505/2527 3590/502/2528
f 3592/505/2529 3594/501/2530 3593/500/2531 3589/504/2507
f 3594/501/2530 3596/502/2532 3595/503/2533 3593/500/2531
f 3592/505/2534 3597/502/2535 3598/503/2536 3568/504/2519
f 3580/501/2514 3599/502/2537 3600/503/2538 3578/500/2515
f 3572/500/2508 3574/501/2318 3601/502/2539 3602/503/2539
f 3604/500/2540 3606/501/2541 3605/502/2542 3603/503/2543
f 3608/504/2544 3607/505/2545 3606/501/2541 3604/500/2540
f 3611/500/2546 3612/501/2547 3610/502/2548 3609/503/2549
f 3613/504/2550 3614/505/2551 3612/501/2547 3611/500/2546
f 3617/500/2552 3618/501/2553 3616/502/2554 3615/503/2555
f 3619/504/2556 3620/505/2084 3618/501/2553 3617/500/2552
f 3623/500/2557 3624/501/2558 3622/502/2559 3621/503/2560
f 3625/504/2561 3626/505/2562 3624/501/2558 3623/500/2557
f 3629/500/2563 3630/501/2564 3628/502/2565 3627/503/1609
f 3631/504/2566 3632/505/1607 3630/501/2564 3629/500/2563
f 3635/505/2567 3636/501/2568 3634/500/2569 3633/504/2570
f 3636/501/2568 3637/502/2571 3638/503/2572 3634/500/2569
f 3640/505/2573 3642/501/2574 3641/500/2575 3639/504/2576
f 3642/501/2574 3644/502/2577 3643/503/2578 3641/500/2575
f 3646/505/2579 3648/501/2580 3647/500/2581 3645/504/2582
f 3648/501/2580 3650/502/2583 3649/503/2584 3647/500/2581
f 3652/505/2585 3654/501/2586 3653/500/2587 3651/504/2588
f 3654/501/2586 3656/502/2589 3655/503/2590 3653/500/2587
f 3658/505/2591 3660/501/2592 3659/500/2593 3657/504/2594
f 3660/501/2592 3662/502/2595 3661/503/2596 3659/500/2593
f 3664/506/2136 3666/507/287 3665/508/286 3663/509/2597
f 3666/507/287 3679/514/288 3667/515/286 3665/508/286
f 3672/516/286 3668/513/287 3665/508/286 3667/515/286
f 3671/512/1660 3669/510/2598 3665/508/286 3668/513/287
f 3665/508/286 3669/510/2598 3670/511/288
f 3672/516/286 3674/517/2599 3673/518/2129 3668/513/287
f 3672/516/286 3675/519/1660 3674/517/2599
f 3676/520/286 3672/516/286 3667/515/286 3677/521/2600
f 3678/522/2601 3677/521/2600 3667/515/286
f 3666/507/287 3681/523/2602 3680/524/1203 3679/514/288
f 3682/525/288 3666/507/287 3664/506/2136
f 3683/529/140 3684/526/144 3685/528/140
f 3684/526/144 3687/531/142 3686/527/139 3685/528/140
f 3688/533/140 3690/534/2127 3689/535/973 3687/531/142
f 3694/530/144 3688/533/140 3687/531/142 3684/526/144
f 3688/533/140 3691/536/2127 3690/534/2127
f 3688/533/140 3693/537/140 3702/538/145 3692/539/1191
f 3688/533/140 3694/530/144 3697/532/140 3693/537/140
f 3695/543/142 3696/544/1192 3694/530/144
f 3695/543/142 3694/530/144 3684/526/144 3701/545/2603
f 3694/530/144 3699/540/141 3700/541/141 3697/532/140
f 3694/530/144 3698/542/972 3699/540/141
f 3704/546/2604 3706/547/2506 3705/548/2605 3703/549/2606
f 3704/546/2604 3707/550/2607 3706/547/2506
f 3708/477/287 3709/478/287 3710/479/287
f 3734/477/287 3709/478/287 3711/479/287
f 3737/477/2411 3709/478/2411 3712/479/2411
f 3713/477/289 3709/478/289 3738/479/289
f 3739/477/289 3709/478/289 3714/479/289
f 3715/477/289 3709/478/289 3716/479/289
f 3717/477/287 3709/478/289 3718/479/289
f 3719/477/287 3709/478/287 3740/479/287
f 3745/477/290 3709/478/290 3720/479/290
f 3721/477/289 3709/478/289 3746/479/289
f 3747/477/286 3709/478/286 3722/479/286
f 3723/477/287 3709/478/287 3748/479/287
f 3724/477/289 3709/478/289 3725/479/289
f 3726/477/286 3709/478/286 3727/479/286
f 3728/477/289 3709/478/289 3729/479/289
f 3730/477/286 3709/478/286 3731/479/286
f 3732/477/287 3709/478/287 3733/479/289
f 3735/477/288 3709/478/287 3736/479/288
f 3741/477/286 3709/478/286 3742/479/286
f 3743/477/286 3709/478/286 3744/479/286
f 3749/480/2608 3750/481/2609 3751/482/141
f 3789/480/2610 3752/481/2611 3751/482/141
f 3753/480/2612 3754/481/2613 3751/482/1191
f 3755/480/2614 3756/481/2615 3751/482/139
f 3757/480/2616 3758/481/2610 3751/482/141
f 3759/480/2617 3760/481/2618 3751/482/1192
f 3761/480/2619 3762/481/2614 3751/482/1192
f 3763/480/2620 3764/481/2621 3751/482/141
f 3765/480/2622 3766/481/2623 3751/482/141
f 3767/480/2609 3768/481/2619 3751/482/141
f 3769/480/2624 3770/481/2620 3751/482/141
f 3771/480/2625 3772/481/2626 3751/482/141
f 3773/480/2627 3774/481/2628 3751/482/1192
f 3775/480/2629 3776/481/2608 3751/482/141
f 3785/480/2630 3777/481/2631 3751/482/141
f 3778/480/2632 3779/481/2633 3751/482/1192
f 3788/480/2634 3780/481/2635 3751/482/141
f 3781/480/2636 3782/481/2630 3751/482/141
f 3783/480/2637 3784/481/2634 3751/482/141
f 3786/480/2638 3787/481/2639 3751/482/141
f 3791/483/2640 3793/484/2641 3792/485/1343 3790/486/1558
f 3794/484/2642 3796/485/2643 3795/486/2644 3791/483/2645
f 3798/483/2646 3800/484/2647 3799/485/2648 3797/486/2649
f 3802/483/2650 3804/484/2651 3803/485/2652 3801/486/2653
f 3806/483/2654 3808/484/2655 3807/485/2656 3805/486/2657
f 3810/483/2657 3812/484/2658 3811/485/2659 3809/486/2660
f 3814/483/2661 3816/484/2662 3815/485/2663 3813/486/2664
f 3818/483/2664 3820/484/2663 3819/485/2665 3817/486/2666
f 3822/483/2667 3824/484/2665 3823/485/2668 3821/486/2669
f 3826/483/2669 3828/484/2670 3827/485/2671 3825/486/2671
f 3830/486/2672 3832/483/2673 3831/484/2671 3829/485/2674
f 3834/486/2675 3836/483/2676 3835/484/2676 3833/485/2677
f 3838/486/2678 3840/483/2679 3839/484/2677 3837/485/2680
f 3842/486/2681 3844/483/2678 3843/484/2680 3841/485/2681
f 3846/483/2682 3848/484/2682 3847/485/2683 3845/486/2683
f 3850/486/2684 3852/483/2685 3851/484/2685 3849/485/2686
f 3854/486/2687 3856/483/2684 3855/484/2688 3853/485/2689
f 3858/483/2690 3860/484/2691 3859/485/1517 3857/486/1530
f 3863/485/2692 3862/486/2693 3858/483/2694 3861/484/2695
f 3865/483/2696 3867/484/2696 3866/485/2697 3864/486/2697
f 3869/483/2698 3871/484/2698 3870/485/2699 3868/486/2700
f 3873/483/2701 3875/484/2702 3874/485/1290 3872/486/1293
f 3876/484/2703 3878/485/2704 3877/486/2705 3873/483/2644
f 3880/487/2706 3882/488/2707 3881/489/2708 3879/490/2706
f 3884/486/2709 3886/483/2710 3885/484/2711 3883/485/1998
f 3889/485/2712 3888/486/2711 3886/483/2713 3887/484/2714
f 3891/483/2715 3893/484/2716 3892/485/2245 3890/486/2717
f 3894/484/2718 3896/485/2719 3895/486/2720 3891/483/2715
f 3898/483/2721 3900/484/2722 3899/485/2303 3897/486/1486
f 3903/485/2723 3901/486/2724 3898/483/2725 3902/484/2726
f 3905/483/2727 3907/484/2728 3906/485/2259 3904/486/2260
f 3908/484/2729 3910/485/2730 3909/486/2731 3905/483/2732
f 3912/483/2733 3914/484/2734 3913/485/2735 3911/486/1331
f 3917/485/2736 3916/486/2737 3912/483/2738 3915/484/2739
f 3919/486/1322 3921/483/2740 3920/484/2741 3918/485/1323
f 3924/485/2742 3923/486/2741 3921/483/2743 3922/484/2744
f 3926/483/2745 3928/484/2746 3927/485/2279 3925/486/2280
f 3931/485/2747 3930/486/2748 3926/483/2749 3929/484/2750
f 3933/486/1229 3935/483/2751 3934/484/2752 3932/485/2753
f 3938/485/2754 3937/486/2755 3935/483/2756 3936/484/2712
f 3940/483/2757 3942/484/2758 3941/485/1499 3939/486/2291
f 3943/484/2759 3945/485/2760 3944/486/2761 3940/483/2762
f 3947/486/2763 3949/483/2764 3948/484/2765 3946/485/1959
f 3950/484/2766 3952/485/2767 3951/486/2768 3949/483/2769
f 3954/483/2724 3956/484/2770 3955/485/2494 3953/486/1995
f 3959/485/2695 3957/486/2694 3954/483/2771 3958/484/2772
f 3961/483/2773 3963/484/2774 3962/485/2775 3960/486/2310
f 3966/485/2776 3965/486/2777 3961/483/2778 3964/484/2779
f 3968/486/2780 3970/483/2781 3969/484/2782 3967/485/2783
f 3973/485/2784 3972/486/2782 3970/483/2785 3971/484/2786
f 3975/486/1864 3977/483/2787 3976/484/2788 3974/485/2789
f 3978/484/2742 3980/485/2790 3979/486/2791 3977/483/2792
f 3982/486/1505 3984/483/2793 3983/484/2794 3981/485/2329
f 3985/484/2795 3987/485/2796 3986/486/2797 3984/483/2798
f 3989/483/2799 3991/484/2800 3990/485/2801 3988/486/1230
f 3992/484/2802 3994/485/2803 3993/486/2733 3989/483/2804
f 3996/483/2761 3998/484/2805 3997/485/2806 3995/486/2807
f 3999/484/2760 4001/485/2808 4000/486/2809 3996/483/2810
f 4003/488/2811 4005/489/2812 4004/490/2813 4002/487/2814
f 4007/488/2815 4009/489/2815 4008/490/2816 4006/487/2817
f 4011/488/2818 4013/489/2819 4012/490/2820 4010/487/2820
f 4015/488/2821 4017/489/2822 4016/490/2823 4014/487/2824
f 4019/488/2825 4021/489/2826 4020/490/2827 4018/487/2828
f 4023/488/2829 4025/489/2823 4024/490/2830 4022/487/2831
f 4027/488/2832 4029/489/2833 4028/490/2834 4026/487/2835
f 4031/487/2836 4033/488/2837 4032/489/2837 4030/490/2838
f 4035/488/2839 4037/489/2840 4036/490/2841 4034/487/2842
f 4039/487/2843 4041/488/2844 4040/489/2845 4038/490/2843
f 4043/487/2846 4045/488/2847 4044/489/2848 4042/490/2849
f 4047/488/2850 4049/489/2851 4048/490/2852 4046/487/2853
f 4051/487/2854 4053/488/2855 4052/489/2856 4050/490/2857
f 4055/488/2858 4057/489/2859 4056/490/2860 4054/487/2861
f 4059/487/2862 4061/488/2863 4060/489/2864 4058/490/2862
f 4063/491/286 4065/492/286 4064/493/286 4062/494/1662
f 4067/495/2403 4069/496/2865 4068/497/2866 4066/498/2867
f 4071/491/291 4073/492/287 4072/493/291 4070/494/287
f 4075/492/290 4077/493/290 4076/494/287 4074/491/287
f 4079/492/287 4081/493/2599 4080/494/287 4078/491/288
f 4083/492/286 4085/493/291 4084/494/286 4082/491/347
f 4087/491/287 4089/492/1661 4088/493/287 4086/494/1660
f 4091/492/287 4093/493/287 4092/494/288 4090/491/287
f 4095/491/286 4097/492/286 4096/493/286 4094/494/286
f 4099/492/289 4101/493/2129 4100/494/289 4098/491/287
f 4103/491/287 4105/492/290 4104/493/287 4102/494/2129
f 4107/492/289 4109/493/287 4108/494/287 4106/491/289
f 4111/491/287 4113/492/288 4112/493/291 4110/494/2868
f 4115/491/286 4117/492/286 4116/493/286 4114/494/286
f 4119/491/287 4121/492/1662 4120/493/287 4118/494/287
f 4123/492/287 4125/493/289 4124/494/287 4122/491/287
f 4127/492/287 4129/493/290 4128/494/287 4126/491/287
f 4131/492/287 4133/493/2129 4132/494/287 4130/491/288
f 4135/492/1662 4137/493/287 4136/494/287 4134/491/287
f 4139/491/286 4141/492/286 4140/493/286 4138/494/286
f 4143/496/2869 4145/497/2870 4144/498/1384 4142/495/2871
f 4147/496/2872 4149/497/2873 4148/498/181 4146/495/2874
f 4151/495/2875 4153/496/2260 4152/497/2260 4150/498/2876
f 4155/495/2425 4157/496/1343 4156/497/1968 4154/498/2877
f 4159/496/2427 4161/497/2878 4160/498/2879 4158/495/2880
f 4163/496/2431 4165/497/1961 4164/498/2881 4162/495/2882
f 4167/495/2883 4169/496/2884 4168/497/2885 4166/498/2886
f 4171/496/1351 4173/497/2887 4172/498/1970 4170/495/1971
f 4175/496/2888 4177/497/2889 4176/498/1520 4174/495/2890
f 4179/496/1486 4181/497/2891 4180/498/1315 4178/495/2892
f 4183/496/1965 4185/497/2893 4184/498/1299 4182/495/2894
f 4187/495/2895 4189/496/1379 4188/497/2896 4186/498/2897
f 4191/496/1337 4193/497/2898 4192/498/1517 4190/495/2448
f 4195/496/1322 4197/497/2450 4196/498/2451 4194/495/2899
f 4199/496/1488 4201/497/2900 4200/498/2901 4198/495/2902
f 4203/496/1511 4205/497/1512 4204/498/1562 4202/495/2903
f 4207/482/2904 4209/480/1857 4208/481/1331 4206/499/2905
f 4211/482/1524 4213/480/1947 4212/481/1517 4210/499/1338
f 4215/482/1865 4217/480/1346 4216/481/2906 4214/499/2418
f 4219/482/2419 4221/480/2907 4220/481/181 4218/499/1556
f 4223/482/1271 4225/480/2908 4224/481/1562 4222/499/2909
f 4227/482/2427 4229/480/2910 4228/481/2911 4226/499/2912
f 4231/482/1838 4233/480/2913 4232/481/2914 4230/499/1306
f 4235/482/2915 4237/480/2474 4236/481/1970 4234/499/2916
f 4239/482/1306 4241/480/1559 4240/481/2259 4238/499/2012
f 4243/482/2917 4245/480/2480 4244/481/1966 4242/499/2918
f 4247/482/2440 4249/480/2919 4248/481/1499 4246/499/1493
f 4251/482/2920 4253/480/2921 4252/481/1832 4250/499/1832
f 4255/482/2922 4257/480/2884 4256/481/2923 4254/499/2924
f 4259/499/1520 4261/482/1281 4260/480/1281 4258/481/1998
f 4263/482/1314 4265/480/2925 4264/481/2303 4262/499/2926
f 4267/482/2927 4269/480/1491 4268/481/2451 4266/499/2451
f 4271/499/1519 4273/482/2928 4272/480/1229 4270/481/1519
f 4275/482/2929 4277/480/2930 4276/481/2931 4274/499/2932
f 4279/499/1401 4281/482/2451 4280/480/2451 4278/481/2789
f 4283/500/2933 4285/501/2934 4284/502/2935 4282/503/2936
f 4287/504/2937 4286/505/2938 4285/501/2934 4283/500/2933
f 4289/502/2939 4290/503/2940 4288/504/2940 4286/505/2941
f 4288/504/2940 4292/505/2942 4293/501/2943 4291/500/2944
f 4296/503/2945 4295/504/2946 4292/505/2947 4294/502/2948
f 4298/505/2949 4299/501/2950 4297/500/2951 4295/504/2952
f 4300/502/2953 4302/503/2954 4301/504/2955 4298/505/2956
f 4303/505/2940 4305/501/2957 4304/500/2958 4301/504/2938
f 4305/501/2957 4307/502/2959 4306/503/2960 4304/500/2958
f 4310/503/2961 4309/504/2962 4303/505/2963 4308/502/2964
f 4311/505/2965 4313/501/2966 4312/500/2967 4309/504/2962
f 4313/501/2966 4315/502/2968 4314/503/2969 4312/500/2967
f 4311/505/2970 4316/502/2971 4317/503/2972 4287/504/2956
f 4299/501/2950 4318/502/2973 4319/503/2973 4297/500/2951
f 4291/500/2944 4293/501/2943 4320/502/2974 4321/503/2975
f 4323/500/2976 4325/501/2977 4324/502/2978 4322/503/2979
f 4327/504/2980 4326/505/2981 4325/501/2977 4323/500/2976
f 4330/500/2982 4331/501/2983 4329/502/2984 4328/503/2985
f 4332/504/2986 4333/505/2551 4331/501/2983 4330/500/2982
f 4336/500/2987 4337/501/2988 4335/502/2989 4334/503/2990
f 4338/504/2991 4339/505/2992 4337/501/2988 4336/500/2987
f 4342/500/2993 4343/501/2994 4341/502/2995 4340/503/2996
f 4344/504/2997 4345/505/2998 4343/501/2994 4342/500/2993
f 4348/500/2999 4349/501/3000 4347/502/3001 4346/503/2069
f 4350/504/3002 4351/505/1607 4349/501/3000 4348/500/2999
f 4354/505/3003 4355/501/3004 4353/500/3005 4352/504/3006
f 4355/501/3004 4356/502/1648 4357/503/3007 4353/500/3005
f 4359/505/3008 4362/501/3009 4360/500/3010 4358/504/3011
f 4362/501/3009 4363/502/3012 4361/503/3013 4360/500/3010
f 4365/505/3014 4367/501/3015 4366/500/3016 4364/504/3017
f 4367/501/3015 4369/502/1636 4368/503/3018 4366/500/3016
f 4371/505/3019 4373/501/3020 4372/500/3021 4370/504/2097
f 4373/501/3020 4375/502/3022 4374/503/3023 4372/500/3021
f 4377/505/3024 4379/501/3025 4378/500/3026 4376/504/3027
f 4379/501/3025 4381/502/3028 4380/503/3029 4378/500/3026
f 4383/506/287 4387/507/287 4384/508/286 4382/509/1660
f 4394/515/290 4385/516/286 4384/508/286 4387/507/287
f 4385/516/286 4390/518/287 4388/513/287 4384/508/286
f 4384/508/286 4386/510/3030 4389/511/3031
f 4391/512/1661 4386/510/3030 4384/508/286 4388/513/287
f 4385/516/286 4393/519/2135 4392/517/288 4390/518/287
f 4387/507/287 4395/524/2598 4398/514/291 4394/515/290
f 4387/507/287 4396/523/3032 4395/524/2598
f 4397/525/292 4387/507/287 4383/506/287
f 4399/522/2129 4400/521/2599 4394/515/290
f 4401/520/1660 4385/516/286 4394/515/290 4400/521/2599
f 4403/526/141 4405/527/140 4404/528/141 4402/529/1471
f 4403/526/141 4407/530/140 4406/531/142 4405/527/140
f 4407/530/140 4413/532/140 4408/533/142 4406/531/142
f 4408/533/142 4410/534/972 4409/535/140 4406/531/142
f 4408/533/142 4411/536/1658 4410/534/972
f 4414/539/1190 4408/533/142 4412/538/140
f 4408/533/142 4413/532/140 4415/537/140 4412/538/140
f 4407/530/140 4417/540/973 4416/541/141 4413/532/140
f 4407/530/140 4418/542/140 4417/540/973
f 4420/543/144 4419/544/141 4407/530/140 4403/526/141
f 4421/545/141 4420/543/144 4403/526/141
f 4423/546/3033 4425/547/2940 4424/548/3034 4422/549/3035
f 4423/546/3033 4426/550/3036 4425/547/2940
usemtl Lights_Mat
f 4428/551/3037 4430/552/3038 4429/553/3039 4427/554/3037
f 4432/555/3039 4434/556/3039 4433/557/3037 4431/558/3039
f 4436/559/3040 4438/560/3040 4437/561/3040 4435/562/3040
f 4440/563/3037 4442/564/3037 4441/565/3037 4439/566/3037
f 4444/553/3039 4446/552/3039 4445/551/3041 4443/554/3037
f 4448/565/3038 4450/564/3038 4449/563/3037 4447/566/3037
f 4452/567/416 4454/568/416 4453/569/3042 4451/570/3042
f 4452/567/416 4456/571/416 4455/572/3043 4454/568/416
f 4452/567/416 4458/573/422 4457/574/509 4456/571/416
f 4460/575/401 4462/576/423 4461/577/3044 4459/578/401
f 4460/575/401 4464/579/423 4463/580/413 4462/576/423
f 4460/575/401 4466/581/401 4465/582/401 4464/579/423
f 4468/572/416 4470/571/413 4469/569/422 4467/568/416
f 4474/574/1048 4471/573/413 4469/569/422 4470/571/413
f 4473/567/401 4472/570/3045 4469/569/422 4471/573/413
f 4476/582/422 4478/576/3046 4477/580/401 4475/579/401
f 4476/582/422 4480/575/422 4479/577/401 4478/576/3046
f 4479/577/401 4480/575/422 4481/578/3047
f 4482/581/401 4480/575/422 4476/582/422
