# Blender 5.1.1
# www.blender.org
mtllib small_car.mtl
o Demo_ColorVar3_Material_0_2.1277
v -22.420269 0.306967 -38.044415
v -22.431414 0.265343 -38.031662
v -22.387918 0.314705 -38.035408
v -22.398142 0.327727 -38.058495
v -22.329166 0.343575 -38.061977
v -22.325350 0.353014 -38.132034
v -22.265659 0.343528 -38.181900
v -22.278883 0.351791 -38.124111
v -22.224751 0.331862 -38.187744
v -22.222446 0.339241 -38.088047
v -22.193069 0.315433 -38.093193
v -22.265038 0.335157 -38.029778
v -22.186090 0.322094 -38.152866
v -22.159231 0.292558 -38.150684
v -22.149384 0.277098 -38.211376
v -22.130646 0.248983 -38.200058
v -22.124601 0.218235 -38.250168
v -22.181414 0.292213 -38.234058
v -22.172525 0.256716 -38.279293
v -22.144594 0.219682 -38.282478
v -22.141342 0.176851 -38.314758
v -22.112823 0.152270 -38.286098
v -22.105391 0.151277 -38.266907
v -22.107378 0.101435 -38.300709
v -22.128466 0.148518 -38.308899
v -22.128771 0.099864 -38.328499
v -22.113207 0.191924 -38.238247
v -22.218832 0.314852 -38.228649
v -22.262383 0.303068 -37.996964
v -22.303370 0.323246 -38.012264
v -22.224501 0.315722 -38.036171
v -22.322018 0.279654 -37.987061
v -22.343296 0.318018 -38.018490
v -22.351744 0.272880 -37.995502
v -22.399012 0.267751 -38.016663
v -22.754944 0.267263 -38.461288
v -22.762251 0.231710 -38.452171
v -22.736158 0.248123 -38.493816
v -22.775770 0.273859 -38.425228
v -22.762251 0.231710 -38.452171
v -22.777294 0.236476 -38.426109
v -22.792339 0.231710 -38.400055
v -22.805914 0.217879 -38.376549
v -22.796585 0.267263 -38.389168
v -22.815369 0.248122 -38.356636
v -22.830276 0.218310 -38.330814
v -22.805914 0.217879 -38.376549
v -22.816689 0.196338 -38.357895
v -22.816689 0.196338 -38.357895
v -22.839844 0.180745 -38.314247
v -22.823603 0.169193 -38.345909
v -22.839844 0.180745 -38.314247
v -22.825985 0.139104 -38.341785
v -22.843142 0.139104 -38.308529
v -22.825985 0.139104 -38.341785
v -22.839844 0.097462 -38.314247
v -22.823603 0.109015 -38.345909
v -22.816689 0.081871 -38.357895
v -22.839844 0.097462 -38.314247
v -22.830276 0.059897 -38.330814
v -22.815369 0.030085 -38.356636
v -22.796585 0.010945 -38.389168
v -22.805914 0.060329 -38.376549
v -22.792339 0.046498 -38.400055
v -22.777294 0.041733 -38.426109
v -22.762251 0.046498 -38.452171
v -22.775770 0.004350 -38.425228
v -22.754944 0.010945 -38.461288
v -22.748686 0.060329 -38.475677
v -22.754944 0.010945 -38.461288
v -22.736158 0.030085 -38.493816
v -22.736158 0.030085 -38.493816
v -22.737911 0.081871 -38.494331
v -22.721251 0.059897 -38.519638
v -22.730999 0.109015 -38.506306
v -22.728605 0.139104 -38.510433
v -22.711685 0.097463 -38.536224
v -22.708387 0.139104 -38.541931
v -22.708387 0.139104 -38.541931
v -22.730999 0.169194 -38.506306
v -22.737911 0.196338 -38.494331
v -22.711685 0.180746 -38.536224
v -22.721251 0.218311 -38.519638
v -22.736158 0.248123 -38.493816
v -22.748686 0.217879 -38.475677
v -22.715006 0.113938 -38.479580
v -22.732592 0.118220 -38.474522
v -22.713007 0.139104 -38.483032
v -22.730944 0.139104 -38.477383
v -22.724176 0.251640 -38.301029
v -22.749443 0.182089 -38.257275
v -22.704796 0.271398 -38.334618
v -22.627035 0.220866 -38.469307
v -22.661810 0.271398 -38.409065
v -22.661810 0.006810 -38.409065
v -22.617151 0.182089 -38.486408
v -22.617151 0.096119 -38.486408
v -22.642427 0.026568 -38.442650
v -22.724176 0.026568 -38.301029
v -22.704796 0.006810 -38.334618
v -22.749443 0.096119 -38.257275
v -22.721251 0.218311 -38.519638
v -22.736158 0.248123 -38.493816
v -22.715796 0.220866 -38.520550
v -22.731192 0.251641 -38.493908
v -22.711685 0.180746 -38.536224
v -22.721251 0.218311 -38.519638
v -22.705925 0.182089 -38.537666
v -22.715796 0.220866 -38.520550
v -22.702517 0.139104 -38.543560
v -22.708387 0.139104 -38.541931
v -22.705925 0.182089 -38.537666
v -22.711685 0.180746 -38.536224
v -22.711685 0.097463 -38.536224
v -22.708387 0.139104 -38.541931
v -22.705925 0.096119 -38.537666
v -22.702517 0.139104 -38.543560
v -22.721251 0.059897 -38.519638
v -22.711685 0.097463 -38.536224
v -22.715796 0.057342 -38.520550
v -22.705925 0.096119 -38.537666
v -22.736158 0.030085 -38.493816
v -22.721251 0.059897 -38.519638
v -22.731192 0.026568 -38.493908
v -22.715796 0.057342 -38.520550
v -22.754944 0.010945 -38.461288
v -22.736158 0.030085 -38.493816
v -22.750572 0.006810 -38.460312
v -22.731192 0.026568 -38.493908
v -22.744867 0.084428 -38.453266
v -22.737391 0.099379 -38.466209
v -22.729801 0.073218 -38.453964
v -22.720789 0.091235 -38.469570
v -22.713007 0.139104 -38.483032
v -22.715006 0.164270 -38.479580
v -22.728605 0.139104 -38.510433
v -22.730999 0.169194 -38.506306
v -22.730999 0.109015 -38.506306
v -22.715006 0.113938 -38.479580
v -22.728605 0.139104 -38.510433
v -22.713007 0.139104 -38.483032
v -22.715796 0.220866 -38.520550
v -22.627035 0.220866 -38.469307
v -22.705925 0.182089 -38.537666
v -22.617151 0.182089 -38.486408
v -22.731192 0.026568 -38.493908
v -22.642427 0.026568 -38.442650
v -22.750572 0.006810 -38.460312
v -22.661810 0.006810 -38.409065
v -22.750572 0.271398 -38.460312
v -22.661810 0.271398 -38.409065
v -22.731192 0.251641 -38.493908
v -22.642427 0.251641 -38.442650
v -22.705925 0.096119 -38.537666
v -22.617151 0.096119 -38.486408
v -22.715796 0.057342 -38.520550
v -22.627035 0.057342 -38.469307
v -22.731192 0.251641 -38.493908
v -22.642427 0.251641 -38.442650
v -22.715796 0.220866 -38.520550
v -22.627035 0.220866 -38.469307
v -22.715796 0.057342 -38.520550
v -22.627035 0.057342 -38.469307
v -22.731192 0.026568 -38.493908
v -22.642427 0.026568 -38.442650
v -22.702517 0.139104 -38.543560
v -22.613752 0.139104 -38.492313
v -22.705925 0.096119 -38.537666
v -22.617151 0.096119 -38.486408
v -22.720789 0.091235 -38.469570
v -22.715006 0.113938 -38.479580
v -22.737911 0.081871 -38.494331
v -22.730999 0.109015 -38.506306
v -22.257898 0.267263 -39.368652
v -22.239105 0.248123 -39.401188
v -22.265274 0.231710 -39.359585
v -22.278713 0.273859 -39.332596
v -22.265274 0.231710 -39.359585
v -22.280319 0.236476 -39.333523
v -22.295362 0.231710 -39.307468
v -22.299530 0.267263 -39.296532
v -22.308939 0.217879 -39.283955
v -22.318314 0.248123 -39.263996
v -22.308939 0.217879 -39.283955
v -22.333221 0.218311 -39.238186
v -22.319704 0.196338 -39.265297
v -22.342787 0.180745 -39.221600
v -22.319704 0.196338 -39.265297
v -22.326624 0.169193 -39.253315
v -22.329010 0.139104 -39.249199
v -22.342787 0.180745 -39.221600
v -22.346085 0.139104 -39.215893
v -22.342787 0.097463 -39.221600
v -22.329010 0.139104 -39.249199
v -22.326624 0.109015 -39.253323
v -22.342787 0.097463 -39.221600
v -22.319704 0.081871 -39.265297
v -22.308939 0.060329 -39.283955
v -22.333221 0.059897 -39.238186
v -22.318314 0.030085 -39.263996
v -22.299530 0.010945 -39.296532
v -22.278713 0.004350 -39.332596
v -22.295362 0.046498 -39.307468
v -22.280319 0.041733 -39.333523
v -22.265274 0.046498 -39.359585
v -22.251709 0.060329 -39.383091
v -22.257898 0.010945 -39.368652
v -22.257898 0.010945 -39.368652
v -22.239105 0.030085 -39.401188
v -22.240934 0.081871 -39.401741
v -22.239105 0.030085 -39.401188
v -22.224207 0.059897 -39.427002
v -22.214628 0.097463 -39.443577
v -22.234024 0.109015 -39.413719
v -22.211330 0.139104 -39.449295
v -22.231628 0.139104 -39.417847
v -22.211330 0.139104 -39.449295
v -22.234024 0.169194 -39.413719
v -22.240934 0.196338 -39.401741
v -22.214628 0.180746 -39.443577
v -22.224207 0.218311 -39.427002
v -22.239105 0.248123 -39.401188
v -22.251709 0.217879 -39.383091
v -22.216867 0.113938 -39.386318
v -22.235004 0.118220 -39.381577
v -22.214878 0.139104 -39.389774
v -22.233345 0.139104 -39.384438
v -22.222593 0.251640 -39.205780
v -22.247847 0.182089 -39.162022
v -22.203201 0.271398 -39.239365
v -22.125439 0.220866 -39.374046
v -22.160213 0.271398 -39.313820
v -22.115555 0.182089 -39.391155
v -22.115555 0.096119 -39.391155
v -22.160213 0.006810 -39.313820
v -22.222593 0.026568 -39.205780
v -22.140821 0.026568 -39.347401
v -22.203201 0.006810 -39.239365
v -22.247847 0.096119 -39.162022
v -22.250862 0.161693 -39.352417
v -22.255121 0.170194 -39.345055
v -22.250139 0.170707 -39.366325
v -22.256092 0.182601 -39.356026
v -22.266415 0.100674 -39.325489
v -22.260473 0.102555 -39.335781
v -22.271894 0.085339 -39.328667
v -22.263592 0.087970 -39.343040
v -22.256092 0.182601 -39.356026
v -22.255121 0.170194 -39.345055
v -22.263592 0.190238 -39.343040
v -22.260473 0.175653 -39.335781
v -22.263592 0.087970 -39.343040
v -22.260473 0.102555 -39.335781
v -22.256092 0.095608 -39.356026
v -22.255121 0.108014 -39.345055
v -22.263592 0.190238 -39.343040
v -22.260473 0.175653 -39.335781
v -22.271894 0.192870 -39.328667
v -22.266415 0.177534 -39.325489
v -22.255121 0.108014 -39.345055
v -22.256092 0.095608 -39.356026
v -22.250862 0.116515 -39.352417
v -22.250139 0.107502 -39.366325
v -22.250862 0.116515 -39.352417
v -22.248142 0.127229 -39.357147
v -22.250139 0.107502 -39.366325
v -22.246334 0.122490 -39.372944
v -22.297462 0.122490 -39.284378
v -22.284689 0.127229 -39.293839
v -22.293644 0.107502 -39.290997
v -22.281956 0.116515 -39.298569
v -22.280205 0.190238 -39.314270
v -22.272356 0.175653 -39.315208
v -22.287695 0.182601 -39.301289
v -22.277710 0.170194 -39.305923
v -22.246334 0.122490 -39.372944
v -22.248142 0.127229 -39.357147
v -22.245012 0.139104 -39.375217
v -22.247192 0.139104 -39.358768
v -22.281956 0.116515 -39.298569
v -22.277710 0.108014 -39.305923
v -22.293644 0.107502 -39.290997
v -22.287695 0.095608 -39.301289
v -22.287695 0.182601 -39.301289
v -22.277710 0.170194 -39.305923
v -22.293644 0.170707 -39.290997
v -22.281956 0.161693 -39.298569
v -22.247192 0.139104 -39.358768
v -22.248142 0.150980 -39.357147
v -22.245012 0.139104 -39.375217
v -22.246334 0.155719 -39.372944
v -22.277710 0.108014 -39.305923
v -22.272356 0.102555 -39.315208
v -22.287695 0.095608 -39.301289
v -22.280205 0.087970 -39.314270
v -22.293644 0.170707 -39.290997
v -22.281956 0.161693 -39.298569
v -22.297462 0.155719 -39.284378
v -22.284689 0.150980 -39.293839
v -22.248142 0.150980 -39.357147
v -22.250862 0.161693 -39.352417
v -22.246334 0.155719 -39.372944
v -22.250139 0.170707 -39.366325
v -22.280205 0.087970 -39.314270
v -22.272356 0.102555 -39.315208
v -22.271894 0.085339 -39.328667
v -22.266415 0.100674 -39.325489
v -22.250862 0.161693 -39.352417
v -22.261435 0.153671 -39.345768
v -22.255121 0.170194 -39.345055
v -22.264179 0.159154 -39.341030
v -22.274061 0.139104 -39.329914
v -22.267633 0.115534 -39.335041
v -22.281483 0.153671 -39.311047
v -22.283243 0.146763 -39.307995
v -22.259672 0.131446 -39.348824
v -22.259073 0.139104 -39.349876
v -22.271465 0.114321 -39.328411
v -22.275293 0.115534 -39.321777
v -22.283243 0.146763 -39.307995
v -22.278749 0.159154 -39.315792
v -22.281483 0.153671 -39.311047
v -22.275293 0.115534 -39.321777
v -22.278749 0.119055 -39.315792
v -22.275293 0.162674 -39.321777
v -22.271465 0.163888 -39.328411
v -22.278749 0.119055 -39.315792
v -22.281483 0.124537 -39.311047
v -22.275293 0.162674 -39.321777
v -22.278749 0.159154 -39.315792
v -22.264179 0.159154 -39.341030
v -22.267633 0.115534 -39.335041
v -22.271465 0.114321 -39.328411
v -22.259672 0.146763 -39.348824
v -22.259073 0.139104 -39.349876
v -22.259672 0.146763 -39.348824
v -22.261435 0.153671 -39.345768
v -22.259672 0.131446 -39.348824
v -22.261435 0.124537 -39.345768
v -22.267633 0.162674 -39.335041
v -22.271465 0.163888 -39.328411
v -22.283243 0.131446 -39.307995
v -22.281483 0.124537 -39.311047
v -22.261435 0.124537 -39.345768
v -22.264179 0.119055 -39.341030
v -22.283854 0.139104 -39.306942
v -22.283243 0.131446 -39.307995
v -22.264179 0.119055 -39.341030
v -22.283854 0.139104 -39.306942
v -22.267633 0.162674 -39.335041
v -22.260473 0.175653 -39.335781
v -22.255121 0.170194 -39.345055
v -22.285625 0.139104 -39.292210
v -22.284689 0.150980 -39.293839
v -22.255121 0.108014 -39.345055
v -22.260473 0.102555 -39.335781
v -22.284689 0.127229 -39.293839
v -22.285625 0.139104 -39.292210
v -22.255121 0.108014 -39.345055
v -22.250862 0.116515 -39.352417
v -22.281956 0.116515 -39.298569
v -22.284689 0.127229 -39.293839
v -22.266415 0.177534 -39.325489
v -22.260473 0.175653 -39.335781
v -22.250862 0.116515 -39.352417
v -22.248142 0.127229 -39.357147
v -22.250862 0.161693 -39.352417
v -22.248142 0.150980 -39.357147
v -22.247192 0.139104 -39.358768
v -22.248142 0.150980 -39.357147
v -22.266415 0.100674 -39.325489
v -22.260473 0.102555 -39.335781
v -22.277710 0.170194 -39.305923
v -22.272356 0.175653 -39.315208
v -22.281956 0.116515 -39.298569
v -22.277710 0.108014 -39.305923
v -22.266415 0.177534 -39.325489
v -22.272356 0.175653 -39.315208
v -22.277710 0.108014 -39.305923
v -22.272356 0.102555 -39.315208
v -22.281956 0.161693 -39.298569
v -22.277710 0.170194 -39.305923
v -22.272356 0.102555 -39.315208
v -22.266415 0.100674 -39.325489
v -22.247192 0.139104 -39.358768
v -22.248142 0.127229 -39.357147
v -22.284689 0.150980 -39.293839
v -22.281956 0.161693 -39.298569
v -22.346085 0.139104 -39.215893
v -22.344391 0.139104 -39.209888
v -22.342787 0.180745 -39.221600
v -22.340981 0.182089 -39.215782
v -22.344391 0.139104 -39.209888
v -22.247847 0.182089 -39.162022
v -22.251257 0.139104 -39.156116
v -22.342787 0.180745 -39.221600
v -22.340981 0.182089 -39.215782
v -22.333221 0.218311 -39.238186
v -22.331099 0.220866 -39.232891
v -22.340981 0.182089 -39.215782
v -22.237974 0.220866 -39.179131
v -22.247847 0.182089 -39.162022
v -22.333221 0.218311 -39.238186
v -22.331099 0.220866 -39.232891
v -22.318314 0.248123 -39.263996
v -22.315714 0.251640 -39.259548
v -22.331099 0.220866 -39.232891
v -22.222593 0.251640 -39.205780
v -22.237974 0.220866 -39.179131
v -22.299530 0.267263 -39.296532
v -22.318314 0.248123 -39.263996
v -22.296322 0.271398 -39.293129
v -22.315714 0.251640 -39.259548
v -22.203201 0.271398 -39.239365
v -22.315714 0.251640 -39.259548
v -22.222593 0.251640 -39.205780
v -22.299530 0.267263 -39.296532
v -22.296322 0.271398 -39.293129
v -22.278713 0.273859 -39.332596
v -22.274828 0.278207 -39.330353
v -22.181707 0.278207 -39.276592
v -22.296322 0.271398 -39.293129
v -22.203201 0.271398 -39.239365
v -22.278713 0.273859 -39.332596
v -22.257898 0.267263 -39.368652
v -22.274828 0.278207 -39.330353
v -22.253338 0.271398 -39.367577
v -22.160213 0.271398 -39.313820
v -22.274828 0.278207 -39.330353
v -22.181707 0.278207 -39.276592
v -22.239105 0.248123 -39.401188
v -22.257898 0.267263 -39.368652
v -22.233955 0.251641 -39.401161
v -22.253338 0.271398 -39.367577
v -22.140821 0.251641 -39.347401
v -22.253338 0.271398 -39.367577
v -22.160213 0.271398 -39.313820
v -22.224207 0.218311 -39.427002
v -22.239105 0.248123 -39.401188
v -22.218561 0.220866 -39.427818
v -22.233955 0.251641 -39.401161
v -22.125439 0.220866 -39.374046
v -22.233955 0.251641 -39.401161
v -22.140821 0.251641 -39.347401
v -22.214628 0.180746 -39.443577
v -22.224207 0.218311 -39.427002
v -22.208689 0.182089 -39.444927
v -22.218561 0.220866 -39.427818
v -22.115555 0.182089 -39.391155
v -22.218561 0.220866 -39.427818
v -22.125439 0.220866 -39.374046
v -22.214628 0.180746 -39.443577
v -22.208689 0.182089 -39.444927
v -22.211330 0.139104 -39.449295
v -22.205278 0.139104 -39.450821
v -22.112156 0.139104 -39.397053
v -22.208689 0.182089 -39.444927
v -22.115555 0.182089 -39.391155
v -22.214628 0.097463 -39.443577
v -22.211330 0.139104 -39.449295
v -22.208689 0.096119 -39.444927
v -22.115555 0.096119 -39.391155
v -22.205278 0.139104 -39.450821
v -22.205278 0.139104 -39.450821
v -22.112156 0.139104 -39.397053
v -22.224207 0.059897 -39.427002
v -22.214628 0.097463 -39.443577
v -22.218561 0.057342 -39.427818
v -22.208689 0.096119 -39.444927
v -22.125439 0.057342 -39.374046
v -22.208689 0.096119 -39.444927
v -22.115555 0.096119 -39.391155
v -22.239105 0.030085 -39.401188
v -22.224207 0.059897 -39.427002
v -22.233955 0.026568 -39.401161
v -22.218561 0.057342 -39.427818
v -22.140821 0.026568 -39.347401
v -22.218561 0.057342 -39.427818
v -22.125439 0.057342 -39.374046
v -22.257898 0.010945 -39.368652
v -22.239105 0.030085 -39.401188
v -22.253338 0.006810 -39.367577
v -22.233955 0.026568 -39.401161
v -22.233955 0.026568 -39.401161
v -22.160213 0.006810 -39.313820
v -22.140821 0.026568 -39.347401
v -22.278713 0.004350 -39.332596
v -22.257898 0.010945 -39.368652
v -22.274828 0.000002 -39.330353
v -22.253338 0.006810 -39.367577
v -22.181707 0.000002 -39.276592
v -22.253338 0.006810 -39.367577
v -22.160213 0.006810 -39.313820
v -22.299530 0.010945 -39.296532
v -22.278713 0.004350 -39.332596
v -22.296322 0.006810 -39.293129
v -22.274828 0.000002 -39.330353
v -22.203201 0.006810 -39.239365
v -22.274828 0.000002 -39.330353
v -22.181707 0.000002 -39.276592
v -22.318314 0.030085 -39.263996
v -22.299530 0.010945 -39.296532
v -22.315714 0.026568 -39.259548
v -22.296322 0.006810 -39.293129
v -22.222593 0.026568 -39.205780
v -22.296322 0.006810 -39.293129
v -22.203201 0.006810 -39.239365
v -22.333221 0.059897 -39.238186
v -22.318314 0.030085 -39.263996
v -22.331099 0.057342 -39.232891
v -22.315714 0.026568 -39.259548
v -22.237974 0.057342 -39.179131
v -22.315714 0.026568 -39.259548
v -22.222593 0.026568 -39.205780
v -22.333221 0.059897 -39.238186
v -22.331099 0.057342 -39.232891
v -22.342787 0.097463 -39.221600
v -22.340981 0.096119 -39.215782
v -22.331099 0.057342 -39.232891
v -22.247847 0.096119 -39.162022
v -22.237974 0.057342 -39.179131
v -22.342787 0.097463 -39.221600
v -22.340981 0.096119 -39.215782
v -22.346085 0.139104 -39.215893
v -22.344391 0.139104 -39.209888
v -22.340981 0.096119 -39.215782
v -22.251257 0.139104 -39.156116
v -22.247847 0.096119 -39.162022
v -22.300930 0.139104 -39.267380
v -22.298784 0.139104 -39.282104
v -22.299282 0.118220 -39.270248
v -22.297462 0.122490 -39.284378
v -22.284689 0.150980 -39.293839
v -22.285625 0.139104 -39.292210
v -22.297462 0.155719 -39.284378
v -22.298784 0.139104 -39.282104
v -22.250139 0.107502 -39.366325
v -22.246334 0.122490 -39.372944
v -22.239805 0.099379 -39.373264
v -22.235004 0.118220 -39.381577
v -22.297462 0.122490 -39.284378
v -22.293644 0.107502 -39.290997
v -22.299282 0.118220 -39.270248
v -22.294483 0.099379 -39.278557
v -22.277586 0.203380 -39.307827
v -22.280205 0.190238 -39.314270
v -22.287006 0.193780 -39.291512
v -22.287695 0.182601 -39.301289
v -22.235004 0.118220 -39.381577
v -22.246334 0.122490 -39.372944
v -22.233345 0.139104 -39.384438
v -22.245012 0.139104 -39.375217
v -22.293644 0.107502 -39.290997
v -22.287695 0.095608 -39.301289
v -22.294483 0.099379 -39.278557
v -22.287006 0.084428 -39.291512
v -22.287006 0.193780 -39.291512
v -22.287695 0.182601 -39.301289
v -22.294483 0.178829 -39.278557
v -22.293644 0.170707 -39.290997
v -22.233345 0.139104 -39.384438
v -22.245012 0.139104 -39.375217
v -22.235004 0.159988 -39.381577
v -22.246334 0.155719 -39.372944
v -22.287695 0.095608 -39.301289
v -22.280205 0.087970 -39.314270
v -22.287006 0.084428 -39.291512
v -22.277586 0.074828 -39.307827
v -22.293644 0.170707 -39.290997
v -22.297462 0.155719 -39.284378
v -22.294483 0.178829 -39.278557
v -22.299282 0.159988 -39.270248
v -22.235004 0.159988 -39.381577
v -22.246334 0.155719 -39.372944
v -22.239805 0.178829 -39.373264
v -22.250139 0.170707 -39.366325
v -22.277586 0.074828 -39.307827
v -22.280205 0.087970 -39.314270
v -22.267138 0.071521 -39.325912
v -22.271894 0.085339 -39.328667
v -22.297462 0.155719 -39.284378
v -22.298784 0.139104 -39.282104
v -22.299282 0.159988 -39.270248
v -22.300930 0.139104 -39.267380
v -22.250139 0.170707 -39.366325
v -22.256092 0.182601 -39.356026
v -22.239805 0.178829 -39.373264
v -22.247271 0.193780 -39.360313
v -22.271894 0.085339 -39.328667
v -22.263592 0.087970 -39.343040
v -22.267138 0.071521 -39.325912
v -22.256701 0.074828 -39.344002
v -22.256092 0.182601 -39.356026
v -22.263592 0.190238 -39.343040
v -22.247271 0.193780 -39.360313
v -22.256701 0.203380 -39.344002
v -22.263592 0.087970 -39.343040
v -22.256701 0.074828 -39.344002
v -22.256092 0.095608 -39.356026
v -22.247271 0.084428 -39.360313
v -22.256701 0.203380 -39.344002
v -22.263592 0.190238 -39.343040
v -22.267138 0.206688 -39.325912
v -22.271894 0.192870 -39.328667
v -22.214878 0.139104 -39.389774
v -22.233345 0.139104 -39.384438
v -22.216867 0.164270 -39.386318
v -22.235004 0.159988 -39.381577
v -22.243013 0.216558 -39.341045
v -22.256701 0.203380 -39.344002
v -22.255596 0.220544 -39.319248
v -22.267138 0.206688 -39.325912
v -22.239805 0.178829 -39.373264
v -22.247271 0.193780 -39.360313
v -22.222649 0.186973 -39.376305
v -22.231661 0.204991 -39.360706
v -22.277586 0.074828 -39.307827
v -22.267138 0.071521 -39.325912
v -22.268177 0.061650 -39.297451
v -22.255596 0.057665 -39.319248
v -22.288540 0.186973 -39.262192
v -22.294483 0.178829 -39.278557
v -22.294323 0.164270 -39.252167
v -22.299282 0.159988 -39.270248
v -22.268177 0.216558 -39.297451
v -22.277586 0.203380 -39.307827
v -22.279526 0.204990 -39.277790
v -22.287006 0.193780 -39.291512
v -22.256701 0.074828 -39.344002
v -22.247271 0.084428 -39.360313
v -22.243013 0.061650 -39.341045
v -22.231661 0.073218 -39.360706
v -22.294323 0.113938 -39.252167
v -22.299282 0.118220 -39.270248
v -22.288540 0.091235 -39.262192
v -22.294483 0.099379 -39.278557
v -22.267138 0.071521 -39.325912
v -22.256701 0.074828 -39.344002
v -22.255596 0.057665 -39.319248
v -22.243013 0.061650 -39.341045
v -22.231661 0.204991 -39.360706
v -22.247271 0.193780 -39.360313
v -22.243013 0.216558 -39.341045
v -22.256701 0.203380 -39.344002
v -22.239805 0.099379 -39.373264
v -22.235004 0.118220 -39.381577
v -22.222649 0.091235 -39.376305
v -22.216867 0.113938 -39.386318
v -22.296312 0.139104 -39.248722
v -22.300930 0.139104 -39.267380
v -22.294323 0.113938 -39.252167
v -22.299282 0.118220 -39.270248
v -22.255596 0.057665 -39.319248
v -22.243013 0.061650 -39.341045
v -22.280319 0.041733 -39.333523
v -22.265274 0.046498 -39.359585
v -22.299282 0.159988 -39.270248
v -22.300930 0.139104 -39.267380
v -22.294323 0.164270 -39.252167
v -22.296312 0.139104 -39.248722
v -22.268177 0.061650 -39.297451
v -22.255596 0.057665 -39.319248
v -22.295362 0.046498 -39.307468
v -22.280319 0.041733 -39.333523
v -22.329010 0.139104 -39.249199
v -22.296312 0.139104 -39.248722
v -22.326624 0.109015 -39.253323
v -22.294323 0.113938 -39.252167
v -22.214878 0.139104 -39.389774
v -22.216867 0.164270 -39.386318
v -22.231628 0.139104 -39.417847
v -22.234024 0.169194 -39.413719
v -22.231661 0.073218 -39.360706
v -22.222649 0.091235 -39.376305
v -22.251709 0.060329 -39.383091
v -22.240934 0.081871 -39.401741
v -22.265274 0.231710 -39.359585
v -22.243013 0.216558 -39.341045
v -22.280319 0.236476 -39.333523
v -22.255596 0.220544 -39.319248
v -22.234024 0.109015 -39.413719
v -22.216867 0.113938 -39.386318
v -22.231628 0.139104 -39.417847
v -22.214878 0.139104 -39.389774
v -22.243013 0.061650 -39.341045
v -22.231661 0.073218 -39.360706
v -22.265274 0.046498 -39.359585
v -22.251709 0.060329 -39.383091
v -22.222649 0.186973 -39.376305
v -22.231661 0.204991 -39.360706
v -22.240934 0.196338 -39.401741
v -22.251709 0.217879 -39.383091
v -22.294323 0.164270 -39.252167
v -22.296312 0.139104 -39.248722
v -22.326624 0.169193 -39.253315
v -22.329010 0.139104 -39.249199
v -22.222649 0.091235 -39.376305
v -22.216867 0.113938 -39.386318
v -22.240934 0.081871 -39.401741
v -22.234024 0.109015 -39.413719
v -22.181707 0.278207 -39.276592
v -22.160213 0.271398 -39.313820
v -22.203201 0.271398 -39.239365
v -22.237974 0.220866 -39.179131
v -22.222593 0.251640 -39.205780
v -22.247847 0.182089 -39.162022
v -22.237974 0.057342 -39.179131
v -22.222593 0.026568 -39.205780
v -22.247847 0.096119 -39.162022
v -22.229437 0.267263 -38.061722
v -22.222128 0.231710 -38.070843
v -22.248220 0.248123 -38.029186
v -22.222128 0.231710 -38.070843
v -22.208611 0.273858 -38.097775
v -22.187794 0.267263 -38.133842
v -22.207085 0.236476 -38.096893
v -22.192039 0.231710 -38.122955
v -22.178465 0.217879 -38.146461
v -22.169012 0.248122 -38.166374
v -22.178465 0.217879 -38.146461
v -22.154104 0.218310 -38.192192
v -22.167690 0.196338 -38.165119
v -22.144535 0.180745 -38.208767
v -22.167690 0.196338 -38.165119
v -22.160778 0.169193 -38.177094
v -22.158396 0.139104 -38.181217
v -22.144535 0.180745 -38.208767
v -22.141228 0.139104 -38.214481
v -22.158396 0.139104 -38.181217
v -22.144535 0.097462 -38.208767
v -22.160778 0.109014 -38.177094
v -22.144535 0.097462 -38.208767
v -22.167690 0.081871 -38.165119
v -22.178465 0.060329 -38.146461
v -22.154104 0.059897 -38.192192
v -22.169012 0.030085 -38.166374
v -22.187794 0.010945 -38.133842
v -22.208611 0.004350 -38.097775
v -22.192039 0.046498 -38.122955
v -22.207085 0.041732 -38.096893
v -22.222128 0.046498 -38.070843
v -22.229437 0.010945 -38.061722
v -22.229437 0.010945 -38.061722
v -22.235706 0.060329 -38.047333
v -22.246468 0.081870 -38.028679
v -22.248220 0.030085 -38.029186
v -22.248220 0.030085 -38.029186
v -22.263117 0.059897 -38.003372
v -22.272694 0.097462 -37.986786
v -22.253382 0.109014 -38.016697
v -22.275991 0.139104 -37.981083
v -22.255764 0.139104 -38.012569
v -22.253382 0.169194 -38.016697
v -22.275991 0.139104 -37.981083
v -22.272694 0.180746 -37.986786
v -22.263117 0.218311 -38.003372
v -22.248220 0.248123 -38.029186
v -22.246468 0.196338 -38.028679
v -22.235706 0.217879 -38.047333
v -22.269375 0.113937 -38.043423
v -22.251778 0.118220 -38.048481
v -22.271360 0.139104 -38.039970
v -22.253437 0.139104 -38.045620
v -22.260193 0.251640 -38.221973
v -22.234926 0.182089 -38.265732
v -22.279585 0.271398 -38.188385
v -22.357346 0.220866 -38.053703
v -22.322569 0.271398 -38.113937
v -22.322569 0.006810 -38.113937
v -22.367218 0.182089 -38.036594
v -22.367218 0.096119 -38.036594
v -22.341965 0.026568 -38.080353
v -22.260193 0.026568 -38.221973
v -22.279585 0.006810 -38.188385
v -22.234926 0.096119 -38.265732
v -22.235886 0.161693 -38.077625
v -22.231628 0.170194 -38.084988
v -22.236856 0.170706 -38.063858
v -22.230917 0.182601 -38.074162
v -22.220335 0.100674 -38.104546
v -22.226274 0.102555 -38.094273
v -22.215117 0.085339 -38.101532
v -22.223417 0.087970 -38.087147
v -22.230917 0.182601 -38.074162
v -22.231628 0.170194 -38.084988
v -22.223417 0.190238 -38.087147
v -22.226274 0.175653 -38.094273
v -22.223417 0.087970 -38.087147
v -22.226274 0.102555 -38.094273
v -22.230917 0.095607 -38.074162
v -22.231628 0.108013 -38.084988
v -22.223417 0.190238 -38.087147
v -22.226274 0.175653 -38.094273
v -22.215117 0.192869 -38.101532
v -22.220335 0.177534 -38.104546
v -22.231628 0.108013 -38.084988
v -22.235886 0.116515 -38.077625
v -22.230917 0.095607 -38.074162
v -22.236856 0.107502 -38.063858
v -22.188225 0.139104 -38.148102
v -22.201122 0.139104 -38.137825
v -22.189545 0.122490 -38.145817
v -22.202061 0.127228 -38.136204
v -22.215117 0.192869 -38.101532
v -22.220335 0.177534 -38.104546
v -22.206804 0.190238 -38.115917
v -22.214405 0.175653 -38.114838
v -22.235886 0.116515 -38.077625
v -22.238607 0.127228 -38.072895
v -22.236856 0.107502 -38.063858
v -22.240675 0.122490 -38.057247
v -22.189545 0.122490 -38.145817
v -22.202061 0.127228 -38.136204
v -22.193363 0.107502 -38.139202
v -22.204794 0.116515 -38.131481
v -22.206804 0.190238 -38.115917
v -22.214405 0.175653 -38.114838
v -22.199305 0.182601 -38.128899
v -22.209040 0.170194 -38.124111
v -22.204794 0.116515 -38.131481
v -22.209040 0.108013 -38.124111
v -22.193363 0.107502 -38.139202
v -22.199305 0.095607 -38.128899
v -22.199305 0.182601 -38.128899
v -22.209040 0.170194 -38.124111
v -22.193363 0.170706 -38.139202
v -22.204794 0.161693 -38.131481
v -22.239557 0.139104 -38.071266
v -22.238607 0.150980 -38.072895
v -22.241997 0.139104 -38.054970
v -22.240675 0.155718 -38.057247
v -22.209040 0.108013 -38.124111
v -22.214405 0.102555 -38.114838
v -22.199305 0.095607 -38.128899
v -22.206804 0.087970 -38.115917
v -22.193363 0.170706 -38.139202
v -22.204794 0.161693 -38.131481
v -22.189545 0.155718 -38.145817
v -22.202061 0.150980 -38.136204
v -22.238607 0.150980 -38.072895
v -22.235886 0.161693 -38.077625
v -22.240675 0.155718 -38.057247
v -22.236856 0.170706 -38.063858
v -22.235886 0.161693 -38.077625
v -22.225552 0.153671 -38.084412
v -22.231628 0.170194 -38.084988
v -22.222807 0.159154 -38.089157
v -22.213037 0.139104 -38.100342
v -22.227314 0.146762 -38.081364
v -22.219351 0.115534 -38.095139
v -22.215523 0.114321 -38.101768
v -22.227911 0.139104 -38.080311
v -22.227314 0.146762 -38.081364
v -22.225552 0.153671 -38.084412
v -22.227314 0.131446 -38.081364
v -22.225552 0.124537 -38.084412
v -22.219351 0.162674 -38.095139
v -22.215523 0.163887 -38.101768
v -22.203743 0.131446 -38.122181
v -22.205492 0.124537 -38.119125
v -22.225552 0.124537 -38.084412
v -22.222807 0.119054 -38.089157
v -22.203133 0.139104 -38.123226
v -22.203743 0.131446 -38.122181
v -22.222807 0.119054 -38.089157
v -22.219351 0.115534 -38.095139
v -22.205492 0.153671 -38.119125
v -22.203743 0.146762 -38.122181
v -22.227314 0.131446 -38.081364
v -22.227911 0.139104 -38.080311
v -22.215523 0.114321 -38.101768
v -22.211695 0.115534 -38.108402
v -22.203133 0.139104 -38.123226
v -22.203743 0.146762 -38.122181
v -22.208237 0.159154 -38.114388
v -22.211695 0.115534 -38.108402
v -22.208237 0.119054 -38.114388
v -22.215523 0.163887 -38.101768
v -22.208237 0.119054 -38.114388
v -22.205492 0.124537 -38.119125
v -22.211695 0.162674 -38.108402
v -22.208237 0.159154 -38.114388
v -22.222807 0.159154 -38.089157
v -22.219351 0.162674 -38.095139
v -22.205492 0.153671 -38.119125
v -22.211695 0.162674 -38.108402
v -22.214405 0.175653 -38.114838
v -22.220335 0.177534 -38.104546
v -22.204794 0.161693 -38.131481
v -22.209040 0.170194 -38.124111
v -22.226274 0.175653 -38.094273
v -22.231628 0.170194 -38.084988
v -22.209040 0.170194 -38.124111
v -22.214405 0.175653 -38.114838
v -22.204794 0.116515 -38.131481
v -22.209040 0.108013 -38.124111
v -22.209040 0.108013 -38.124111
v -22.214405 0.102555 -38.114838
v -22.202061 0.150980 -38.136204
v -22.201122 0.139104 -38.137825
v -22.214405 0.102555 -38.114838
v -22.220335 0.100674 -38.104546
v -22.239557 0.139104 -38.071266
v -22.238607 0.127228 -38.072895
v -22.202061 0.150980 -38.136204
v -22.204794 0.161693 -38.131481
v -22.226274 0.102555 -38.094273
v -22.231628 0.108013 -38.084988
v -22.202061 0.127228 -38.136204
v -22.201122 0.139104 -38.137825
v -22.231628 0.108013 -38.084988
v -22.235886 0.116515 -38.077625
v -22.204794 0.116515 -38.131481
v -22.202061 0.127228 -38.136204
v -22.220335 0.177534 -38.104546
v -22.226274 0.175653 -38.094273
v -22.235886 0.116515 -38.077625
v -22.238607 0.127228 -38.072895
v -22.235886 0.161693 -38.077625
v -22.238607 0.150980 -38.072895
v -22.239557 0.139104 -38.071266
v -22.238607 0.150980 -38.072895
v -22.220335 0.100674 -38.104546
v -22.226274 0.102555 -38.094273
v -22.146164 0.182089 -38.214481
v -22.144535 0.180745 -38.208767
v -22.142765 0.139104 -38.220387
v -22.141228 0.139104 -38.214481
v -22.156048 0.220866 -38.197369
v -22.154104 0.218310 -38.192192
v -22.146164 0.182089 -38.214481
v -22.144535 0.180745 -38.208767
v -22.171429 0.251640 -38.170723
v -22.169012 0.248122 -38.166374
v -22.156048 0.220866 -38.197369
v -22.154104 0.218310 -38.192192
v -22.212315 0.278207 -38.099907
v -22.208611 0.273858 -38.097775
v -22.190821 0.271398 -38.137146
v -22.187794 0.267263 -38.133842
v -22.233797 0.271398 -38.062691
v -22.229437 0.267263 -38.061722
v -22.212315 0.278207 -38.099907
v -22.208611 0.273858 -38.097775
v -22.263117 0.218311 -38.003372
v -22.248220 0.248123 -38.029186
v -22.268583 0.220866 -38.002453
v -22.253187 0.251641 -38.029102
v -22.272694 0.180746 -37.986786
v -22.263117 0.218311 -38.003372
v -22.278454 0.182089 -37.985344
v -22.268583 0.220866 -38.002453
v -22.281866 0.139104 -37.979450
v -22.275991 0.139104 -37.981083
v -22.278454 0.182089 -37.985344
v -22.272694 0.180746 -37.986786
v -22.272694 0.097462 -37.986786
v -22.275991 0.139104 -37.981083
v -22.278454 0.096119 -37.985344
v -22.281866 0.139104 -37.979450
v -22.263117 0.059897 -38.003372
v -22.272694 0.097462 -37.986786
v -22.268583 0.057342 -38.002453
v -22.278454 0.096119 -37.985344
v -22.248220 0.030085 -38.029186
v -22.263117 0.059897 -38.003372
v -22.253187 0.026568 -38.029102
v -22.268583 0.057342 -38.002453
v -22.229437 0.010945 -38.061722
v -22.248220 0.030085 -38.029186
v -22.233797 0.006810 -38.062691
v -22.253187 0.026568 -38.029102
v -22.208611 0.004350 -38.097775
v -22.229437 0.010945 -38.061722
v -22.212315 0.000001 -38.099907
v -22.233797 0.006810 -38.062691
v -22.187794 0.010945 -38.133842
v -22.208611 0.004350 -38.097775
v -22.190821 0.006810 -38.137146
v -22.212315 0.000001 -38.099907
v -22.169012 0.030085 -38.166374
v -22.187794 0.010945 -38.133842
v -22.171429 0.026568 -38.170723
v -22.190821 0.006810 -38.137146
v -22.154104 0.059897 -38.192192
v -22.169012 0.030085 -38.166374
v -22.156048 0.057342 -38.197369
v -22.171429 0.026568 -38.170723
v -22.146164 0.096119 -38.214481
v -22.144535 0.097462 -38.208767
v -22.156048 0.057342 -38.197369
v -22.154104 0.059897 -38.192192
v -22.142765 0.139104 -38.220387
v -22.146164 0.096119 -38.214481
v -22.141228 0.139104 -38.214481
v -22.144535 0.097462 -38.208767
v -22.185852 0.139104 -38.162674
v -22.188225 0.139104 -38.148102
v -22.187513 0.118219 -38.159821
v -22.189545 0.122490 -38.145817
v -22.202061 0.150980 -38.136204
v -22.201122 0.139104 -38.137825
v -22.189545 0.155718 -38.145817
v -22.188225 0.139104 -38.148102
v -22.219645 0.206688 -38.104145
v -22.215117 0.192869 -38.101532
v -22.209209 0.203380 -38.122234
v -22.206804 0.190238 -38.115917
v -22.236856 0.107502 -38.063858
v -22.240675 0.122490 -38.057247
v -22.246988 0.099379 -38.056793
v -22.251778 0.118220 -38.048481
v -22.189545 0.122490 -38.145817
v -22.193363 0.107502 -38.139202
v -22.187513 0.118219 -38.159821
v -22.192312 0.099379 -38.151497
v -22.209209 0.203380 -38.122234
v -22.206804 0.190238 -38.115917
v -22.199780 0.193780 -38.138557
v -22.199305 0.182601 -38.128899
v -22.251778 0.118220 -38.048481
v -22.240675 0.122490 -38.057247
v -22.253437 0.139104 -38.045620
v -22.241997 0.139104 -38.054970
v -22.193363 0.107502 -38.139202
v -22.199305 0.095607 -38.128899
v -22.192312 0.099379 -38.151497
v -22.199780 0.084428 -38.138557
v -22.199780 0.193780 -38.138557
v -22.199305 0.182601 -38.128899
v -22.192312 0.178829 -38.151497
v -22.193363 0.170706 -38.139202
v -22.253437 0.139104 -38.045620
v -22.241997 0.139104 -38.054970
v -22.251778 0.159988 -38.048481
v -22.240675 0.155718 -38.057247
v -22.199305 0.095607 -38.128899
v -22.206804 0.087970 -38.115917
v -22.199780 0.084428 -38.138557
v -22.209209 0.074828 -38.122234
v -22.193363 0.170706 -38.139202
v -22.189545 0.155718 -38.145817
v -22.192312 0.178829 -38.151497
v -22.187513 0.159988 -38.159821
v -22.251778 0.159988 -38.048481
v -22.240675 0.155718 -38.057247
v -22.246988 0.178829 -38.056793
v -22.236856 0.170706 -38.063858
v -22.189545 0.155718 -38.145817
v -22.188225 0.139104 -38.148102
v -22.187513 0.159988 -38.159821
v -22.185852 0.139104 -38.162674
v -22.236856 0.170706 -38.063858
v -22.230917 0.182601 -38.074162
v -22.246988 0.178829 -38.056793
v -22.239511 0.193780 -38.069744
v -22.215117 0.085339 -38.101532
v -22.223417 0.087970 -38.087147
v -22.219645 0.071520 -38.104145
v -22.230091 0.074828 -38.086067
v -22.230917 0.182601 -38.074162
v -22.223417 0.190238 -38.087147
v -22.239511 0.193780 -38.069744
v -22.230091 0.203380 -38.086067
v -22.223417 0.087970 -38.087147
v -22.230917 0.095607 -38.074162
v -22.230091 0.074828 -38.086067
v -22.239511 0.084428 -38.069744
v -22.230091 0.203380 -38.086067
v -22.223417 0.190238 -38.087147
v -22.219645 0.206688 -38.104145
v -22.215117 0.192869 -38.101532
v -22.271360 0.139104 -38.039970
v -22.253437 0.139104 -38.045620
v -22.269375 0.164270 -38.043423
v -22.251778 0.159988 -38.048481
v -22.243229 0.216558 -38.088707
v -22.230091 0.203380 -38.086067
v -22.230644 0.220544 -38.110508
v -22.219645 0.206688 -38.104145
v -22.246988 0.178829 -38.056793
v -22.239511 0.193780 -38.069744
v -22.263592 0.186973 -38.053440
v -22.254578 0.204990 -38.069046
v -22.199780 0.084428 -38.138557
v -22.209209 0.074828 -38.122234
v -22.206713 0.073218 -38.151966
v -22.218063 0.061650 -38.132298
v -22.239511 0.084428 -38.069744
v -22.246988 0.099379 -38.056793
v -22.254578 0.073218 -38.069046
v -22.263592 0.091234 -38.053440
v -22.192312 0.099379 -38.151497
v -22.199780 0.084428 -38.138557
v -22.197701 0.091235 -38.167564
v -22.206713 0.073218 -38.151966
v -22.209209 0.074828 -38.122234
v -22.219645 0.071520 -38.104145
v -22.218063 0.061650 -38.132298
v -22.230644 0.057664 -38.110508
v -22.206713 0.204990 -38.151966
v -22.199780 0.193780 -38.138557
v -22.197701 0.186973 -38.167564
v -22.192312 0.178829 -38.151497
v -22.197701 0.186973 -38.167564
v -22.192312 0.178829 -38.151497
v -22.191917 0.164270 -38.177578
v -22.187513 0.159988 -38.159821
v -22.218063 0.216558 -38.132298
v -22.209209 0.203380 -38.122234
v -22.206713 0.204990 -38.151966
v -22.199780 0.193780 -38.138557
v -22.230091 0.074828 -38.086067
v -22.239511 0.084428 -38.069744
v -22.243229 0.061650 -38.088707
v -22.254578 0.073218 -38.069046
v -22.230644 0.220544 -38.110508
v -22.219645 0.206688 -38.104145
v -22.218063 0.216558 -38.132298
v -22.209209 0.203380 -38.122234
v -22.191917 0.113937 -38.177578
v -22.187513 0.118219 -38.159821
v -22.197701 0.091235 -38.167564
v -22.192312 0.099379 -38.151497
v -22.219645 0.071520 -38.104145
v -22.230644 0.057664 -38.110508
v -22.230091 0.074828 -38.086067
v -22.243229 0.061650 -38.088707
v -22.269375 0.164270 -38.043423
v -22.251778 0.159988 -38.048481
v -22.263592 0.186973 -38.053440
v -22.246988 0.178829 -38.056793
v -22.254578 0.204990 -38.069046
v -22.243229 0.216558 -38.088707
v -22.239511 0.193780 -38.069744
v -22.230091 0.203380 -38.086067
v -22.246988 0.099379 -38.056793
v -22.251778 0.118220 -38.048481
v -22.263592 0.091234 -38.053440
v -22.269375 0.113937 -38.043423
v -22.189928 0.139104 -38.181030
v -22.185852 0.139104 -38.162674
v -22.191917 0.113937 -38.177578
v -22.187513 0.118219 -38.159821
v -22.230917 0.095607 -38.074162
v -22.236856 0.107502 -38.063858
v -22.239511 0.084428 -38.069744
v -22.246988 0.099379 -38.056793
v -22.230644 0.057664 -38.110508
v -22.243229 0.061650 -38.088707
v -22.207085 0.041732 -38.096893
v -22.222128 0.046498 -38.070843
v -22.187513 0.159988 -38.159821
v -22.185852 0.139104 -38.162674
v -22.191917 0.164270 -38.177578
v -22.189928 0.139104 -38.181030
v -22.218063 0.061650 -38.132298
v -22.230644 0.057664 -38.110508
v -22.192039 0.046498 -38.122955
v -22.207085 0.041732 -38.096893
v -22.167690 0.196338 -38.165119
v -22.197701 0.186973 -38.167564
v -22.160778 0.169193 -38.177094
v -22.191917 0.164270 -38.177578
v -22.158396 0.139104 -38.181217
v -22.189928 0.139104 -38.181030
v -22.160778 0.109014 -38.177094
v -22.191917 0.113937 -38.177578
v -22.197701 0.091235 -38.167564
v -22.206713 0.073218 -38.151966
v -22.167690 0.081871 -38.165119
v -22.178465 0.060329 -38.146461
v -22.271360 0.139104 -38.039970
v -22.269375 0.164270 -38.043423
v -22.255764 0.139104 -38.012569
v -22.253382 0.169194 -38.016697
v -22.254578 0.073218 -38.069046
v -22.263592 0.091234 -38.053440
v -22.235706 0.060329 -38.047333
v -22.246468 0.081870 -38.028679
v -22.206713 0.073218 -38.151966
v -22.218063 0.061650 -38.132298
v -22.178465 0.060329 -38.146461
v -22.192039 0.046498 -38.122955
v -22.178465 0.217879 -38.146461
v -22.206713 0.204990 -38.151966
v -22.167690 0.196338 -38.165119
v -22.197701 0.186973 -38.167564
v -22.235706 0.217879 -38.047333
v -22.254578 0.204990 -38.069046
v -22.222128 0.231710 -38.070843
v -22.243229 0.216558 -38.088707
v -22.222128 0.231710 -38.070843
v -22.243229 0.216558 -38.088707
v -22.207085 0.236476 -38.096893
v -22.230644 0.220544 -38.110508
v -22.253382 0.109014 -38.016697
v -22.269375 0.113937 -38.043423
v -22.255764 0.139104 -38.012569
v -22.271360 0.139104 -38.039970
v -22.218063 0.216558 -38.132298
v -22.206713 0.204990 -38.151966
v -22.192039 0.231710 -38.122955
v -22.178465 0.217879 -38.146461
v -22.253382 0.169194 -38.016697
v -22.269375 0.164270 -38.043423
v -22.246468 0.196338 -38.028679
v -22.263592 0.186973 -38.053440
v -22.243229 0.061650 -38.088707
v -22.254578 0.073218 -38.069046
v -22.222128 0.046498 -38.070843
v -22.235706 0.060329 -38.047333
v -22.191917 0.113937 -38.177578
v -22.197701 0.091235 -38.167564
v -22.160778 0.109014 -38.177094
v -22.167690 0.081871 -38.165119
v -22.191917 0.164270 -38.177578
v -22.189928 0.139104 -38.181030
v -22.160778 0.169193 -38.177094
v -22.158396 0.139104 -38.181217
v -22.171429 0.251640 -38.170723
v -22.260193 0.251640 -38.221973
v -22.190821 0.271398 -38.137146
v -22.279585 0.271398 -38.188385
v -22.268583 0.220866 -38.002453
v -22.357346 0.220866 -38.053703
v -22.278454 0.182089 -37.985344
v -22.367218 0.182089 -38.036594
v -22.253187 0.026568 -38.029102
v -22.341965 0.026568 -38.080353
v -22.233797 0.006810 -38.062691
v -22.322569 0.006810 -38.113937
v -22.156048 0.220866 -38.197369
v -22.146164 0.182089 -38.214481
v -22.244808 0.220866 -38.248619
v -22.234926 0.182089 -38.265732
v -22.233797 0.271398 -38.062691
v -22.322569 0.271398 -38.113937
v -22.253187 0.251641 -38.029102
v -22.341965 0.251641 -38.080353
v -22.278454 0.096119 -37.985344
v -22.367218 0.096119 -38.036594
v -22.268583 0.057342 -38.002453
v -22.357346 0.057342 -38.053703
v -22.190821 0.006810 -38.137146
v -22.279585 0.006810 -38.188385
v -22.171429 0.026568 -38.170723
v -22.260193 0.026568 -38.221973
v -22.146164 0.096119 -38.214481
v -22.156048 0.057342 -38.197369
v -22.234926 0.096119 -38.265732
v -22.244808 0.057342 -38.248619
v -22.190821 0.271398 -38.137146
v -22.279585 0.271398 -38.188385
v -22.212315 0.278207 -38.099907
v -22.301079 0.278207 -38.151165
v -22.278454 0.182089 -37.985344
v -22.367218 0.182089 -38.036594
v -22.281866 0.139104 -37.979450
v -22.370628 0.139104 -38.030697
v -22.233797 0.006810 -38.062691
v -22.322569 0.006810 -38.113937
v -22.212315 0.000001 -38.099907
v -22.301079 0.000002 -38.151165
v -22.171429 0.251640 -38.170723
v -22.156048 0.220866 -38.197369
v -22.260193 0.251640 -38.221973
v -22.244808 0.220866 -38.248619
v -22.253187 0.251641 -38.029102
v -22.341965 0.251641 -38.080353
v -22.268583 0.220866 -38.002453
v -22.357346 0.220866 -38.053703
v -22.268583 0.057342 -38.002453
v -22.357346 0.057342 -38.053703
v -22.253187 0.026568 -38.029102
v -22.341965 0.026568 -38.080353
v -22.171429 0.026568 -38.170723
v -22.260193 0.026568 -38.221973
v -22.156048 0.057342 -38.197369
v -22.244808 0.057342 -38.248619
v -22.212315 0.278207 -38.099907
v -22.301079 0.278207 -38.151165
v -22.233797 0.271398 -38.062691
v -22.322569 0.271398 -38.113937
v -22.281866 0.139104 -37.979450
v -22.370628 0.139104 -38.030697
v -22.278454 0.096119 -37.985344
v -22.367218 0.096119 -38.036594
v -22.263592 0.091234 -38.053440
v -22.269375 0.113937 -38.043423
v -22.246468 0.081870 -38.028679
v -22.253382 0.109014 -38.016697
v -22.142765 0.139104 -38.220387
v -22.146164 0.096119 -38.214481
v -22.231527 0.139104 -38.271633
v -22.234926 0.096119 -38.265732
v -22.212315 0.000001 -38.099907
v -22.301079 0.000002 -38.151165
v -22.190821 0.006810 -38.137146
v -22.279585 0.006810 -38.188385
v -22.244808 0.220866 -38.248619
v -22.260193 0.251640 -38.221973
v -22.234926 0.182089 -38.265732
v -22.370628 0.139104 -38.030697
v -22.367218 0.182089 -38.036594
v -22.367218 0.096119 -38.036594
v -22.341965 0.251641 -38.080353
v -22.357346 0.220866 -38.053703
v -22.322569 0.271398 -38.113937
v -22.244808 0.057342 -38.248619
v -22.260193 0.026568 -38.221973
v -22.234926 0.096119 -38.265732
v -21.692163 0.267263 -38.945866
v -21.710934 0.248123 -38.913326
v -21.684776 0.231710 -38.954933
v -21.671335 0.273859 -38.981922
v -21.684776 0.231710 -38.954933
v -21.669733 0.236476 -38.980995
v -21.654688 0.231710 -39.007050
v -21.641111 0.217879 -39.030556
v -21.650520 0.267263 -39.017986
v -21.631725 0.248123 -39.050510
v -21.616829 0.218311 -39.076328
v -21.641111 0.217879 -39.030556
v -21.630348 0.196338 -39.049221
v -21.607262 0.180745 -39.092915
v -21.630348 0.196338 -39.049221
v -21.623425 0.169193 -39.061188
v -21.621042 0.139104 -39.065311
v -21.607262 0.180745 -39.092915
v -21.603964 0.139104 -39.098625
v -21.621042 0.139104 -39.065311
v -21.607262 0.097463 -39.092915
v -21.623425 0.109015 -39.061188
v -21.630348 0.081871 -39.049221
v -21.607262 0.097463 -39.092915
v -21.616829 0.059897 -39.076328
v -21.631725 0.030085 -39.050510
v -21.650520 0.010945 -39.017986
v -21.641111 0.060329 -39.030556
v -21.654688 0.046498 -39.007050
v -21.669733 0.041733 -38.980995
v -21.684776 0.046498 -38.954933
v -21.671335 0.004350 -38.981922
v -21.692163 0.010945 -38.945858
v -21.692163 0.010945 -38.945858
v -21.698353 0.060329 -38.931431
v -21.710934 0.030085 -38.913326
v -21.710934 0.030085 -38.913326
v -21.709114 0.081871 -38.912773
v -21.716028 0.109015 -38.900799
v -21.725842 0.059897 -38.887508
v -21.735420 0.097463 -38.870934
v -21.738718 0.139104 -38.865219
v -21.718424 0.139104 -38.896664
v -21.716028 0.169194 -38.900799
v -21.738718 0.139104 -38.865219
v -21.735420 0.180746 -38.870934
v -21.725842 0.218311 -38.887508
v -21.710934 0.248123 -38.913326
v -21.709114 0.196338 -38.912773
v -21.698353 0.217879 -38.931431
v -21.733171 0.113938 -38.928196
v -21.715044 0.118220 -38.932941
v -21.735170 0.139104 -38.924740
v -21.716705 0.139104 -38.930080
v -21.727457 0.251640 -39.108742
v -21.702192 0.182089 -39.152500
v -21.746851 0.271398 -39.075157
v -21.824612 0.220866 -38.940475
v -21.789835 0.271398 -39.000698
v -21.834494 0.182089 -38.923363
v -21.789835 0.006810 -39.000698
v -21.834494 0.096119 -38.923363
v -21.746851 0.006810 -39.075157
v -21.727457 0.026568 -39.108742
v -21.809217 0.026568 -38.967121
v -21.702192 0.096119 -39.152500
v -21.699188 0.161693 -38.962105
v -21.694931 0.170194 -38.969456
v -21.699900 0.170707 -38.948193
v -21.693958 0.182601 -38.958485
v -21.683636 0.100674 -38.989021
v -21.689577 0.102555 -38.978737
v -21.678158 0.085339 -38.985855
v -21.686460 0.087970 -38.971470
v -21.693958 0.182601 -38.958485
v -21.694931 0.170194 -38.969456
v -21.686460 0.190238 -38.971470
v -21.689577 0.175653 -38.978737
v -21.686460 0.087970 -38.971470
v -21.693958 0.095607 -38.958485
v -21.689577 0.102555 -38.978737
v -21.694931 0.108013 -38.969456
v -21.686460 0.190238 -38.971470
v -21.678158 0.192869 -38.985855
v -21.689577 0.175653 -38.978737
v -21.683636 0.177534 -38.989021
v -21.694931 0.108013 -38.969456
v -21.699188 0.116515 -38.962105
v -21.693958 0.095607 -38.958485
v -21.699900 0.107502 -38.948193
v -21.651278 0.139104 -39.032425
v -21.664423 0.139104 -39.022305
v -21.652586 0.122490 -39.030140
v -21.665359 0.127229 -39.020679
v -21.678158 0.192869 -38.985855
v -21.683636 0.177534 -38.989021
v -21.669844 0.190238 -39.000248
v -21.677706 0.175653 -38.999306
v -21.699188 0.116515 -38.962105
v -21.701910 0.127229 -38.957371
v -21.699900 0.107502 -38.948193
v -21.703716 0.122490 -38.941570
v -21.652586 0.122490 -39.030140
v -21.665359 0.127229 -39.020679
v -21.656404 0.107502 -39.023533
v -21.668095 0.116515 -39.015949
v -21.669844 0.190238 -39.000248
v -21.677706 0.175653 -38.999306
v -21.662344 0.182601 -39.013226
v -21.672342 0.170194 -39.008587
v -21.668095 0.116515 -39.015949
v -21.672342 0.108013 -39.008587
v -21.656404 0.107502 -39.023533
v -21.662344 0.095608 -39.013226
v -21.662344 0.182601 -39.013226
v -21.672342 0.170194 -39.008587
v -21.656404 0.170707 -39.023533
v -21.668095 0.161693 -39.015949
v -21.672342 0.108013 -39.008587
v -21.677706 0.102555 -38.999306
v -21.662344 0.095608 -39.013226
v -21.669844 0.087970 -39.000248
v -21.656404 0.170707 -39.023533
v -21.668095 0.161693 -39.015949
v -21.652586 0.155719 -39.030140
v -21.665359 0.150980 -39.020679
v -21.701910 0.150980 -38.957371
v -21.699188 0.161693 -38.962105
v -21.703716 0.155718 -38.941570
v -21.699900 0.170707 -38.948193
v -21.669844 0.087970 -39.000248
v -21.677706 0.102555 -38.999306
v -21.678158 0.085339 -38.985855
v -21.683636 0.100674 -38.989021
v -21.699188 0.161693 -38.962105
v -21.688614 0.153671 -38.968742
v -21.694931 0.170194 -38.969456
v -21.685871 0.159154 -38.973488
v -21.675978 0.139104 -38.984608
v -21.682415 0.115534 -38.979477
v -21.678587 0.114321 -38.986099
v -21.690378 0.146763 -38.965694
v -21.690977 0.139104 -38.964649
v -21.690378 0.146763 -38.965694
v -21.688614 0.153671 -38.968742
v -21.690378 0.131446 -38.965694
v -21.688614 0.124537 -38.968742
v -21.682415 0.162674 -38.979477
v -21.678587 0.163887 -38.986099
v -21.666805 0.131446 -39.006516
v -21.668570 0.124537 -39.003468
v -21.688614 0.124537 -38.968742
v -21.685871 0.119055 -38.973488
v -21.666197 0.139104 -39.007576
v -21.666805 0.131446 -39.006516
v -21.685871 0.119055 -38.973488
v -21.682415 0.115534 -38.979477
v -21.668570 0.153671 -39.003468
v -21.666805 0.146763 -39.006516
v -21.690378 0.131446 -38.965694
v -21.666197 0.139104 -39.007576
v -21.682415 0.162674 -38.979477
v -21.690977 0.139104 -38.964649
v -21.678587 0.114321 -38.986099
v -21.674757 0.115534 -38.992741
v -21.666805 0.146763 -39.006516
v -21.671303 0.159154 -38.998718
v -21.668570 0.153671 -39.003468
v -21.674757 0.115534 -38.992741
v -21.671303 0.119055 -38.998718
v -21.674757 0.162674 -38.992741
v -21.678587 0.163887 -38.986099
v -21.671303 0.119055 -38.998718
v -21.668570 0.124537 -39.003468
v -21.674757 0.162674 -38.992741
v -21.671303 0.159154 -38.998718
v -21.685871 0.159154 -38.973488
v -21.694931 0.170194 -38.969456
v -21.689577 0.175653 -38.978737
v -21.672342 0.170194 -39.008587
v -21.677706 0.175653 -38.999306
v -21.668095 0.116515 -39.015949
v -21.672342 0.108013 -39.008587
v -21.683636 0.177534 -38.989021
v -21.677706 0.175653 -38.999306
v -21.672342 0.108013 -39.008587
v -21.677706 0.102555 -38.999306
v -21.668095 0.161693 -39.015949
v -21.672342 0.170194 -39.008587
v -21.665359 0.150980 -39.020679
v -21.664423 0.139104 -39.022305
v -21.677706 0.102555 -38.999306
v -21.683636 0.100674 -38.989021
v -21.702860 0.139104 -38.955742
v -21.701910 0.127229 -38.957371
v -21.665359 0.150980 -39.020679
v -21.668095 0.161693 -39.015949
v -21.689577 0.102555 -38.978737
v -21.694931 0.108013 -38.969456
v -21.665359 0.127229 -39.020679
v -21.664423 0.139104 -39.022305
v -21.694931 0.108013 -38.969456
v -21.699188 0.116515 -38.962105
v -21.668095 0.116515 -39.015949
v -21.665359 0.127229 -39.020679
v -21.683636 0.177534 -38.989021
v -21.689577 0.175653 -38.978737
v -21.699188 0.116515 -38.962105
v -21.701910 0.127229 -38.957371
v -21.699188 0.161693 -38.962105
v -21.701910 0.150980 -38.957371
v -21.702860 0.139104 -38.955742
v -21.701910 0.150980 -38.957371
v -21.683636 0.100674 -38.989021
v -21.689577 0.102555 -38.978737
v -21.603964 0.139104 -39.098625
v -21.605671 0.139104 -39.104622
v -21.607262 0.180745 -39.092915
v -21.609070 0.182089 -39.098728
v -21.605671 0.139104 -39.104622
v -21.702192 0.182089 -39.152500
v -21.698792 0.139104 -39.158394
v -21.607262 0.180745 -39.092915
v -21.609070 0.182089 -39.098728
v -21.616829 0.218311 -39.076328
v -21.618940 0.220866 -39.081627
v -21.609070 0.182089 -39.098728
v -21.712074 0.220866 -39.135395
v -21.702192 0.182089 -39.152500
v -21.616829 0.218311 -39.076328
v -21.618940 0.220866 -39.081627
v -21.631725 0.248123 -39.050510
v -21.634335 0.251640 -39.054970
v -21.618940 0.220866 -39.081627
v -21.727457 0.251640 -39.108742
v -21.712074 0.220866 -39.135395
v -21.650520 0.267263 -39.017986
v -21.631725 0.248123 -39.050510
v -21.653727 0.271398 -39.021393
v -21.634335 0.251640 -39.054970
v -21.746851 0.271398 -39.075157
v -21.634335 0.251640 -39.054970
v -21.727457 0.251640 -39.108742
v -21.650520 0.267263 -39.017986
v -21.653727 0.271398 -39.021393
v -21.671335 0.273859 -38.981922
v -21.675209 0.278207 -38.984165
v -21.768343 0.278207 -39.037926
v -21.653727 0.271398 -39.021393
v -21.746851 0.271398 -39.075157
v -21.671335 0.273859 -38.981922
v -21.675209 0.278207 -38.984165
v -21.692163 0.267263 -38.945866
v -21.696703 0.271398 -38.946938
v -21.789835 0.271398 -39.000698
v -21.675209 0.278207 -38.984165
v -21.768343 0.278207 -39.037926
v -21.710934 0.248123 -38.913326
v -21.692163 0.267263 -38.945866
v -21.716097 0.251641 -38.913349
v -21.696703 0.271398 -38.946938
v -21.809217 0.251641 -38.967121
v -21.696703 0.271398 -38.946938
v -21.789835 0.271398 -39.000698
v -21.725842 0.218311 -38.887508
v -21.710934 0.248123 -38.913326
v -21.731478 0.220866 -38.886700
v -21.716097 0.251641 -38.913349
v -21.824612 0.220866 -38.940475
v -21.716097 0.251641 -38.913349
v -21.809217 0.251641 -38.967121
v -21.735420 0.180746 -38.870934
v -21.725842 0.218311 -38.887508
v -21.741360 0.182089 -38.869591
v -21.731478 0.220866 -38.886700
v -21.834494 0.182089 -38.923363
v -21.731478 0.220866 -38.886700
v -21.824612 0.220866 -38.940475
v -21.735420 0.180746 -38.870934
v -21.741360 0.182089 -38.869591
v -21.738718 0.139104 -38.865219
v -21.744772 0.139104 -38.863689
v -21.837894 0.139104 -38.917469
v -21.741360 0.182089 -38.869591
v -21.834494 0.182089 -38.923363
v -21.735420 0.097463 -38.870934
v -21.738718 0.139104 -38.865219
v -21.741360 0.096119 -38.869591
v -21.744772 0.139104 -38.863689
v -21.834494 0.096119 -38.923363
v -21.744772 0.139104 -38.863689
v -21.837894 0.139104 -38.917469
v -21.725842 0.059897 -38.887508
v -21.735420 0.097463 -38.870934
v -21.731478 0.057342 -38.886700
v -21.741360 0.096119 -38.869591
v -21.824612 0.057342 -38.940475
v -21.741360 0.096119 -38.869591
v -21.834494 0.096119 -38.923363
v -21.710934 0.030085 -38.913326
v -21.725842 0.059897 -38.887508
v -21.716097 0.026568 -38.913349
v -21.731478 0.057342 -38.886700
v -21.809217 0.026568 -38.967121
v -21.731478 0.057342 -38.886700
v -21.824612 0.057342 -38.940475
v -21.692163 0.010945 -38.945858
v -21.710934 0.030085 -38.913326
v -21.696703 0.006810 -38.946938
v -21.716097 0.026568 -38.913349
v -21.789835 0.006810 -39.000698
v -21.716097 0.026568 -38.913349
v -21.809217 0.026568 -38.967121
v -21.671335 0.004350 -38.981922
v -21.692163 0.010945 -38.945858
v -21.675209 0.000002 -38.984165
v -21.696703 0.006810 -38.946938
v -21.768343 0.000002 -39.037926
v -21.696703 0.006810 -38.946938
v -21.789835 0.006810 -39.000698
v -21.650520 0.010945 -39.017986
v -21.671335 0.004350 -38.981922
v -21.653727 0.006810 -39.021393
v -21.675209 0.000002 -38.984165
v -21.746851 0.006810 -39.075157
v -21.675209 0.000002 -38.984165
v -21.768343 0.000002 -39.037926
v -21.631725 0.030085 -39.050510
v -21.650520 0.010945 -39.017986
v -21.634335 0.026568 -39.054970
v -21.653727 0.006810 -39.021393
v -21.727457 0.026568 -39.108742
v -21.653727 0.006810 -39.021393
v -21.746851 0.006810 -39.075157
v -21.616829 0.059897 -39.076328
v -21.631725 0.030085 -39.050510
v -21.618940 0.057342 -39.081627
v -21.634335 0.026568 -39.054970
v -21.712074 0.057342 -39.135395
v -21.634335 0.026568 -39.054970
v -21.727457 0.026568 -39.108742
v -21.616829 0.059897 -39.076328
v -21.618940 0.057342 -39.081627
v -21.607262 0.097463 -39.092915
v -21.609070 0.096119 -39.098728
v -21.618940 0.057342 -39.081627
v -21.702192 0.096119 -39.152500
v -21.712074 0.057342 -39.135395
v -21.607262 0.097463 -39.092915
v -21.609070 0.096119 -39.098728
v -21.603964 0.139104 -39.098625
v -21.605671 0.139104 -39.104622
v -21.609070 0.096119 -39.098728
v -21.698792 0.139104 -39.158394
v -21.702192 0.096119 -39.152500
v -21.649120 0.139104 -39.047134
v -21.651278 0.139104 -39.032425
v -21.650766 0.118219 -39.044270
v -21.652586 0.122490 -39.030140
v -21.665359 0.150980 -39.020679
v -21.664423 0.139104 -39.022305
v -21.652586 0.155719 -39.030140
v -21.651278 0.139104 -39.032425
v -21.682901 0.206688 -38.988605
v -21.678158 0.192869 -38.985855
v -21.672466 0.203380 -39.006687
v -21.669844 0.190238 -39.000248
v -21.699900 0.107502 -38.948193
v -21.703716 0.122490 -38.941570
v -21.710245 0.099379 -38.941265
v -21.715044 0.118220 -38.932941
v -21.652586 0.122490 -39.030140
v -21.656404 0.107502 -39.023533
v -21.650766 0.118219 -39.044270
v -21.655569 0.099379 -39.035957
v -21.672466 0.203380 -39.006687
v -21.669844 0.190238 -39.000248
v -21.663046 0.193780 -39.023006
v -21.662344 0.182601 -39.013226
v -21.715044 0.118220 -38.932941
v -21.703716 0.122490 -38.941570
v -21.716705 0.139104 -38.930080
v -21.705040 0.139104 -38.939293
v -21.656404 0.107502 -39.023533
v -21.655569 0.099379 -39.035957
v -21.662344 0.095608 -39.013226
v -21.663046 0.084428 -39.023006
v -21.663046 0.193780 -39.023006
v -21.662344 0.182601 -39.013226
v -21.655569 0.178829 -39.035957
v -21.656404 0.170707 -39.023533
v -21.716705 0.139104 -38.930080
v -21.705040 0.139104 -38.939293
v -21.715044 0.159988 -38.932941
v -21.703716 0.155718 -38.941570
v -21.662344 0.095608 -39.013226
v -21.669844 0.087970 -39.000248
v -21.663046 0.084428 -39.023006
v -21.672466 0.074828 -39.006687
v -21.656404 0.170707 -39.023533
v -21.652586 0.155719 -39.030140
v -21.655569 0.178829 -39.035957
v -21.650766 0.159988 -39.044270
v -21.715044 0.159988 -38.932941
v -21.703716 0.155718 -38.941570
v -21.710245 0.178829 -38.941265
v -21.699900 0.170707 -38.948193
v -21.672466 0.074828 -39.006687
v -21.669844 0.087970 -39.000248
v -21.682901 0.071521 -38.988605
v -21.678158 0.085339 -38.985855
v -21.652586 0.155719 -39.030140
v -21.651278 0.139104 -39.032425
v -21.650766 0.159988 -39.044270
v -21.649120 0.139104 -39.047134
v -21.699900 0.170707 -38.948193
v -21.693958 0.182601 -38.958485
v -21.710245 0.178829 -38.941265
v -21.702768 0.193780 -38.954197
v -21.678158 0.085339 -38.985855
v -21.686460 0.087970 -38.971470
v -21.682901 0.071521 -38.988605
v -21.693348 0.074828 -38.970520
v -21.693958 0.182601 -38.958485
v -21.686460 0.190238 -38.971470
v -21.702768 0.193780 -38.954197
v -21.693348 0.203380 -38.970520
v -21.686460 0.087970 -38.971470
v -21.693958 0.095607 -38.958485
v -21.693348 0.074828 -38.970520
v -21.702768 0.084428 -38.954197
v -21.693348 0.203380 -38.970520
v -21.686460 0.190238 -38.971470
v -21.682901 0.206688 -38.988605
v -21.678158 0.192869 -38.985855
v -21.735170 0.139104 -38.924740
v -21.716705 0.139104 -38.930080
v -21.733171 0.164270 -38.928196
v -21.715044 0.159988 -38.932941
v -21.707037 0.216558 -38.973473
v -21.693348 0.203380 -38.970520
v -21.694456 0.220544 -38.995262
v -21.682901 0.206688 -38.988605
v -21.663046 0.084428 -39.023006
v -21.672466 0.074828 -39.006687
v -21.670523 0.073218 -39.036728
v -21.681873 0.061650 -39.017063
v -21.702768 0.084428 -38.954197
v -21.710245 0.099379 -38.941265
v -21.718388 0.073218 -38.953815
v -21.727402 0.091235 -38.938217
v -21.655569 0.099379 -39.035957
v -21.663046 0.084428 -39.023006
v -21.661509 0.091235 -39.052330
v -21.670523 0.073218 -39.036728
v -21.672466 0.074828 -39.006687
v -21.682901 0.071521 -38.988605
v -21.681873 0.061650 -39.017063
v -21.694456 0.057664 -38.995262
v -21.670523 0.204990 -39.036728
v -21.663046 0.193780 -39.023006
v -21.661509 0.186973 -39.052330
v -21.655569 0.178829 -39.035957
v -21.661509 0.186973 -39.052330
v -21.655569 0.178829 -39.035957
v -21.655725 0.164270 -39.062340
v -21.650766 0.159988 -39.044270
v -21.681873 0.216558 -39.017063
v -21.672466 0.203380 -39.006687
v -21.670523 0.204990 -39.036728
v -21.663046 0.193780 -39.023006
v -21.693348 0.074828 -38.970520
v -21.702768 0.084428 -38.954197
v -21.707037 0.061650 -38.973473
v -21.718388 0.073218 -38.953815
v -21.694456 0.220544 -38.995262
v -21.682901 0.206688 -38.988605
v -21.681873 0.216558 -39.017063
v -21.672466 0.203380 -39.006687
v -21.655725 0.113938 -39.062340
v -21.650766 0.118219 -39.044270
v -21.661509 0.091235 -39.052330
v -21.655569 0.099379 -39.035957
v -21.682901 0.071521 -38.988605
v -21.693348 0.074828 -38.970520
v -21.694456 0.057664 -38.995262
v -21.707037 0.061650 -38.973473
v -21.733171 0.164270 -38.928196
v -21.715044 0.159988 -38.932941
v -21.727402 0.186973 -38.938217
v -21.710245 0.178829 -38.941265
v -21.718388 0.204991 -38.953815
v -21.702768 0.193780 -38.954197
v -21.707037 0.216558 -38.973473
v -21.693348 0.203380 -38.970520
v -21.710245 0.099379 -38.941265
v -21.715044 0.118220 -38.932941
v -21.727402 0.091235 -38.938217
v -21.733171 0.113938 -38.928196
v -21.653740 0.139104 -39.065796
v -21.649120 0.139104 -39.047134
v -21.655725 0.113938 -39.062340
v -21.650766 0.118219 -39.044270
v -21.693958 0.095607 -38.958485
v -21.699900 0.107502 -38.948193
v -21.702768 0.084428 -38.954197
v -21.710245 0.099379 -38.941265
v -21.694456 0.057664 -38.995262
v -21.707037 0.061650 -38.973473
v -21.669733 0.041733 -38.980995
v -21.684776 0.046498 -38.954933
v -21.650766 0.159988 -39.044270
v -21.649120 0.139104 -39.047134
v -21.655725 0.164270 -39.062340
v -21.653740 0.139104 -39.065796
v -21.681873 0.061650 -39.017063
v -21.694456 0.057664 -38.995262
v -21.654688 0.046498 -39.007050
v -21.669733 0.041733 -38.980995
v -21.630348 0.196338 -39.049221
v -21.661509 0.186973 -39.052330
v -21.623425 0.169193 -39.061188
v -21.655725 0.164270 -39.062340
v -21.621042 0.139104 -39.065311
v -21.653740 0.139104 -39.065796
v -21.623425 0.109015 -39.061188
v -21.655725 0.113938 -39.062340
v -21.661509 0.091235 -39.052330
v -21.670523 0.073218 -39.036728
v -21.630348 0.081871 -39.049221
v -21.641111 0.060329 -39.030556
v -21.718388 0.073218 -38.953815
v -21.727402 0.091235 -38.938217
v -21.698353 0.060329 -38.931431
v -21.709114 0.081871 -38.912773
v -21.670523 0.073218 -39.036728
v -21.681873 0.061650 -39.017063
v -21.641111 0.060329 -39.030556
v -21.654688 0.046498 -39.007050
v -21.641111 0.217879 -39.030556
v -21.670523 0.204990 -39.036728
v -21.630348 0.196338 -39.049221
v -21.661509 0.186973 -39.052330
v -21.698353 0.217879 -38.931431
v -21.718388 0.204991 -38.953815
v -21.684776 0.231710 -38.954933
v -21.707037 0.216558 -38.973473
v -21.684776 0.231710 -38.954933
v -21.707037 0.216558 -38.973473
v -21.669733 0.236476 -38.980995
v -21.694456 0.220544 -38.995262
v -21.681873 0.216558 -39.017063
v -21.670523 0.204990 -39.036728
v -21.654688 0.231710 -39.007050
v -21.641111 0.217879 -39.030556
v -21.716028 0.169194 -38.900799
v -21.733171 0.164270 -38.928196
v -21.709114 0.196338 -38.912773
v -21.727402 0.186973 -38.938217
v -21.707037 0.061650 -38.973473
v -21.718388 0.073218 -38.953815
v -21.684776 0.046498 -38.954933
v -21.698353 0.060329 -38.931431
v -21.727402 0.186973 -38.938217
v -21.709114 0.196338 -38.912773
v -21.718388 0.204991 -38.953815
v -21.698353 0.217879 -38.931431
v -21.694456 0.220544 -38.995262
v -21.681873 0.216558 -39.017063
v -21.669733 0.236476 -38.980995
v -21.654688 0.231710 -39.007050
v -21.655725 0.113938 -39.062340
v -21.661509 0.091235 -39.052330
v -21.623425 0.109015 -39.061188
v -21.630348 0.081871 -39.049221
v -21.655725 0.164270 -39.062340
v -21.653740 0.139104 -39.065796
v -21.623425 0.169193 -39.061188
v -21.621042 0.139104 -39.065311
v -21.727402 0.091235 -38.938217
v -21.733171 0.113938 -38.928196
v -21.709114 0.081871 -38.912773
v -21.716028 0.109015 -38.900799
v -21.768343 0.278207 -39.037926
v -21.789835 0.271398 -39.000698
v -21.746851 0.271398 -39.075157
v -21.712074 0.220866 -39.135395
v -21.727457 0.251640 -39.108742
v -21.702192 0.182089 -39.152500
v -21.712074 0.057342 -39.135395
v -21.727457 0.026568 -39.108742
v -21.702192 0.096119 -39.152500
v -21.686697 0.191402 -39.283268
v -21.693958 0.177676 -39.272152
v -21.686401 0.161187 -39.308983
v -21.687971 0.123691 -39.309883
v -21.693958 0.177676 -39.272152
v -21.713078 0.122025 -39.241642
v -22.016085 0.177676 -39.458126
v -21.986393 0.123691 -39.482182
v -22.032949 0.122025 -39.426315
v -22.162878 0.420753 -38.352852
v -22.230793 0.436855 -38.396790
v -22.234589 0.405964 -38.266251
v -22.127529 0.411843 -38.350601
v -22.130745 0.591133 -38.488316
v -22.093113 0.545422 -38.454617
v -22.074738 0.574120 -38.490429
v -22.130745 0.591133 -38.488316
v -22.115938 0.608193 -38.520714
v -22.051743 0.590146 -38.524864
v -22.091261 0.618752 -38.560963
v -21.997778 0.598898 -38.616600
v -22.043938 0.624929 -38.632992
v -21.957966 0.597692 -38.683086
v -21.982960 0.623885 -38.729782
v -21.923449 0.594755 -38.743019
v -21.871077 0.581060 -38.837868
v -21.906542 0.606688 -38.861340
v -21.819088 0.542083 -38.932934
v -21.853821 0.570053 -38.956779
v -21.783817 0.489184 -39.003971
v -21.815994 0.517659 -39.033024
v -21.755163 0.424392 -39.073502
v -21.780178 0.427809 -39.130833
v -21.727333 0.337190 -39.161308
v -21.759556 0.361167 -39.198963
v -21.706879 0.263644 -39.229279
v -21.727278 0.287106 -39.254875
v -21.686697 0.191402 -39.283268
v -21.666513 0.245208 -39.205498
v -21.720659 0.314346 -39.158218
v -21.691067 0.301892 -39.148365
v -21.733309 0.347698 -39.083172
v -21.712515 0.338900 -39.076336
v -21.749201 0.351321 -39.004650
v -21.731762 0.345193 -39.002338
v -21.768547 0.328634 -38.936852
v -21.753717 0.324136 -38.932503
v -21.790356 0.278132 -38.877167
v -21.772839 0.268678 -38.864788
v -21.809793 0.187307 -38.828739
v -21.793100 0.189447 -38.825073
v -21.812843 0.098516 -38.816708
v -21.798578 0.099932 -38.813847
v -21.789045 0.102868 -38.815868
v -21.773775 0.182821 -38.822144
v -21.776985 0.113842 -38.819893
v -21.760199 0.176386 -38.831509
v -21.733738 0.255950 -38.865414
v -21.750883 0.262918 -38.859982
v -21.704111 0.300554 -38.913727
v -21.727989 0.319683 -38.920799
v -21.671392 0.318637 -38.974190
v -21.701130 0.338766 -38.991539
v -21.640987 0.312207 -39.025299
v -21.675198 0.329933 -39.062828
v -21.611408 0.284079 -39.077816
v -21.650160 0.295315 -39.123589
v -21.588898 0.241886 -39.116795
v -21.622057 0.235838 -39.176552
v -21.569403 0.191254 -39.146370
v -21.606979 0.176138 -39.201519
v -21.644691 0.176336 -39.239002
v -21.732992 0.212789 -39.347198
v -21.686401 0.161187 -39.308983
v -21.719675 0.144675 -39.370262
v -21.764965 0.139600 -39.422020
v -21.780519 0.230939 -39.395077
v -21.821234 0.233973 -39.423656
v -21.807083 0.322384 -39.349049
v -21.839375 0.396444 -39.293137
v -21.759556 0.304233 -39.301170
v -21.847809 0.325417 -39.377640
v -21.892921 0.322384 -39.398609
v -21.880091 0.399478 -39.321720
v -21.925200 0.396444 -39.342697
v -21.908213 0.454077 -39.273029
v -21.958811 0.449825 -39.296448
v -21.862616 0.449825 -39.240913
v -21.814459 0.441148 -39.184254
v -21.791847 0.378294 -39.245258
v -22.031954 0.441148 -39.309826
v -22.095362 0.427809 -39.312805
v -21.990437 0.378294 -39.359917
v -22.046684 0.361167 -39.364723
v -21.958145 0.304234 -39.415829
v -22.014393 0.287106 -39.420635
v -21.931581 0.212789 -39.461857
v -21.918253 0.144675 -39.484909
v -21.866356 0.230939 -39.444633
v -22.010088 0.191402 -39.469975
v -22.046749 0.263645 -39.425503
v -22.069429 0.176336 -39.484222
v -21.987963 0.161187 -39.483093
v -22.087524 0.245208 -39.448574
v -22.120750 0.176138 -39.498142
v -22.134823 0.235838 -39.472595
v -22.187298 0.191254 -39.503109
v -22.203156 0.241886 -39.471436
v -22.225653 0.284079 -39.432465
v -22.166651 0.295315 -39.421791
v -22.256351 0.312207 -39.380577
v -22.206758 0.329933 -39.369717
v -22.285412 0.318637 -39.328682
v -22.255514 0.338766 -39.311615
v -22.321419 0.300554 -39.270126
v -22.303360 0.319683 -39.252987
v -22.344574 0.262918 -39.202747
v -22.348434 0.255950 -39.220303
v -22.364586 0.176386 -39.180439
v -22.365908 0.182821 -39.164009
v -22.366245 0.113842 -39.160103
v -22.363705 0.102868 -39.147644
v -22.360678 0.099932 -39.138382
v -22.353710 0.189447 -39.148731
v -22.351067 0.098516 -39.127460
v -22.342188 0.187307 -39.136112
v -22.309956 0.278132 -39.177155
v -22.280352 0.324136 -39.236553
v -22.269171 0.328634 -39.225891
v -22.329437 0.268678 -39.186138
v -22.220129 0.351321 -39.276550
v -22.160067 0.347698 -39.329578
v -22.230848 0.345193 -39.290489
v -22.176397 0.338900 -39.344158
v -22.124727 0.301892 -39.398735
v -22.101404 0.314346 -39.378048
v -22.095385 0.337190 -39.373810
v -22.157526 0.424392 -39.305809
v -22.203415 0.489184 -39.246227
v -22.162167 0.517659 -39.232880
v -22.247293 0.542083 -39.180153
v -22.209276 0.570053 -39.161999
v -22.303642 0.581060 -39.087608
v -22.265568 0.606688 -39.068638
v -22.359581 0.594755 -38.994823
v -22.341297 0.623885 -38.936665
v -22.394236 0.597693 -38.934975
v -22.431900 0.598898 -38.867249
v -22.394629 0.624929 -38.835457
v -22.484373 0.590146 -38.774628
v -22.502693 0.574121 -38.737511
v -22.433346 0.618752 -38.758450
v -22.455856 0.608193 -38.716969
v -22.394697 0.628367 -38.729095
v -22.416834 0.616946 -38.690353
v -22.325981 0.636999 -38.684181
v -22.349428 0.639783 -38.805191
v -22.286282 0.642507 -38.915722
v -22.280703 0.648415 -38.760269
v -22.217566 0.651138 -38.870808
v -22.222784 0.650735 -38.728153
v -22.268652 0.640425 -38.648720
v -22.166006 0.648415 -38.694046
v -22.159876 0.653363 -38.837120
v -22.101866 0.651138 -38.804008
v -22.088099 0.641790 -38.961441
v -22.031458 0.638417 -38.931740
v -22.031107 0.611339 -39.060154
v -22.142143 0.638417 -38.995640
v -22.082508 0.608115 -39.090843
v -22.210869 0.629785 -39.040562
v -22.151236 0.599483 -39.135746
v -22.099585 0.544084 -39.206867
v -22.035454 0.561798 -39.172493
v -21.982338 0.565407 -39.144623
v -21.931637 0.561798 -39.112556
v -21.869812 0.544084 -39.074207
v -21.978836 0.608115 -39.030983
v -21.905571 0.599483 -38.993923
v -21.958202 0.629785 -38.894676
v -22.028601 0.642507 -38.766953
v -22.092752 0.639783 -38.656990
v -22.136009 0.628367 -38.579746
v -22.209276 0.636999 -38.616798
v -22.158497 0.616946 -38.541210
v -22.177269 0.598889 -38.506775
v -22.231752 0.625578 -38.578270
v -22.252275 0.606297 -38.544666
v -22.292156 0.627196 -38.607998
v -22.311977 0.608437 -38.573673
v -22.348108 0.625578 -38.645447
v -22.366957 0.606297 -38.610878
v -22.437279 0.598889 -38.656887
v -22.476513 0.591133 -38.687935
v -22.476513 0.591133 -38.687935
v -22.524515 0.545422 -38.703686
v -22.597385 0.411843 -38.621876
v -22.577766 0.420753 -38.592381
v -22.505754 0.436855 -38.555546
v -22.616903 0.405964 -38.486992
v -22.547350 0.424222 -38.450016
v -22.641693 0.395879 -38.418011
v -22.672369 0.376766 -38.326305
v -22.575668 0.415489 -38.380486
v -22.619207 0.391064 -38.287006
v -22.518991 0.423906 -38.336971
v -22.562746 0.400292 -38.247322
v -22.480444 0.434095 -38.407921
v -22.471432 0.426772 -38.297482
v -22.427563 0.437425 -38.373470
v -22.413458 0.423906 -38.276043
v -22.517284 0.403486 -38.218075
v -22.557348 0.375623 -38.148689
v -22.469229 0.400292 -38.193329
v -22.512180 0.372713 -38.124485
v -22.406635 0.391064 -38.164272
v -22.347443 0.415489 -38.248714
v -22.346006 0.376766 -38.137886
v -22.457527 0.359760 -38.094162
v -22.419535 0.343398 -38.069771
v -22.492270 0.334251 -38.055183
v -22.453722 0.324745 -38.036953
v -22.501812 0.313079 -38.039680
v -22.542135 0.344685 -38.079548
v -22.551678 0.319045 -38.064720
v -22.584578 0.349492 -38.101509
v -22.593025 0.321821 -38.086891
v -22.624832 0.344685 -38.127289
v -22.632908 0.319045 -38.111610
v -22.670855 0.334251 -38.158295
v -22.600889 0.372713 -38.175701
v -22.654478 0.359760 -38.207878
v -22.694597 0.343398 -38.228580
v -22.705915 0.324745 -38.182556
v -22.708839 0.308934 -38.163567
v -22.679518 0.313079 -38.142262
v -22.711132 0.260605 -38.156864
v -22.683754 0.256178 -38.134933
v -22.635572 0.255646 -38.103233
v -22.596584 0.256085 -38.080711
v -22.557596 0.255646 -38.058216
v -22.506048 0.256178 -38.032330
v -22.473373 0.260605 -38.019592
v -22.468708 0.308934 -38.024929
v -22.281921 0.395879 -38.210308
v -22.301382 0.424222 -38.308006
v -22.371296 0.434095 -38.344902
v -22.309492 0.444007 -38.446987
v -22.366123 0.444347 -38.479908
v -22.422943 0.444007 -38.512482
v -21.850792 0.139600 -39.471569
v -22.162878 0.420753 -38.352852
v -22.234589 0.405964 -38.266251
v -22.127529 0.411843 -38.350601
v -22.206463 0.385599 -38.256977
v -22.256714 0.371807 -38.202927
v -22.218832 0.314852 -38.228649
v -22.138281 0.319352 -38.331085
v -22.127529 0.411843 -38.350601
v -22.106295 0.276465 -38.369709
v -22.021992 0.412808 -38.507065
v -21.944513 0.280632 -38.604408
v -21.930122 0.413648 -38.643284
v -21.904125 0.413894 -38.683918
v -21.957966 0.597692 -38.683086
v -21.923449 0.594755 -38.743019
v -21.790356 0.278132 -38.877167
v -21.794420 0.410395 -38.907162
v -21.768547 0.328634 -38.936852
v -21.778440 0.433310 -38.969307
v -21.749201 0.351321 -39.004650
v -21.774012 0.442548 -38.993076
v -21.755163 0.424392 -39.073502
v -21.783817 0.489184 -39.003971
v -21.733309 0.347698 -39.083172
v -21.727333 0.337190 -39.161308
v -21.720659 0.314346 -39.158218
v -21.706879 0.263644 -39.229279
v -21.809793 0.187307 -38.828739
v -21.812843 0.098516 -38.816708
v -21.938786 0.098960 -38.595779
v -22.141342 0.176851 -38.314758
v -22.128771 0.099864 -38.328499
v -22.172525 0.256716 -38.279293
v -22.265659 0.343528 -38.181900
v -22.325350 0.353014 -38.132034
v -22.346006 0.376766 -38.137886
v -22.398142 0.327727 -38.058495
v -22.419535 0.343398 -38.069771
v -22.445171 0.309728 -38.034088
v -22.420269 0.306967 -38.044415
v -22.431414 0.265343 -38.031662
v -22.450954 0.265125 -38.026695
v -22.473373 0.260605 -38.019592
v -22.468708 0.308934 -38.024929
v -22.453722 0.324745 -38.036953
v -22.281921 0.395879 -38.210308
v -22.309492 0.444007 -38.446987
v -22.366123 0.444347 -38.479908
v -22.230793 0.436855 -38.396790
v -22.306534 0.453389 -38.452003
v -22.227957 0.446602 -38.402622
v -22.363321 0.453433 -38.484741
v -22.420063 0.453389 -38.517551
v -22.422943 0.444007 -38.512482
v -22.502117 0.446602 -38.560913
v -22.505754 0.436855 -38.555546
v -22.562080 0.434722 -38.592941
v -22.577766 0.420753 -38.592381
v -22.475710 0.580791 -38.669922
v -22.476513 0.591133 -38.687935
v -22.443998 0.587941 -38.646858
v -22.437279 0.598889 -38.656887
v -22.372187 0.596037 -38.601772
v -22.366957 0.606297 -38.610878
v -22.316517 0.598287 -38.565811
v -22.311977 0.608437 -38.573673
v -22.257538 0.596037 -38.535580
v -22.252275 0.606297 -38.544666
v -22.182589 0.587941 -38.495941
v -22.177269 0.598889 -38.506775
v -22.146761 0.580791 -38.480000
v -22.130745 0.591133 -38.488316
v -22.170244 0.434722 -38.366711
v -22.162878 0.420753 -38.352852
v -21.931637 0.561798 -39.112556
v -21.982338 0.565407 -39.144623
v -21.927729 0.555831 -39.119606
v -21.869812 0.544084 -39.074207
v -21.815994 0.517659 -39.033024
v -21.865950 0.537546 -39.081390
v -21.818861 0.514395 -39.045410
v -21.787861 0.436849 -39.131325
v -21.817247 0.447973 -39.177452
v -21.780178 0.427809 -39.130833
v -21.814459 0.441148 -39.184254
v -21.862616 0.449825 -39.240913
v -21.908213 0.454077 -39.273029
v -21.865589 0.455903 -39.234661
v -21.911657 0.460250 -39.267040
v -21.962742 0.455903 -39.290749
v -22.036461 0.447973 -39.304008
v -21.958811 0.449825 -39.296448
v -22.031954 0.441148 -39.309826
v -22.095362 0.427809 -39.312805
v -22.091105 0.436849 -39.306404
v -22.162167 0.517659 -39.232880
v -22.150003 0.514395 -39.236591
v -22.099585 0.544084 -39.206867
v -22.035454 0.561798 -39.172493
v -22.095293 0.537546 -39.213795
v -22.031311 0.555831 -39.179405
v -21.978069 0.559306 -39.152016
v -22.557596 0.255646 -38.058216
v -22.596584 0.256085 -38.080711
v -22.538441 0.169822 -38.091404
v -22.506048 0.256178 -38.032330
v -22.486895 0.170354 -38.065529
v -22.473373 0.260605 -38.019592
v -22.452208 0.175052 -38.052010
v -22.450954 0.265125 -38.026695
v -22.431799 0.179300 -38.059887
v -22.431414 0.265343 -38.031662
v -22.431494 0.246668 -38.037785
v -22.399012 0.267751 -38.016663
v -22.390699 0.250836 -38.023510
v -22.351744 0.272880 -37.995502
v -22.345860 0.255702 -38.003445
v -22.322018 0.279654 -37.987061
v -22.317669 0.262128 -37.995426
v -22.262383 0.303068 -37.996964
v -22.261084 0.284339 -38.004810
v -22.224501 0.315722 -38.036171
v -22.225157 0.296342 -38.042004
v -22.193069 0.315433 -38.093193
v -22.195337 0.296068 -38.096100
v -22.159231 0.292558 -38.150684
v -22.163240 0.274368 -38.150623
v -22.130646 0.248983 -38.200058
v -22.136124 0.233034 -38.197475
v -22.577419 0.170260 -38.113914
v -22.616407 0.169822 -38.136425
v -22.635572 0.255646 -38.103233
v -22.664600 0.170354 -38.168125
v -22.683754 0.256178 -38.134933
v -22.693649 0.175052 -38.191395
v -22.711132 0.260605 -38.156864
v -22.697025 0.179301 -38.213013
v -22.716179 0.265125 -38.179829
v -22.716316 0.246668 -38.202221
v -22.721657 0.265343 -38.199230
v -22.749081 0.250836 -38.230415
v -22.750843 0.267751 -38.219791
v -22.788881 0.255702 -38.259212
v -22.792803 0.272880 -38.250156
v -22.809914 0.262128 -38.279625
v -22.814983 0.279654 -38.271675
v -22.830072 0.284339 -38.333313
v -22.836229 0.303069 -38.328274
v -22.815830 0.296342 -38.383022
v -22.821209 0.315722 -38.380680
v -22.783890 0.296068 -38.435894
v -22.787539 0.315433 -38.436413
v -22.752718 0.274368 -38.490955
v -22.754683 0.292558 -38.494453
v -22.725702 0.233034 -38.537865
v -22.726210 0.248983 -38.543903
v -21.780519 0.230939 -39.395077
v -21.764965 0.139600 -39.422020
v -21.821234 0.233973 -39.423656
v -21.805683 0.140373 -39.450592
v -21.866356 0.230939 -39.444633
v -21.850792 0.139600 -39.471569
v -21.903141 0.173793 -38.894341
v -21.878632 0.259949 -38.936783
v -21.789001 0.175822 -38.834106
v -21.769777 0.250981 -38.871777
v -21.777287 0.171805 -38.832333
v -21.748951 0.245516 -38.867226
v -21.789001 0.175822 -38.834106
v -21.784380 0.103191 -38.826717
v -21.758188 0.163433 -38.840443
v -21.748951 0.245516 -38.867226
v -21.733093 0.238906 -38.872608
v -21.772579 0.111532 -38.830029
v -21.793552 0.101541 -38.824806
v -21.908089 0.100112 -38.885761
v -21.903141 0.173793 -38.894341
v -21.727232 0.299363 -38.924919
v -21.733093 0.238906 -38.872608
v -21.704994 0.281218 -38.918442
v -21.673956 0.298371 -38.975792
v -21.701761 0.317466 -38.992023
v -21.645109 0.292272 -39.024273
v -21.677164 0.309086 -39.059643
v -21.617043 0.265589 -39.074097
v -21.653399 0.276248 -39.117287
v -21.595697 0.225565 -39.111073
v -21.626755 0.219828 -39.167522
v -21.577208 0.177537 -39.139130
v -21.612762 0.163198 -39.191387
v -21.648226 0.163386 -39.226765
v -21.668930 0.228717 -39.194981
v -21.693958 0.177676 -39.272152
v -21.719326 0.248783 -39.212719
v -21.746658 0.294301 -39.165367
v -21.692219 0.282487 -39.140785
v -21.780485 0.325938 -39.106789
v -21.816502 0.329376 -39.044392
v -21.712561 0.317593 -39.072456
v -21.730824 0.323563 -39.002274
v -21.751650 0.303587 -38.936008
v -21.848953 0.307854 -38.988201
v -22.113207 0.191924 -38.238247
v -22.119587 0.178908 -38.233700
v -22.105391 0.151277 -38.266907
v -22.112066 0.140965 -38.261070
v -22.107378 0.101435 -38.300709
v -22.115341 0.099754 -38.290714
v -22.107378 0.101435 -38.300709
v -22.115341 0.099754 -38.290714
v -22.128771 0.099864 -38.328499
v -22.235310 0.091580 -38.377598
v -21.938786 0.098960 -38.595779
v -21.812843 0.098516 -38.816708
v -21.908089 0.100112 -38.885761
v -21.798578 0.099932 -38.813847
v -21.793552 0.101541 -38.824806
v -22.075867 0.100112 -38.982620
v -21.755514 0.105512 -39.308201
v -21.713078 0.122025 -39.241642
v -21.687971 0.123691 -39.309883
v -21.719675 0.107179 -39.370262
v -21.764965 0.102104 -39.422020
v -21.800793 0.100437 -39.359959
v -21.805683 0.102876 -39.450592
v -21.841509 0.101210 -39.388546
v -21.850792 0.102104 -39.471569
v -21.886629 0.100437 -39.409500
v -21.918253 0.107179 -39.484909
v -21.954090 0.105512 -39.422852
v -21.986393 0.123691 -39.482182
v -22.032949 0.122025 -39.426315
v -22.243645 0.100112 -39.079498
v -22.520121 0.091580 -38.542027
v -22.353710 0.101541 -39.148205
v -22.351067 0.098516 -39.127460
v -22.360678 0.099932 -39.138382
v -22.479427 0.098960 -38.907909
v -22.615919 0.099864 -38.609749
v -22.650673 0.101436 -38.614388
v -22.655350 0.099754 -38.602489
v -22.664688 0.094134 -38.264000
v -22.384047 0.089342 -38.448833
v -22.448221 0.089436 -38.132511
v -22.538746 0.089342 -38.180908
v -22.625916 0.089436 -38.235111
v -22.577734 0.088904 -38.203411
v -22.499758 0.088904 -38.158394
v -22.403811 0.094134 -38.113377
v -21.784380 0.103191 -38.826717
v -21.789045 0.102868 -38.815868
v -21.793552 0.101541 -38.824806
v -21.798578 0.099932 -38.813847
v -21.772579 0.111532 -38.830029
v -21.776985 0.113842 -38.819893
v -21.784380 0.103191 -38.826717
v -21.789045 0.102868 -38.815868
v -21.776985 0.113842 -38.819893
v -21.772579 0.111532 -38.830029
v -21.760199 0.176386 -38.831509
v -21.758188 0.163433 -38.840443
v -21.733738 0.255950 -38.865414
v -21.733093 0.238906 -38.872608
v -21.704111 0.300554 -38.913727
v -21.704994 0.281218 -38.918442
v -21.671392 0.318637 -38.974190
v -21.673956 0.298371 -38.975792
v -21.671392 0.318637 -38.974190
v -21.673956 0.298371 -38.975792
v -21.640987 0.312207 -39.025299
v -21.645109 0.292272 -39.024273
v -21.611408 0.284079 -39.077816
v -21.617043 0.265589 -39.074097
v -21.588898 0.241886 -39.116795
v -21.595697 0.225565 -39.111073
v -21.569403 0.191254 -39.146370
v -21.577208 0.177537 -39.139130
v -21.569403 0.191254 -39.146370
v -21.577208 0.177537 -39.139130
v -21.606979 0.176138 -39.201519
v -21.612762 0.163198 -39.191387
v -21.644691 0.176336 -39.239002
v -21.648226 0.163386 -39.226765
v -21.686697 0.191402 -39.283268
v -21.693958 0.177676 -39.272152
v -22.538441 0.169822 -38.091404
v -22.577419 0.170260 -38.113914
v -22.499758 0.088904 -38.158394
v -22.486895 0.170354 -38.065529
v -22.448221 0.089436 -38.132511
v -22.452208 0.175052 -38.052010
v -22.403811 0.094134 -38.113377
v -22.431799 0.179300 -38.059887
v -22.538746 0.089342 -38.180908
v -22.577734 0.088904 -38.203411
v -22.616407 0.169822 -38.136425
v -22.625916 0.089436 -38.235111
v -22.664600 0.170354 -38.168125
v -22.664688 0.094134 -38.264000
v -22.693649 0.175052 -38.191395
v -22.697025 0.179301 -38.213013
v -22.235310 0.091580 -38.377598
v -22.243927 0.164609 -38.362659
v -22.403811 0.094134 -38.113377
v -22.431799 0.179300 -38.059887
v -22.265896 0.240368 -38.324615
v -22.431494 0.246668 -38.037785
v -22.297676 0.295517 -38.269573
v -22.421125 0.288036 -38.055752
v -22.327980 0.322718 -38.217075
v -22.410091 0.307729 -38.074852
v -22.362619 0.331717 -38.157078
v -21.764965 0.139600 -39.422020
v -21.764965 0.102104 -39.422020
v -21.805683 0.140373 -39.450592
v -21.805683 0.102876 -39.450592
v -21.850792 0.139600 -39.471569
v -21.850792 0.102104 -39.471569
v -21.764965 0.102104 -39.422020
v -21.764965 0.139600 -39.422020
v -21.719675 0.107179 -39.370262
v -21.719675 0.144675 -39.370262
v -21.687971 0.123691 -39.309883
v -21.686401 0.161187 -39.308983
v -21.908089 0.100112 -38.885761
v -21.713078 0.122025 -39.241642
v -21.903141 0.173793 -38.894341
v -21.693958 0.177676 -39.272152
v -21.878632 0.259949 -38.936783
v -21.719326 0.248783 -39.212719
v -21.848953 0.307854 -38.988201
v -21.746658 0.294301 -39.165367
v -21.816502 0.329376 -39.044392
v -21.780485 0.325938 -39.106789
v -22.352873 0.310882 -37.982670
v -22.356712 0.294318 -37.984898
v -22.347406 0.310882 -37.992149
v -22.351248 0.294318 -37.994373
v -22.342676 0.310882 -38.009750
v -22.345974 0.296671 -38.011654
v -22.354984 0.286268 -38.016850
v -22.367285 0.282460 -38.023968
v -22.361740 0.282192 -38.000435
v -22.367218 0.282192 -37.990952
v -22.376095 0.277753 -38.008717
v -22.381559 0.277753 -37.999241
v -22.390440 0.282192 -38.017006
v -22.395905 0.282192 -38.007519
v -22.400942 0.294318 -38.023060
v -22.379597 0.286268 -38.031075
v -22.388597 0.296671 -38.036274
v -22.406410 0.294318 -38.013584
v -22.406410 0.294318 -38.013584
v -22.410261 0.310882 -38.015804
v -22.400942 0.294318 -38.023060
v -22.404783 0.310882 -38.025284
v -22.388597 0.296671 -38.036274
v -22.391895 0.310882 -38.038174
v -22.388597 0.325092 -38.036274
v -22.379597 0.335495 -38.031075
v -22.400942 0.327446 -38.023060
v -22.406410 0.327446 -38.013584
v -22.390440 0.339572 -38.017006
v -22.395905 0.339572 -38.007519
v -22.381559 0.344011 -37.999241
v -22.390440 0.339572 -38.017006
v -22.376095 0.344011 -38.008717
v -22.379597 0.335495 -38.031075
v -22.367285 0.339304 -38.023968
v -22.354984 0.335495 -38.016850
v -22.345974 0.325092 -38.011654
v -22.361740 0.339572 -38.000435
v -22.367218 0.339572 -37.990952
v -22.351248 0.327446 -37.994373
v -22.356712 0.327446 -37.984898
v -22.347406 0.310882 -37.992149
v -22.352873 0.310882 -37.982670
v -22.342676 0.310882 -38.009750
v -22.351133 0.310882 -38.030949
v -22.342676 0.310882 -38.009750
v -22.352356 0.305633 -38.031643
v -22.345974 0.296671 -38.011654
v -22.355686 0.301790 -38.033573
v -22.354984 0.286268 -38.016850
v -22.360226 0.300383 -38.036198
v -22.367285 0.282460 -38.023968
v -22.364777 0.301790 -38.038811
v -22.379597 0.286268 -38.031075
v -22.351133 0.310882 -38.030949
v -22.352356 0.305633 -38.031643
v -22.352356 0.316131 -38.031643
v -22.355686 0.301790 -38.033573
v -22.355686 0.319974 -38.033573
v -22.360226 0.300383 -38.036198
v -22.360226 0.321380 -38.036198
v -22.364777 0.301790 -38.038811
v -22.364777 0.319974 -38.038811
v -22.367285 0.339304 -38.023968
v -22.379597 0.335495 -38.031075
v -22.388597 0.325092 -38.036274
v -22.368111 0.316131 -38.040730
v -22.391895 0.310882 -38.038174
v -22.369320 0.310882 -38.041447
v -22.388597 0.296671 -38.036274
v -22.368111 0.305633 -38.040730
v -22.379597 0.286268 -38.031075
v -22.360226 0.321380 -38.036198
v -22.367285 0.339304 -38.023968
v -22.355686 0.319974 -38.033573
v -22.354984 0.335495 -38.016850
v -22.352356 0.316131 -38.031643
v -22.345974 0.325092 -38.011654
v -22.351133 0.310882 -38.030949
v -22.342676 0.310882 -38.009750
v -21.794027 0.370188 -39.271381
v -21.829941 0.380960 -39.307163
v -21.797155 0.377777 -39.265945
v -21.833084 0.388548 -39.301731
v -21.847416 0.390274 -39.312424
v -21.844275 0.382685 -39.317848
v -21.874964 0.391896 -39.330593
v -21.871834 0.384307 -39.336029
v -21.904486 0.390274 -39.345371
v -21.901346 0.382685 -39.350807
v -21.920908 0.388548 -39.352448
v -21.917768 0.380960 -39.357880
v -21.969858 0.377777 -39.365658
v -21.966728 0.370188 -39.371082
v -21.807535 0.347245 -39.247112
v -21.794027 0.370188 -39.271381
v -21.810673 0.354833 -39.241684
v -21.797155 0.377777 -39.265945
v -21.984123 0.354833 -39.341820
v -21.980984 0.347245 -39.347248
v -21.941544 0.354833 -39.317245
v -21.938416 0.347245 -39.322681
v -21.926308 0.354833 -39.308437
v -21.923166 0.347245 -39.313873
v -21.897392 0.354833 -39.291752
v -21.894255 0.347245 -39.297180
v -21.868490 0.354833 -39.275059
v -21.865351 0.347245 -39.280495
v -21.853243 0.354833 -39.266258
v -21.850115 0.347245 -39.271687
v -21.810673 0.354833 -39.241684
v -21.807535 0.347245 -39.247112
v -21.794027 0.370188 -39.271381
v -21.807535 0.347245 -39.247112
v -21.829941 0.380960 -39.307163
v -21.850115 0.347245 -39.271687
v -21.844275 0.382685 -39.317848
v -21.865351 0.347245 -39.280495
v -21.871834 0.384307 -39.336029
v -21.894255 0.347245 -39.297180
v -21.901346 0.382685 -39.350807
v -21.923166 0.347245 -39.313873
v -21.917768 0.380960 -39.357880
v -21.938416 0.347245 -39.322681
v -21.966728 0.370188 -39.371082
v -21.980984 0.347245 -39.347248
v -21.984123 0.354833 -39.341820
v -21.941544 0.354833 -39.317245
v -21.969858 0.377777 -39.365658
v -21.920908 0.388548 -39.352448
v -21.904486 0.390274 -39.345371
v -21.926308 0.354833 -39.308437
v -21.874964 0.391896 -39.330593
v -21.897392 0.354833 -39.291752
v -21.847416 0.390274 -39.312424
v -21.868490 0.354833 -39.275059
v -21.833084 0.388548 -39.301731
v -21.853243 0.354833 -39.266258
v -21.797155 0.377777 -39.265945
v -21.810673 0.354833 -39.241684
v -21.786865 0.353444 -39.283779
v -21.822783 0.364215 -39.319565
v -21.790005 0.361033 -39.278343
v -21.825922 0.371804 -39.314129
v -21.840254 0.373530 -39.324821
v -21.837126 0.365941 -39.330257
v -21.867802 0.375152 -39.342995
v -21.864674 0.367563 -39.348431
v -21.897326 0.373530 -39.357769
v -21.894186 0.365941 -39.363201
v -21.913746 0.371804 -39.364841
v -21.910618 0.364215 -39.370270
v -21.962696 0.361033 -39.378048
v -21.959568 0.353444 -39.383484
v -21.800386 0.330500 -39.259510
v -21.786865 0.353444 -39.283779
v -21.803514 0.338089 -39.254074
v -21.790005 0.361033 -39.278343
v -21.976961 0.338089 -39.354221
v -21.973822 0.330500 -39.359646
v -21.934383 0.338089 -39.329636
v -21.931253 0.330500 -39.335072
v -21.919147 0.338089 -39.320839
v -21.916004 0.330500 -39.326271
v -21.890244 0.338089 -39.304153
v -21.887102 0.330500 -39.309578
v -21.861330 0.338089 -39.287464
v -21.858191 0.330500 -39.292889
v -21.846083 0.338089 -39.278660
v -21.842955 0.330500 -39.284096
v -21.803514 0.338089 -39.254074
v -21.800386 0.330500 -39.259510
v -21.786865 0.353444 -39.283779
v -21.800386 0.330500 -39.259510
v -21.822783 0.364215 -39.319565
v -21.842955 0.330500 -39.284096
v -21.837126 0.365941 -39.330257
v -21.858191 0.330500 -39.292889
v -21.864674 0.367563 -39.348431
v -21.887102 0.330500 -39.309578
v -21.894186 0.365941 -39.363201
v -21.916004 0.330500 -39.326271
v -21.910618 0.364215 -39.370270
v -21.931253 0.330500 -39.335072
v -21.959568 0.353444 -39.383484
v -21.973822 0.330500 -39.359646
v -21.976961 0.338089 -39.354221
v -21.934383 0.338089 -39.329636
v -21.962696 0.361033 -39.378048
v -21.913746 0.371804 -39.364841
v -21.897326 0.373530 -39.357769
v -21.919147 0.338089 -39.320839
v -21.867802 0.375152 -39.342995
v -21.890244 0.338089 -39.304153
v -21.840254 0.373530 -39.324821
v -21.861330 0.338089 -39.287464
v -21.825922 0.371804 -39.314129
v -21.846083 0.338089 -39.278660
v -21.790005 0.361033 -39.278343
v -21.803514 0.338089 -39.254074
v -21.779705 0.336700 -39.296169
v -21.815622 0.347471 -39.331963
v -21.782846 0.344289 -39.290741
v -21.818760 0.355060 -39.326538
v -21.833094 0.356785 -39.337219
v -21.829964 0.349197 -39.342644
v -21.860653 0.358408 -39.355392
v -21.857512 0.350819 -39.360825
v -21.890163 0.356785 -39.370167
v -21.887024 0.349197 -39.375591
v -21.906586 0.355060 -39.377239
v -21.903460 0.347471 -39.382668
v -21.955536 0.344289 -39.390446
v -21.952410 0.336700 -39.395874
v -21.793224 0.313756 -39.271908
v -21.779705 0.336700 -39.296169
v -21.796354 0.321345 -39.266479
v -21.782846 0.344289 -39.290741
v -21.969803 0.321345 -39.366615
v -21.966661 0.313756 -39.372044
v -21.927235 0.321345 -39.342033
v -21.924093 0.313756 -39.347466
v -21.911985 0.321345 -39.333237
v -21.908846 0.313756 -39.338673
v -21.883083 0.321345 -39.316547
v -21.879944 0.313756 -39.321976
v -21.854168 0.321345 -39.299862
v -21.851042 0.313756 -39.305290
v -21.838923 0.321345 -39.291058
v -21.835793 0.313756 -39.296490
v -21.796354 0.321345 -39.266479
v -21.793224 0.313756 -39.271908
v -21.779705 0.336700 -39.296169
v -21.793224 0.313756 -39.271908
v -21.815622 0.347471 -39.331963
v -21.835793 0.313756 -39.296490
v -21.829964 0.349197 -39.342644
v -21.851042 0.313756 -39.305290
v -21.857512 0.350819 -39.360825
v -21.879944 0.313756 -39.321976
v -21.887024 0.349197 -39.375591
v -21.908846 0.313756 -39.338673
v -21.903460 0.347471 -39.382668
v -21.924093 0.313756 -39.347466
v -21.952410 0.336700 -39.395874
v -21.966661 0.313756 -39.372044
v -21.969803 0.321345 -39.366615
v -21.927235 0.321345 -39.342033
v -21.955536 0.344289 -39.390446
v -21.906586 0.355060 -39.377239
v -21.890163 0.356785 -39.370167
v -21.911985 0.321345 -39.333237
v -21.860653 0.358408 -39.355392
v -21.883083 0.321345 -39.316547
v -21.833094 0.356785 -39.337219
v -21.854168 0.321345 -39.299862
v -21.818760 0.355060 -39.326538
v -21.838923 0.321345 -39.291058
v -21.782846 0.344289 -39.290741
v -21.796354 0.321345 -39.266479
v -21.772556 0.319956 -39.308575
v -21.808474 0.330727 -39.344360
v -21.775684 0.327544 -39.303139
v -21.811600 0.338315 -39.338924
v -21.825945 0.340041 -39.349625
v -21.822805 0.332452 -39.355042
v -21.853493 0.341663 -39.367790
v -21.850353 0.334075 -39.373215
v -21.883005 0.340041 -39.382565
v -21.879875 0.332452 -39.387993
v -21.899437 0.338315 -39.389641
v -21.896297 0.330727 -39.395065
v -21.948387 0.327544 -39.402843
v -21.945248 0.319956 -39.408279
v -21.786064 0.297012 -39.284306
v -21.772556 0.319956 -39.308575
v -21.789206 0.304600 -39.278877
v -21.775684 0.327544 -39.303139
v -21.962641 0.304600 -39.379017
v -21.959513 0.297012 -39.384441
v -21.920073 0.304600 -39.354431
v -21.916931 0.297012 -39.359867
v -21.904823 0.304600 -39.345634
v -21.901695 0.297012 -39.351059
v -21.875921 0.304600 -39.328949
v -21.872784 0.297012 -39.334373
v -21.847010 0.304600 -39.312252
v -21.843880 0.297012 -39.317688
v -21.831774 0.304600 -39.303455
v -21.828632 0.297012 -39.308880
v -21.789206 0.304600 -39.278877
v -21.786064 0.297012 -39.284306
v -21.772556 0.319956 -39.308575
v -21.786064 0.297012 -39.284306
v -21.808474 0.330727 -39.344360
v -21.828632 0.297012 -39.308880
v -21.822805 0.332452 -39.355042
v -21.843880 0.297012 -39.317688
v -21.850353 0.334075 -39.373215
v -21.872784 0.297012 -39.334373
v -21.879875 0.332452 -39.387993
v -21.901695 0.297012 -39.351059
v -21.896297 0.330727 -39.395065
v -21.916931 0.297012 -39.359867
v -21.945248 0.319956 -39.408279
v -21.959513 0.297012 -39.384441
v -21.962641 0.304600 -39.379017
v -21.920073 0.304600 -39.354431
v -21.948387 0.327544 -39.402843
v -21.899437 0.338315 -39.389641
v -21.883005 0.340041 -39.382565
v -21.904823 0.304600 -39.345634
v -21.853493 0.341663 -39.367790
v -21.875921 0.304600 -39.328949
v -21.825945 0.340041 -39.349625
v -21.847010 0.304600 -39.312252
v -21.811600 0.338315 -39.338924
v -21.831774 0.304600 -39.303455
v -21.775684 0.327544 -39.303139
v -21.789206 0.304600 -39.278877
v -21.596283 0.265887 -39.188587
v -21.601164 0.286927 -39.191395
v -21.606144 0.265887 -39.171490
v -21.611034 0.286927 -39.174309
v -21.623594 0.265887 -39.161850
v -21.627287 0.281785 -39.163975
v -21.637362 0.293424 -39.169800
v -21.624372 0.302330 -39.182011
v -21.651131 0.297684 -39.177750
v -21.642591 0.307968 -39.192532
v -21.664898 0.293424 -39.185696
v -21.660810 0.302330 -39.203056
v -21.674984 0.281785 -39.191517
v -21.674149 0.286927 -39.210747
v -21.650949 0.302330 -39.220139
v -21.632730 0.307968 -39.209621
v -21.614502 0.302330 -39.199097
v -21.664288 0.244846 -39.227844
v -21.650949 0.229443 -39.220139
v -21.674149 0.244846 -39.210747
v -21.660810 0.229443 -39.203056
v -21.674984 0.249988 -39.191517
v -21.664898 0.238350 -39.185696
v -21.651131 0.234090 -39.177750
v -21.642591 0.223806 -39.192532
v -21.637362 0.238350 -39.169800
v -21.624372 0.229443 -39.182011
v -21.627287 0.249988 -39.163975
v -21.623594 0.265887 -39.161850
v -21.611034 0.244846 -39.174309
v -21.601164 0.244846 -39.191395
v -21.606144 0.265887 -39.171490
v -21.596283 0.265887 -39.188587
v -21.614502 0.229443 -39.199097
v -21.632730 0.223806 -39.209621
v -21.650949 0.302330 -39.220139
v -21.664288 0.286927 -39.227844
v -21.660810 0.302330 -39.203056
v -21.674149 0.286927 -39.210747
v -21.679039 0.265887 -39.213577
v -21.674984 0.281785 -39.191517
v -21.678665 0.265887 -39.193645
v -21.674984 0.249988 -39.191517
v -21.674149 0.244846 -39.210747
v -21.664288 0.244846 -39.227844
v -21.669167 0.265887 -39.230671
v -21.627287 0.249988 -39.163975
v -21.645247 0.257943 -39.160427
v -21.623594 0.265887 -39.161850
v -21.643394 0.265887 -39.159363
v -21.627287 0.281785 -39.163975
v -21.645247 0.273830 -39.160427
v -21.637362 0.293424 -39.169800
v -21.650282 0.279645 -39.163338
v -21.651131 0.297684 -39.177750
v -21.657148 0.281773 -39.167305
v -21.664898 0.293424 -39.185696
v -21.664028 0.279645 -39.171280
v -21.674984 0.281785 -39.191517
v -21.669067 0.273830 -39.174183
v -21.669067 0.257943 -39.174183
v -21.670919 0.265887 -39.175251
v -21.664028 0.252129 -39.171280
v -21.657148 0.250000 -39.167305
v -21.650282 0.252129 -39.163338
v -21.674984 0.249988 -39.191517
v -21.669067 0.257943 -39.174183
v -21.678665 0.265887 -39.193645
v -21.670919 0.265887 -39.175251
v -21.674984 0.281785 -39.191517
v -21.669067 0.273830 -39.174183
v -21.669067 0.257943 -39.174183
v -21.674984 0.249988 -39.191517
v -21.664028 0.252129 -39.171280
v -21.664898 0.238350 -39.185696
v -21.657148 0.250000 -39.167305
v -21.651131 0.234090 -39.177750
v -21.650282 0.252129 -39.163338
v -21.637362 0.238350 -39.169800
v -21.645247 0.257943 -39.160427
v -21.627287 0.249988 -39.163975
v -21.937704 0.423781 -38.635532
v -21.962923 0.587868 -38.671604
v -22.022717 0.421784 -38.509018
v -22.000622 0.588999 -38.608917
v -22.049799 0.580725 -38.525223
v -22.117702 0.420916 -38.368179
v -22.070547 0.565437 -38.493927
v -22.088528 0.537425 -38.458778
v -21.899313 0.424109 -38.698742
v -21.799391 0.421460 -38.904274
v -21.916559 0.582550 -38.751537
v -21.869745 0.571182 -38.836559
v -21.819056 0.532007 -38.928291
v -21.782925 0.441651 -38.964111
v -21.787350 0.485066 -38.991146
v -21.779490 0.449132 -38.984226
v -22.091105 0.436849 -39.306404
v -22.150003 0.514395 -39.236591
v -22.036461 0.447973 -39.304008
v -22.095293 0.537546 -39.213795
v -21.962742 0.455903 -39.290749
v -22.031311 0.555831 -39.179405
v -21.911657 0.460250 -39.267040
v -21.978069 0.559306 -39.152016
v -21.865589 0.455903 -39.234661
v -21.927729 0.555831 -39.119606
v -21.817247 0.447973 -39.177452
v -21.865950 0.537546 -39.081390
v -21.787861 0.436849 -39.131325
v -21.818861 0.514395 -39.045410
v -22.170244 0.434722 -38.366711
v -22.146761 0.580791 -38.480000
v -22.227957 0.446602 -38.402622
v -22.182589 0.587941 -38.495941
v -22.306534 0.453389 -38.452003
v -22.257538 0.596037 -38.535580
v -22.363321 0.453433 -38.484741
v -22.316517 0.598287 -38.565811
v -22.420063 0.453389 -38.517551
v -22.372187 0.596037 -38.601772
v -22.502117 0.446602 -38.560913
v -22.443998 0.587941 -38.646858
v -22.562080 0.434722 -38.592941
v -22.475710 0.580791 -38.669922
v -22.088415 0.423472 -38.304718
v -22.092402 0.435883 -38.305340
v -22.089420 0.423472 -38.298145
v -22.093409 0.435883 -38.298748
v -22.095486 0.423472 -38.292007
v -22.107956 0.423472 -38.290485
v -22.098806 0.433794 -38.292526
v -22.109671 0.428812 -38.290752
v -22.107864 0.441351 -38.293911
v -22.114359 0.432721 -38.291462
v -22.120255 0.444117 -38.295811
v -22.104307 0.444968 -38.300423
v -22.119192 0.448294 -38.302708
v -22.103302 0.444968 -38.307003
v -22.118187 0.448294 -38.309296
v -22.133062 0.444968 -38.311573
v -22.134079 0.444968 -38.304989
v -22.143961 0.435883 -38.313236
v -22.144968 0.435883 -38.306656
v -22.147947 0.423472 -38.313858
v -22.148954 0.423472 -38.307278
v -22.143961 0.411061 -38.313236
v -22.144968 0.411061 -38.306656
v -22.141691 0.413150 -38.299099
v -22.145010 0.423472 -38.299606
v -22.141691 0.433794 -38.299099
v -22.133570 0.423472 -38.294411
v -22.131853 0.428812 -38.294147
v -22.132620 0.441351 -38.297707
v -22.144968 0.435883 -38.306656
v -22.141691 0.433794 -38.299099
v -22.131853 0.428812 -38.294147
v -22.127165 0.432721 -38.293427
v -22.127165 0.432721 -38.293427
v -22.127165 0.414223 -38.293427
v -22.133570 0.423472 -38.294411
v -22.131853 0.418132 -38.294147
v -22.145010 0.423472 -38.299606
v -22.141691 0.413150 -38.299099
v -22.132620 0.405593 -38.297707
v -22.144968 0.411061 -38.306656
v -22.134079 0.401976 -38.304989
v -22.119192 0.398650 -38.302708
v -22.120255 0.402828 -38.295811
v -22.104307 0.401976 -38.300423
v -22.107864 0.405593 -38.293911
v -22.093409 0.411061 -38.298748
v -22.092402 0.411061 -38.305340
v -22.089420 0.423472 -38.298145
v -22.098806 0.413150 -38.292526
v -22.095486 0.423472 -38.292007
v -22.109671 0.418132 -38.290752
v -22.107956 0.423472 -38.290485
v -22.114359 0.432721 -38.291462
v -22.114359 0.414223 -38.291462
v -22.120764 0.434152 -38.292439
v -22.120764 0.412793 -38.292439
v -22.109671 0.428812 -38.290752
v -22.088415 0.423472 -38.304718
v -22.120764 0.434152 -38.292439
v -22.093409 0.411061 -38.298748
v -22.104307 0.401976 -38.300423
v -22.092402 0.411061 -38.305340
v -22.103302 0.401976 -38.307003
v -22.118187 0.398650 -38.309296
v -22.119192 0.398650 -38.302708
v -22.133062 0.401976 -38.311573
v -22.134079 0.401976 -38.304989
v -22.143961 0.411061 -38.313236
v -22.144968 0.411061 -38.306656
v -22.093700 0.423472 -38.305534
v -22.096989 0.413268 -38.306034
v -22.096989 0.433677 -38.306034
v -22.105944 0.405797 -38.307411
v -22.105944 0.441147 -38.307411
v -22.118187 0.403063 -38.309296
v -22.118187 0.443881 -38.309296
v -22.130417 0.405797 -38.311165
v -22.130417 0.441147 -38.311165
v -22.139376 0.413268 -38.312538
v -22.139376 0.433677 -38.312538
v -22.142651 0.423472 -38.313042
v -22.128916 0.431050 -38.301517
v -22.128048 0.431050 -38.307232
v -22.142267 0.419091 -38.303570
v -22.141397 0.419091 -38.309280
v -22.166075 0.401506 -38.306774
v -22.165194 0.401506 -38.312481
v -22.181391 0.385816 -38.307461
v -22.180521 0.385816 -38.313168
v -22.128048 0.431050 -38.307232
v -22.124647 0.426413 -38.306717
v -22.141397 0.419091 -38.309280
v -22.137615 0.414770 -38.308693
v -22.165194 0.401506 -38.312481
v -22.161060 0.397533 -38.311852
v -22.180521 0.385816 -38.313168
v -22.176092 0.382165 -38.312489
v -22.138483 0.414770 -38.302998
v -22.137615 0.414770 -38.308693
v -22.125517 0.426413 -38.300999
v -22.124647 0.426413 -38.306717
v -22.125517 0.426413 -38.300999
v -22.128916 0.431050 -38.301517
v -22.138483 0.414770 -38.302998
v -22.142267 0.419091 -38.303570
v -22.161930 0.397533 -38.306137
v -22.166075 0.401506 -38.306774
v -22.176975 0.382165 -38.306786
v -22.181391 0.385816 -38.307461
v -22.125517 0.426413 -38.300999
v -22.124647 0.426413 -38.306717
v -22.128916 0.431050 -38.301517
v -22.128048 0.431050 -38.307232
v -22.176975 0.382165 -38.306786
v -22.176092 0.382165 -38.312489
v -22.161930 0.397533 -38.306137
v -22.161060 0.397533 -38.311852
v -22.138483 0.414770 -38.302998
v -22.137615 0.414770 -38.308693
v -21.931389 0.335659 -38.619175
v -21.963736 0.332921 -38.640610
v -21.932508 0.355006 -38.619904
v -21.964855 0.352269 -38.641338
v -22.005638 0.332921 -38.577354
v -21.963736 0.332921 -38.640610
v -21.973280 0.335659 -38.555927
v -21.931389 0.335659 -38.619175
v -21.974398 0.355006 -38.556667
v -21.932508 0.355006 -38.619904
v -22.006756 0.352269 -38.578102
v -21.964855 0.352269 -38.641338
v -21.729773 0.197610 -39.415802
v -21.801188 0.197610 -39.458382
v -21.729773 0.145902 -39.415802
v -21.671631 0.197610 -39.368927
v -21.671631 0.145902 -39.368927
v -21.597912 0.197610 -39.284451
v -21.597912 0.145902 -39.284451
v -21.563417 0.197610 -39.217472
v -21.563417 0.145902 -39.217472
v -21.801188 0.145902 -39.458382
v -21.873777 0.145902 -39.498947
v -21.873777 0.197610 -39.498947
v -21.943441 0.145902 -39.525848
v -21.943441 0.197610 -39.525848
v -22.053459 0.145902 -39.547455
v -22.053459 0.197610 -39.547455
v -22.128702 0.145902 -39.543842
v -22.128702 0.197610 -39.543842
v -21.729773 0.197610 -39.415802
v -21.801188 0.197610 -39.458382
v -21.723537 0.197610 -39.421238
v -21.671631 0.197610 -39.368927
v -21.665405 0.197610 -39.374363
v -21.597912 0.197610 -39.284451
v -21.591688 0.197610 -39.289886
v -21.563417 0.197610 -39.217472
v -21.557194 0.197610 -39.222919
v -21.796919 0.197610 -39.465786
v -21.872185 0.197610 -39.507057
v -21.873777 0.197610 -39.498947
v -21.941847 0.197610 -39.533966
v -21.943441 0.197610 -39.525848
v -22.051867 0.197610 -39.555565
v -22.053459 0.197610 -39.547455
v -22.127123 0.197610 -39.551952
v -22.128702 0.197610 -39.543842
v -21.718952 0.145902 -39.425236
v -21.794014 0.145902 -39.470814
v -21.660820 0.145902 -39.378372
v -21.729773 0.145902 -39.415802
v -21.671631 0.145902 -39.368927
v -21.801188 0.145902 -39.458382
v -21.873777 0.145902 -39.498947
v -21.871010 0.145902 -39.513027
v -21.943441 0.145902 -39.525848
v -21.940674 0.145902 -39.539936
v -22.053459 0.145902 -39.547455
v -22.050694 0.145902 -39.561543
v -22.128702 0.145902 -39.543842
v -22.125946 0.145902 -39.557934
v -21.597912 0.145902 -39.284451
v -21.563417 0.145902 -39.217472
v -21.587101 0.145902 -39.293884
v -21.552597 0.145902 -39.226917
v -21.549683 0.178740 -39.231968
v -21.552597 0.145902 -39.226917
v -21.584177 0.178740 -39.298946
v -21.587101 0.145902 -39.293884
v -21.657896 0.178741 -39.383423
v -21.660820 0.145902 -39.378372
v -21.716028 0.178741 -39.430298
v -21.718952 0.145902 -39.425236
v -21.791090 0.178741 -39.475876
v -21.794014 0.145902 -39.470814
v -21.868084 0.178741 -39.518097
v -21.871010 0.145902 -39.513027
v -21.937748 0.178741 -39.544998
v -21.940674 0.145902 -39.539936
v -22.047766 0.178741 -39.566612
v -22.050694 0.145902 -39.561543
v -22.123022 0.178741 -39.562984
v -22.125946 0.145902 -39.557934
v -21.552597 0.145902 -39.226917
v -21.549683 0.178740 -39.231968
v -21.563417 0.145902 -39.217472
v -21.563417 0.197610 -39.217472
v -21.557194 0.197610 -39.222919
v -21.723537 0.197610 -39.421238
v -21.796919 0.197610 -39.465786
v -21.716028 0.178741 -39.430298
v -21.665405 0.197610 -39.374363
v -21.657896 0.178741 -39.383423
v -21.591688 0.197610 -39.289886
v -21.584177 0.178740 -39.298946
v -21.557194 0.197610 -39.222919
v -21.549683 0.178740 -39.231968
v -21.791090 0.178741 -39.475876
v -21.868084 0.178741 -39.518097
v -21.872185 0.197610 -39.507057
v -21.937748 0.178741 -39.544998
v -21.941847 0.197610 -39.533966
v -22.047766 0.178741 -39.566612
v -22.051867 0.197610 -39.555565
v -22.123022 0.178741 -39.562984
v -22.127123 0.197610 -39.551952
v -21.789814 0.116747 -39.314068
v -21.789814 0.138731 -39.314068
v -21.737961 0.119630 -39.403870
v -21.736141 0.129571 -39.407032
v -21.732889 0.124105 -39.412678
v -21.730743 0.134345 -39.416378
v -21.741734 0.139558 -39.397350
v -21.730608 0.162620 -39.416603
v -21.741610 0.162854 -39.397572
v -21.730608 0.220931 -39.416603
v -21.741610 0.221165 -39.397572
v -21.741734 0.139558 -39.397350
v -21.723099 0.139558 -39.386600
v -21.741610 0.162854 -39.397572
v -21.722984 0.162854 -39.386822
v -21.741610 0.221165 -39.397572
v -21.722984 0.221165 -39.386822
v -21.771189 0.116747 -39.303318
v -21.719336 0.119630 -39.393131
v -21.771189 0.138731 -39.303318
v -21.717518 0.129571 -39.396271
v -21.723099 0.139558 -39.386600
v -21.712120 0.134345 -39.405640
v -21.722984 0.162854 -39.386822
v -21.711983 0.162620 -39.405861
v -21.722984 0.221165 -39.386822
v -21.711983 0.220931 -39.405861
v -21.714264 0.124105 -39.401924
v -21.789814 0.138731 -39.314068
v -21.771189 0.138731 -39.303318
v -21.741734 0.139558 -39.397350
v -21.723099 0.139558 -39.386600
v -21.741610 0.221165 -39.397572
v -21.722984 0.221165 -39.386822
v -21.734505 0.226593 -39.399559
v -21.724815 0.226593 -39.393963
v -21.730608 0.220931 -39.416603
v -21.711983 0.220931 -39.405861
v -21.730608 0.162620 -39.416603
v -21.711983 0.162620 -39.405861
v -21.730743 0.134345 -39.416378
v -21.712120 0.134345 -39.405640
v -21.732889 0.124105 -39.412678
v -21.714264 0.124105 -39.401924
v -21.737961 0.119630 -39.403870
v -21.719336 0.119630 -39.393131
v -21.722984 0.221165 -39.386822
v -21.711983 0.220931 -39.405861
v -21.724815 0.226593 -39.393963
v -21.719090 0.226471 -39.403870
v -21.724815 0.226593 -39.393963
v -21.719090 0.226471 -39.403870
v -21.734505 0.226593 -39.399559
v -21.728779 0.226471 -39.409470
v -21.728779 0.226471 -39.409470
v -21.719090 0.226471 -39.403870
v -21.730608 0.220931 -39.416603
v -21.711983 0.220931 -39.405861
v -21.730608 0.220931 -39.416603
v -21.741610 0.221165 -39.397572
v -21.728779 0.226471 -39.409470
v -21.734505 0.226593 -39.399559
v -21.771189 0.116747 -39.303318
v -21.789814 0.116747 -39.314068
v -21.719336 0.119630 -39.393131
v -21.737961 0.119630 -39.403870
v -22.529383 0.231364 -38.030846
v -22.601961 0.231364 -38.071411
v -22.529383 0.179655 -38.030846
v -22.459719 0.231364 -38.003925
v -22.459719 0.179655 -38.003925
v -22.349701 0.231364 -37.982330
v -22.349701 0.179655 -37.982330
v -22.278217 0.231364 -37.979401
v -22.278217 0.179655 -37.979401
v -22.601961 0.179655 -38.071411
v -22.673386 0.179655 -38.113979
v -22.673386 0.231364 -38.113979
v -22.731520 0.179656 -38.160866
v -22.731520 0.231364 -38.160866
v -22.805239 0.179656 -38.245342
v -22.805239 0.231364 -38.245342
v -22.843515 0.179656 -38.305771
v -22.843515 0.231364 -38.305771
v -22.529383 0.231364 -38.030846
v -22.601961 0.231364 -38.071411
v -22.530973 0.231364 -38.022728
v -22.459719 0.231364 -38.003925
v -22.461309 0.231364 -37.995815
v -22.349701 0.231364 -37.982330
v -22.351294 0.231364 -37.974213
v -22.278217 0.231364 -37.979401
v -22.279821 0.231364 -37.971291
v -22.606241 0.231364 -38.063999
v -22.679609 0.231364 -38.108547
v -22.673386 0.231364 -38.113979
v -22.737741 0.231364 -38.155422
v -22.731520 0.231364 -38.160866
v -22.811470 0.231364 -38.239899
v -22.805239 0.231364 -38.245342
v -22.849737 0.231364 -38.300335
v -22.843515 0.231364 -38.305771
v -22.532150 0.179655 -38.016750
v -22.609144 0.179655 -38.058971
v -22.529383 0.179655 -38.030846
v -22.462486 0.179655 -37.989849
v -22.459719 0.179655 -38.003925
v -22.352455 0.179655 -37.968243
v -22.349701 0.179655 -37.982330
v -22.280985 0.179655 -37.965313
v -22.278217 0.179655 -37.979401
v -22.601961 0.179655 -38.071411
v -22.673386 0.179655 -38.113979
v -22.684195 0.179655 -38.104538
v -22.731520 0.179656 -38.160866
v -22.742338 0.179656 -38.151413
v -22.805239 0.179656 -38.245342
v -22.816057 0.179656 -38.235901
v -22.843515 0.179656 -38.305771
v -22.854322 0.179656 -38.296329
v -22.278217 0.179655 -37.979401
v -22.278217 0.231364 -37.979401
v -22.280985 0.179655 -37.965313
v -22.283909 0.212494 -37.960251
v -22.279821 0.231364 -37.971291
v -22.530973 0.231364 -38.022728
v -22.606241 0.231364 -38.063999
v -22.535065 0.212494 -38.011688
v -22.461309 0.231364 -37.995815
v -22.465401 0.212494 -37.984787
v -22.351294 0.231364 -37.974213
v -22.355381 0.212494 -37.963173
v -22.279821 0.231364 -37.971291
v -22.283909 0.212494 -37.960251
v -22.612070 0.212494 -38.053909
v -22.687120 0.212494 -38.099476
v -22.679609 0.231364 -38.108547
v -22.745253 0.212494 -38.146362
v -22.737741 0.231364 -38.155422
v -22.818983 0.212494 -38.230831
v -22.811470 0.231364 -38.239899
v -22.857246 0.212494 -38.291267
v -22.849737 0.231364 -38.300335
v -22.471294 0.117356 -38.133709
v -22.506353 0.117356 -38.072990
v -22.471294 0.139341 -38.133709
v -22.502537 0.139341 -38.079597
v -22.519365 0.169028 -38.050465
v -22.530308 0.159845 -38.031509
v -22.519510 0.196608 -38.050209
v -22.530500 0.196374 -38.031166
v -22.519510 0.254919 -38.050209
v -22.530500 0.254684 -38.031166
v -22.502537 0.139341 -38.079597
v -22.519365 0.169028 -38.050465
v -22.483912 0.139341 -38.068848
v -22.500740 0.169028 -38.039711
v -22.452671 0.139341 -38.122959
v -22.483912 0.139341 -38.068848
v -22.452671 0.117356 -38.122959
v -22.487730 0.117356 -38.062241
v -22.511684 0.159845 -38.020756
v -22.500740 0.169028 -38.039711
v -22.511875 0.196374 -38.020420
v -22.500875 0.196608 -38.039455
v -22.511875 0.254684 -38.020420
v -22.500875 0.254919 -38.039455
v -22.506353 0.117356 -38.072990
v -22.471294 0.117356 -38.133709
v -22.487730 0.117356 -38.062241
v -22.452671 0.117356 -38.122959
v -22.483912 0.139341 -38.068848
v -22.452671 0.139341 -38.122959
v -22.502537 0.139341 -38.079597
v -22.471294 0.139341 -38.133709
v -21.818005 0.138849 -39.207520
v -21.824917 0.148317 -39.216045
v -21.724081 0.070852 -39.357285
v -21.728531 0.077202 -39.364265
v -21.728294 0.085920 -39.370041
v -21.825562 0.161311 -39.222443
v -21.723436 0.094670 -39.373039
v -21.819756 0.174349 -39.224991
v -21.809059 0.183938 -39.223011
v -21.723436 0.094670 -39.373039
v -21.715248 0.101107 -39.372475
v -21.705919 0.103507 -39.368496
v -21.796354 0.187508 -39.217030
v -21.697969 0.101225 -39.362160
v -21.785013 0.184102 -39.208652
v -21.724081 0.070852 -39.357285
v -21.716116 0.068570 -39.350941
v -21.818005 0.138849 -39.207520
v -21.806677 0.135444 -39.199150
v -21.793959 0.139014 -39.193172
v -21.706800 0.070971 -39.346962
v -21.783276 0.148603 -39.191181
v -21.698612 0.077408 -39.346397
v -21.777470 0.161641 -39.193737
v -21.693745 0.086157 -39.349411
v -21.778112 0.174635 -39.200127
v -21.693518 0.094876 -39.355171
v -21.785013 0.184102 -39.208652
v -21.697969 0.101225 -39.362160
v -21.708595 0.084913 -39.340233
v -21.702486 0.080104 -39.350559
v -21.714218 0.080487 -39.340618
v -21.708120 0.075678 -39.350941
v -21.720636 0.078837 -39.343349
v -21.714525 0.074028 -39.353683
v -21.726101 0.080405 -39.347706
v -21.719992 0.075596 -39.358040
v -21.705254 0.090930 -39.342297
v -21.708595 0.084913 -39.340233
v -21.705082 0.096924 -39.346264
v -21.708155 0.101290 -39.351059
v -21.713621 0.102859 -39.355427
v -21.714218 0.080487 -39.340618
v -21.720037 0.101209 -39.358150
v -21.720636 0.078837 -39.343349
v -21.725662 0.096783 -39.358543
v -21.726101 0.080405 -39.347706
v -21.729006 0.090767 -39.356480
v -21.729176 0.084772 -39.352512
v -21.719551 0.091974 -39.368874
v -21.725662 0.096783 -39.358543
v -21.722906 0.085957 -39.366814
v -21.729006 0.090767 -39.356480
v -21.723063 0.079963 -39.362846
v -21.729176 0.084772 -39.352512
v -21.719992 0.075596 -39.358040
v -21.726101 0.080405 -39.347706
v -21.702044 0.096481 -39.361397
v -21.708155 0.101290 -39.351059
v -21.707512 0.098049 -39.365753
v -21.713621 0.102859 -39.355427
v -21.713926 0.096400 -39.368496
v -21.720037 0.101209 -39.358150
v -21.719551 0.091974 -39.368874
v -21.725662 0.096783 -39.358543
v -21.702486 0.080104 -39.350559
v -21.708595 0.084913 -39.340233
v -21.699142 0.086120 -39.352634
v -21.705254 0.090930 -39.342297
v -21.698982 0.092115 -39.356598
v -21.705082 0.096924 -39.346264
v -21.702044 0.096481 -39.361397
v -21.708155 0.101290 -39.351059
v -22.577766 0.420753 -38.592381
v -22.597385 0.411843 -38.621876
v -22.616903 0.405964 -38.486992
v -22.639006 0.385600 -38.506699
v -22.641693 0.395879 -38.418011
v -22.660679 0.371807 -38.436157
v -22.672369 0.376766 -38.326305
v -22.687765 0.353014 -38.341286
v -22.694597 0.343398 -38.228580
v -22.715052 0.327727 -38.241463
v -22.705915 0.324745 -38.182556
v -22.712679 0.309728 -38.188534
v -22.708839 0.308934 -38.163567
v -22.711132 0.260605 -38.156864
v -22.716179 0.265125 -38.179829
v -22.721657 0.265343 -38.199230
v -22.716179 0.306967 -38.215256
v -22.674425 0.343528 -38.417900
v -22.657349 0.314852 -38.481827
v -22.636646 0.256716 -38.547256
v -22.608908 0.319352 -38.602802
v -22.621534 0.176851 -38.591995
v -22.479427 0.098960 -38.907909
v -22.591455 0.276465 -38.649822
v -22.615919 0.099864 -38.609749
v -22.597385 0.411843 -38.621876
v -22.469091 0.280632 -38.907265
v -22.514654 0.412808 -38.791500
v -22.420425 0.413894 -38.981998
v -22.342188 0.187307 -39.136112
v -22.351067 0.098516 -39.127460
v -22.309956 0.278132 -39.177155
v -22.269171 0.328634 -39.225891
v -22.281944 0.410395 -39.188644
v -22.220129 0.351321 -39.276550
v -22.236122 0.433310 -39.233547
v -22.217749 0.442548 -39.249268
v -22.160067 0.347698 -39.329578
v -22.157526 0.424392 -39.305809
v -22.101404 0.314346 -39.378048
v -22.095385 0.337190 -39.373810
v -22.046749 0.263645 -39.425503
v -22.203415 0.489184 -39.246227
v -22.442619 0.413648 -38.939171
v -22.359581 0.594755 -38.994823
v -22.394236 0.597693 -38.934975
v -22.238686 0.173793 -39.088074
v -22.347927 0.175822 -39.156807
v -22.214190 0.259949 -39.130508
v -22.324909 0.250981 -39.192276
v -22.184498 0.307854 -39.181927
v -22.278353 0.303587 -39.240105
v -22.152058 0.329376 -39.238117
v -22.231379 0.323563 -39.291267
v -22.116043 0.325938 -39.300514
v -22.179731 0.317593 -39.342178
v -22.082214 0.294301 -39.359104
v -22.054882 0.248783 -39.406445
v -22.130724 0.282487 -39.393963
v -22.095428 0.228717 -39.441219
v -22.170481 0.276248 -39.415821
v -22.226059 0.265589 -39.425713
v -22.208521 0.309086 -39.366425
v -22.140301 0.219829 -39.464020
v -22.204725 0.225565 -39.462688
v -22.126635 0.163198 -39.488071
v -22.189671 0.177537 -39.492729
v -22.078260 0.163386 -39.475040
v -22.016085 0.177676 -39.458126
v -22.255177 0.292272 -39.376503
v -22.254784 0.317466 -39.311310
v -22.282747 0.298371 -39.327274
v -22.300163 0.299364 -39.255695
v -22.339264 0.245516 -39.208042
v -22.316889 0.281218 -39.271729
v -22.342527 0.238906 -39.224461
v -22.355312 0.171805 -39.166054
v -22.347927 0.175822 -39.156807
v -22.356625 0.103191 -39.157116
v -22.357843 0.163433 -39.186649
v -22.339264 0.245516 -39.208042
v -22.342527 0.238906 -39.224461
v -22.359673 0.111532 -39.168995
v -22.353710 0.101541 -39.148205
v -22.243645 0.100112 -39.079498
v -22.238686 0.173793 -39.088074
v -22.701860 0.191924 -38.578102
v -22.680954 0.151277 -38.599201
v -22.702604 0.178908 -38.570305
v -22.682671 0.140965 -38.590508
v -22.655350 0.099754 -38.602489
v -22.650673 0.101436 -38.614388
v -22.360678 0.099932 -39.138382
v -22.363705 0.102868 -39.147644
v -22.353710 0.101541 -39.148205
v -22.356625 0.103191 -39.157116
v -22.363705 0.102868 -39.147644
v -22.366245 0.113842 -39.160103
v -22.356625 0.103191 -39.157116
v -22.359673 0.111532 -39.168995
v -22.366245 0.113842 -39.160103
v -22.364586 0.176386 -39.180439
v -22.359673 0.111532 -39.168995
v -22.357843 0.163433 -39.186649
v -22.342527 0.238906 -39.224461
v -22.348434 0.255950 -39.220303
v -22.316889 0.281218 -39.271729
v -22.321419 0.300554 -39.270126
v -22.282747 0.298371 -39.327274
v -22.285412 0.318637 -39.328682
v -22.285412 0.318637 -39.328682
v -22.256351 0.312207 -39.380577
v -22.282747 0.298371 -39.327274
v -22.255177 0.292272 -39.376503
v -22.226059 0.265589 -39.425713
v -22.225653 0.284079 -39.432465
v -22.204725 0.225565 -39.462688
v -22.203156 0.241886 -39.471436
v -22.189671 0.177537 -39.492729
v -22.187298 0.191254 -39.503109
v -22.187298 0.191254 -39.503109
v -22.120750 0.176138 -39.498142
v -22.189671 0.177537 -39.492729
v -22.126635 0.163198 -39.488071
v -22.078260 0.163386 -39.475040
v -22.069429 0.176336 -39.484222
v -22.016085 0.177676 -39.458126
v -22.010088 0.191402 -39.469975
v -22.520121 0.091580 -38.542027
v -22.664688 0.094134 -38.264000
v -22.528751 0.164609 -38.527088
v -22.550707 0.240369 -38.489063
v -22.697025 0.179301 -38.213013
v -22.582489 0.295517 -38.434010
v -22.716316 0.246668 -38.202221
v -22.612804 0.322718 -38.381512
v -22.705936 0.288036 -38.220192
v -22.647430 0.331717 -38.321526
v -22.694912 0.307729 -38.239296
v -21.850792 0.102104 -39.471569
v -21.918253 0.107179 -39.484909
v -21.850792 0.139600 -39.471569
v -21.918253 0.144675 -39.484909
v -21.987963 0.161187 -39.483093
v -21.986393 0.123691 -39.482182
v -22.243645 0.100112 -39.079498
v -22.238686 0.173793 -39.088074
v -22.032949 0.122025 -39.426315
v -22.016085 0.177676 -39.458126
v -22.054882 0.248783 -39.406445
v -22.214190 0.259949 -39.130508
v -22.082214 0.294301 -39.359104
v -22.184498 0.307854 -39.181927
v -22.116043 0.325938 -39.300514
v -22.152058 0.329376 -39.238117
v -21.969858 0.377777 -39.365658
v -21.966728 0.370188 -39.371082
v -21.984123 0.354833 -39.341820
v -21.980984 0.347245 -39.347248
v -21.955536 0.344289 -39.390446
v -21.952410 0.336700 -39.395874
v -21.969803 0.321345 -39.366615
v -21.966661 0.313756 -39.372044
v -21.948387 0.327544 -39.402843
v -21.945248 0.319956 -39.408279
v -21.962641 0.304600 -39.379017
v -21.959513 0.297012 -39.384441
v -22.137297 0.265887 -39.500935
v -22.147167 0.265887 -39.483849
v -22.132420 0.286927 -39.498116
v -22.142277 0.286927 -39.481030
v -22.119080 0.302330 -39.490421
v -22.128939 0.302330 -39.473328
v -22.100863 0.307968 -39.479900
v -22.110720 0.307968 -39.462814
v -22.082634 0.302330 -39.469368
v -22.092505 0.302330 -39.452286
v -22.105492 0.293424 -39.440075
v -22.079165 0.286927 -39.444592
v -22.095406 0.281785 -39.434246
v -22.119259 0.297684 -39.448013
v -22.133026 0.293424 -39.455971
v -22.143103 0.281785 -39.461788
v -22.146797 0.265887 -39.463921
v -22.069292 0.244846 -39.461678
v -22.079165 0.244846 -39.444592
v -22.082634 0.229443 -39.469368
v -22.092505 0.229443 -39.452286
v -22.100863 0.223806 -39.479900
v -22.110720 0.223806 -39.462814
v -22.119080 0.229443 -39.490421
v -22.128939 0.229443 -39.473328
v -22.132420 0.244846 -39.498116
v -22.142277 0.244846 -39.481030
v -22.137297 0.265887 -39.500935
v -22.147167 0.265887 -39.483849
v -22.146797 0.265887 -39.463921
v -22.143103 0.249989 -39.461788
v -22.133026 0.238350 -39.455971
v -22.119259 0.234090 -39.448013
v -22.105492 0.238350 -39.440075
v -22.095406 0.249989 -39.434246
v -22.082634 0.302330 -39.469368
v -22.092505 0.302330 -39.452286
v -22.069292 0.286927 -39.461678
v -22.079165 0.286927 -39.444592
v -22.064415 0.265887 -39.458858
v -22.074274 0.265887 -39.441772
v -22.069292 0.244846 -39.461678
v -22.079165 0.244846 -39.444592
v -22.095406 0.249989 -39.434246
v -22.091724 0.265887 -39.432114
v -22.095406 0.281785 -39.434246
v -22.111523 0.265887 -39.429626
v -22.113375 0.273830 -39.430698
v -22.113375 0.257943 -39.430698
v -22.118414 0.279645 -39.433613
v -22.118414 0.252129 -39.433613
v -22.125290 0.250001 -39.437576
v -22.125290 0.281773 -39.437576
v -22.119259 0.297684 -39.448013
v -22.132170 0.279645 -39.441544
v -22.133026 0.293424 -39.455971
v -22.137196 0.273830 -39.444454
v -22.143103 0.281785 -39.461788
v -22.132170 0.252129 -39.441544
v -22.139048 0.265887 -39.445522
v -22.146797 0.265887 -39.463921
v -22.137196 0.257943 -39.444454
v -22.143103 0.249989 -39.461788
v -22.105492 0.293424 -39.440075
v -22.095406 0.281785 -39.434246
v -22.095406 0.249989 -39.434246
v -22.091724 0.265887 -39.432114
v -22.113375 0.257943 -39.430698
v -22.111523 0.265887 -39.429626
v -22.113375 0.273830 -39.430698
v -22.095406 0.281785 -39.434246
v -22.113375 0.257943 -39.430698
v -22.118414 0.252129 -39.433613
v -22.095406 0.249989 -39.434246
v -22.105492 0.238350 -39.440075
v -22.119259 0.234090 -39.448013
v -22.125290 0.250001 -39.437576
v -22.133026 0.238350 -39.455971
v -22.132170 0.252129 -39.441544
v -22.143103 0.249989 -39.461788
v -22.137196 0.257943 -39.444454
v -22.445545 0.423781 -38.928734
v -22.512600 0.421784 -38.791851
v -22.401699 0.587868 -38.924927
v -22.437130 0.588999 -38.860939
v -22.485029 0.580725 -38.776485
v -22.501757 0.565437 -38.742886
v -22.587072 0.420916 -38.639172
v -22.523191 0.537425 -38.709743
v -22.409990 0.424109 -38.993591
v -22.355663 0.582550 -39.005047
v -22.281956 0.421460 -39.182884
v -22.305426 0.571182 -39.088100
v -22.238380 0.441651 -39.227070
v -22.251335 0.532007 -39.177860
v -22.222672 0.449132 -39.240097
v -22.212753 0.485066 -39.236752
v -22.656681 0.423472 -38.632805
v -22.661877 0.423472 -38.628643
v -22.654163 0.435884 -38.629662
v -22.659346 0.435884 -38.625492
v -22.647263 0.444968 -38.621071
v -22.652458 0.444968 -38.616898
v -22.637842 0.448294 -38.609318
v -22.643038 0.448294 -38.605145
v -22.628424 0.444968 -38.597561
v -22.633619 0.444968 -38.593403
v -22.621534 0.435884 -38.588963
v -22.626717 0.435884 -38.584801
v -22.619003 0.423472 -38.585812
v -22.624199 0.423472 -38.581650
v -22.621534 0.411061 -38.588963
v -22.626717 0.411061 -38.584801
v -22.634918 0.413150 -38.583858
v -22.632816 0.423472 -38.581242
v -22.634918 0.433794 -38.583858
v -22.643028 0.423472 -38.588535
v -22.644123 0.428812 -38.589905
v -22.640644 0.441351 -38.591019
v -22.626717 0.435884 -38.584801
v -22.634918 0.433794 -38.583858
v -22.644123 0.428812 -38.589905
v -22.647081 0.432722 -38.593597
v -22.643028 0.423472 -38.588535
v -22.647081 0.432722 -38.593597
v -22.644123 0.418132 -38.589905
v -22.651136 0.434152 -38.598660
v -22.647081 0.414223 -38.593597
v -22.655191 0.432722 -38.603714
v -22.651136 0.412793 -38.598660
v -22.658161 0.428812 -38.607407
v -22.655191 0.414223 -38.603714
v -22.659246 0.423472 -38.608765
v -22.658161 0.418132 -38.607407
v -22.664148 0.423472 -38.620319
v -22.662046 0.413150 -38.617706
v -22.661877 0.423472 -38.628643
v -22.659346 0.411061 -38.625492
v -22.656681 0.423472 -38.632805
v -22.654163 0.411061 -38.629662
v -22.652458 0.401976 -38.616898
v -22.656309 0.405593 -38.610554
v -22.643038 0.398650 -38.605145
v -22.648481 0.402828 -38.600792
v -22.633619 0.401976 -38.593403
v -22.640644 0.405593 -38.591019
v -22.626717 0.411061 -38.584801
v -22.634918 0.413150 -38.583858
v -22.632816 0.423472 -38.581242
v -22.651136 0.434152 -38.598660
v -22.655191 0.432722 -38.603714
v -22.648481 0.444117 -38.600792
v -22.656309 0.441351 -38.610554
v -22.662046 0.433794 -38.617706
v -22.658161 0.428812 -38.607407
v -22.664148 0.423472 -38.620319
v -22.659246 0.423472 -38.608765
v -22.659346 0.411061 -38.625492
v -22.654163 0.411061 -38.629662
v -22.652458 0.401976 -38.616898
v -22.647263 0.401976 -38.621071
v -22.643038 0.398650 -38.605145
v -22.637842 0.398650 -38.609318
v -22.633619 0.401976 -38.593403
v -22.628424 0.401976 -38.597561
v -22.626717 0.411061 -38.584801
v -22.621534 0.411061 -38.588963
v -22.622347 0.423472 -38.589996
v -22.624426 0.413268 -38.592579
v -22.624426 0.433677 -38.592579
v -22.630096 0.441147 -38.599651
v -22.630096 0.405797 -38.599651
v -22.637842 0.443881 -38.609318
v -22.637842 0.403063 -38.609318
v -22.645592 0.441147 -38.618980
v -22.645592 0.405797 -38.618980
v -22.651249 0.433677 -38.626045
v -22.651249 0.413268 -38.626045
v -22.653328 0.423472 -38.628635
v -22.639198 0.431050 -38.596138
v -22.630749 0.419091 -38.585598
v -22.634691 0.431050 -38.599747
v -22.626244 0.419091 -38.589199
v -22.611572 0.401506 -38.570194
v -22.616079 0.401506 -38.566586
v -22.603315 0.385816 -38.557270
v -22.607822 0.385816 -38.553658
v -22.634691 0.431050 -38.599747
v -22.626244 0.419091 -38.589199
v -22.636839 0.426413 -38.602428
v -22.628637 0.414770 -38.592197
v -22.614191 0.397533 -38.573463
v -22.611572 0.401506 -38.570194
v -22.606106 0.382165 -38.560760
v -22.603315 0.385816 -38.557270
v -22.636839 0.426413 -38.602428
v -22.628637 0.414770 -38.592197
v -22.641344 0.426413 -38.598812
v -22.633144 0.414770 -38.588589
v -22.641344 0.426413 -38.598812
v -22.633144 0.414770 -38.588589
v -22.639198 0.431050 -38.596138
v -22.630749 0.419091 -38.585598
v -22.616079 0.401506 -38.566586
v -22.618698 0.397533 -38.569855
v -22.607822 0.385816 -38.553658
v -22.610611 0.382165 -38.557148
v -22.634691 0.431050 -38.599747
v -22.636839 0.426413 -38.602428
v -22.639198 0.431050 -38.596138
v -22.641344 0.426413 -38.598812
v -22.610611 0.382165 -38.557148
v -22.618698 0.397533 -38.569855
v -22.606106 0.382165 -38.560760
v -22.614191 0.397533 -38.573463
v -22.628637 0.414770 -38.592197
v -22.633144 0.414770 -38.588589
v -22.426931 0.352269 -38.908123
v -22.428129 0.332921 -38.908714
v -22.461674 0.355006 -38.925426
v -22.462870 0.335659 -38.926022
v -22.495499 0.355006 -38.857521
v -22.496696 0.335659 -38.858124
v -22.460758 0.352269 -38.840218
v -22.461956 0.332921 -38.840816
v -22.462870 0.335659 -38.926022
v -22.428129 0.332921 -38.908714
v -22.496696 0.335659 -38.858124
v -22.461956 0.332921 -38.840816
v -22.426931 0.352269 -38.908123
v -22.461674 0.355006 -38.925426
v -22.460758 0.352269 -38.840218
v -22.495499 0.355006 -38.857521
v -22.128702 0.145902 -39.543842
v -22.128702 0.197610 -39.543842
v -22.125946 0.145902 -39.557934
v -22.123022 0.178741 -39.562984
v -22.127123 0.197610 -39.551952
v -21.931852 0.116747 -39.396069
v -21.880011 0.119630 -39.485878
v -21.931852 0.138731 -39.396069
v -21.878180 0.129571 -39.489037
v -21.883772 0.139558 -39.479359
v -21.872784 0.134345 -39.498394
v -21.883648 0.162854 -39.479568
v -21.872660 0.162620 -39.498615
v -21.883648 0.221165 -39.479568
v -21.872660 0.220931 -39.498615
v -21.874928 0.124105 -39.494675
v -21.883772 0.139558 -39.479359
v -21.883648 0.162854 -39.479568
v -21.902397 0.139558 -39.490116
v -21.902273 0.162854 -39.490330
v -21.902273 0.221165 -39.490330
v -21.883648 0.221165 -39.479568
v -21.950489 0.116747 -39.406826
v -21.950489 0.138731 -39.406826
v -21.898634 0.119630 -39.496635
v -21.896805 0.129571 -39.499790
v -21.893553 0.124105 -39.505436
v -21.891407 0.134345 -39.509136
v -21.902397 0.139558 -39.490116
v -21.891281 0.162620 -39.509369
v -21.902273 0.162854 -39.490330
v -21.891281 0.220931 -39.509369
v -21.902273 0.221165 -39.490330
v -21.902397 0.139558 -39.490116
v -21.950489 0.138731 -39.406826
v -21.883772 0.139558 -39.479359
v -21.931852 0.138731 -39.396069
v -21.895166 0.226593 -39.492313
v -21.902273 0.221165 -39.490330
v -21.885477 0.226593 -39.486729
v -21.883648 0.221165 -39.479568
v -21.872660 0.220931 -39.498615
v -21.872660 0.162620 -39.498615
v -21.891281 0.220931 -39.509369
v -21.891281 0.162620 -39.509369
v -21.891407 0.134345 -39.509136
v -21.872784 0.134345 -39.498394
v -21.893553 0.124105 -39.505436
v -21.874928 0.124105 -39.494675
v -21.898634 0.119630 -39.496635
v -21.880011 0.119630 -39.485878
v -21.902273 0.221165 -39.490330
v -21.895166 0.226593 -39.492313
v -21.891281 0.220931 -39.509369
v -21.889452 0.226471 -39.502228
v -21.895166 0.226593 -39.492313
v -21.885477 0.226593 -39.486729
v -21.889452 0.226471 -39.502228
v -21.879763 0.226471 -39.496628
v -21.879763 0.226471 -39.496628
v -21.872660 0.220931 -39.498615
v -21.889452 0.226471 -39.502228
v -21.891281 0.220931 -39.509369
v -21.885477 0.226593 -39.486729
v -21.883648 0.221165 -39.479568
v -21.879763 0.226471 -39.496628
v -21.872660 0.220931 -39.498615
v -21.880011 0.119630 -39.485878
v -21.931852 0.116747 -39.396069
v -21.898634 0.119630 -39.496635
v -21.950489 0.116747 -39.406826
v -22.010033 0.138849 -39.318390
v -21.927299 0.070852 -39.474617
v -21.999189 0.148317 -39.316669
v -21.919024 0.077202 -39.474243
v -21.993338 0.161311 -39.319317
v -21.914143 0.085920 -39.477337
v -21.994028 0.174349 -39.325611
v -21.913973 0.094670 -39.483051
v -21.913973 0.094670 -39.483051
v -22.001087 0.183938 -39.333870
v -21.918558 0.101107 -39.489861
v -22.012629 0.187508 -39.341900
v -21.926668 0.103507 -39.495941
v -22.025551 0.184102 -39.347519
v -21.936134 0.101225 -39.499660
v -21.927299 0.070852 -39.474617
v -22.010033 0.138849 -39.318390
v -21.936764 0.068570 -39.478336
v -22.022955 0.135444 -39.324024
v -21.944874 0.070971 -39.484417
v -22.034483 0.139014 -39.332031
v -21.949459 0.077408 -39.491219
v -22.041544 0.148603 -39.340302
v -21.949291 0.086157 -39.496933
v -22.042242 0.161641 -39.346603
v -21.944412 0.094876 -39.500034
v -22.036394 0.174635 -39.349243
v -21.936134 0.101225 -39.499660
v -22.025551 0.184102 -39.347519
v -21.949810 0.084913 -39.479500
v -21.946659 0.080487 -39.474812
v -21.943916 0.080104 -39.489956
v -21.940763 0.075678 -39.485268
v -21.935184 0.074028 -39.481087
v -21.941092 0.078837 -39.470627
v -21.928690 0.075596 -39.478523
v -21.934574 0.080405 -39.468071
v -21.925528 0.090767 -39.469948
v -21.928881 0.084772 -39.467815
v -21.925415 0.096783 -39.473873
v -21.934574 0.080405 -39.468071
v -21.928566 0.101209 -39.478550
v -21.941092 0.078837 -39.470627
v -21.934145 0.102859 -39.482735
v -21.946659 0.080487 -39.474812
v -21.940651 0.101290 -39.485291
v -21.949810 0.084913 -39.479500
v -21.946342 0.096924 -39.485546
v -21.949697 0.090930 -39.483425
v -21.919518 0.091974 -39.484325
v -21.919632 0.085957 -39.480392
v -21.925415 0.096783 -39.473873
v -21.925528 0.090767 -39.469948
v -21.928881 0.084772 -39.467815
v -21.922997 0.079963 -39.478275
v -21.934574 0.080405 -39.468071
v -21.928690 0.075596 -39.478523
v -21.934755 0.096481 -39.495754
v -21.928238 0.098050 -39.493191
v -21.940651 0.101290 -39.485291
v -21.934145 0.102859 -39.482735
v -21.928566 0.101209 -39.478550
v -21.922668 0.096400 -39.489010
v -21.925415 0.096783 -39.473873
v -21.919518 0.091974 -39.484325
v -21.943916 0.080104 -39.489956
v -21.943802 0.086120 -39.493877
v -21.949810 0.084913 -39.479500
v -21.949697 0.090930 -39.483425
v -21.946342 0.096924 -39.485546
v -21.940447 0.092115 -39.496002
v -21.940651 0.101290 -39.485291
v -21.934755 0.096481 -39.495754
v -22.410091 0.307729 -38.074852
v -22.421125 0.288036 -38.055752
v -22.339569 0.320419 -38.068821
v -22.362619 0.331717 -38.157078
v -22.307922 0.330929 -38.137684
v -22.327980 0.322718 -38.217075
v -22.247057 0.310874 -38.200481
v -22.297676 0.295517 -38.269573
v -22.265896 0.240368 -38.324615
v -22.179043 0.216506 -38.286919
v -22.243927 0.164609 -38.362659
v -22.202759 0.263241 -38.255722
v -22.165646 0.260393 -38.218746
v -22.202307 0.304041 -38.163296
v -22.136124 0.233034 -38.197475
v -22.142097 0.206330 -38.254448
v -22.119587 0.178908 -38.233700
v -22.112066 0.140965 -38.261070
v -22.151844 0.147836 -38.296059
v -22.115341 0.099754 -38.290714
v -22.235310 0.091580 -38.377598
v -22.163240 0.274368 -38.150623
v -22.195337 0.296068 -38.096100
v -22.225157 0.296342 -38.042004
v -22.239727 0.321046 -38.100285
v -22.278421 0.315878 -38.042355
v -22.298027 0.300143 -38.022713
v -22.335897 0.295183 -38.028622
v -22.317669 0.262128 -37.995426
v -22.261084 0.284339 -38.004810
v -22.345860 0.255702 -38.003445
v -22.390699 0.250836 -38.023510
v -22.378229 0.292041 -38.044662
v -22.431494 0.246668 -38.037785
v -22.750843 0.267751 -38.219791
v -22.721657 0.265343 -38.199230
v -22.740158 0.314705 -38.238762
v -22.792803 0.272880 -38.250156
v -22.777126 0.318018 -38.268970
v -22.814983 0.279654 -38.271675
v -22.802481 0.323246 -38.300423
v -22.836229 0.303069 -38.328274
v -22.806480 0.335157 -38.342373
v -22.821209 0.315722 -38.380680
v -22.787539 0.315433 -38.436413
v -22.777306 0.339241 -38.408398
v -22.754683 0.292558 -38.494453
v -22.739357 0.322094 -38.472298
v -22.726210 0.248983 -38.543903
v -22.707043 0.277098 -38.533340
v -22.701860 0.191924 -38.578102
v -22.685831 0.218235 -38.574184
v -22.680954 0.151277 -38.599201
v -22.660601 0.152270 -38.602352
v -22.650673 0.101436 -38.614388
v -22.615919 0.099864 -38.609749
v -22.633030 0.148518 -38.600204
v -22.621534 0.176851 -38.591995
v -22.647850 0.219682 -38.573032
v -22.636646 0.256716 -38.547256
v -22.671375 0.292213 -38.516941
v -22.657349 0.314852 -38.481827
v -22.689821 0.331862 -38.456249
v -22.674425 0.343528 -38.417900
v -22.687765 0.353014 -38.341286
v -22.717852 0.351791 -38.377563
v -22.715052 0.327727 -38.241463
v -22.716179 0.306967 -38.215256
v -22.746527 0.343575 -38.302937
v -22.694912 0.307729 -38.239296
v -22.705936 0.288036 -38.220192
v -22.735405 0.320419 -38.297348
v -22.647430 0.331717 -38.321526
v -22.612804 0.322718 -38.381512
v -22.691582 0.330929 -38.359184
v -22.667639 0.310874 -38.443298
v -22.758072 0.321046 -38.399548
v -22.783890 0.296068 -38.435894
v -22.788895 0.315878 -38.337074
v -22.722214 0.304041 -38.463467
v -22.752718 0.274368 -38.490955
v -22.692532 0.260393 -38.522945
v -22.725702 0.233034 -38.537865
v -22.673374 0.206330 -38.561184
v -22.641943 0.263241 -38.509281
v -22.550707 0.240369 -38.489063
v -22.626785 0.216507 -38.545422
v -22.632465 0.147836 -38.573540
v -22.682671 0.140965 -38.590508
v -22.655350 0.099754 -38.602489
v -22.528751 0.164609 -38.527088
v -22.520121 0.091580 -38.542027
v -22.702604 0.178908 -38.570305
v -22.582489 0.295517 -38.434010
v -22.796101 0.300143 -38.310280
v -22.815830 0.296342 -38.383022
v -22.830072 0.284339 -38.333313
v -22.809914 0.262128 -38.279625
v -22.788881 0.255702 -38.259212
v -22.749081 0.250836 -38.230415
v -22.772053 0.295183 -38.280434
v -22.736984 0.292041 -38.251797
v -22.716316 0.246668 -38.202221
v -21.779490 0.449132 -38.984226
v -21.782925 0.441651 -38.964111
v -21.774012 0.442548 -38.993076
v -21.787350 0.485066 -38.991146
v -21.783817 0.489184 -39.003971
v -21.819056 0.532007 -38.928291
v -21.819088 0.542083 -38.932934
v -21.869745 0.571182 -38.836559
v -21.871077 0.581060 -38.837868
v -21.916559 0.582550 -38.751537
v -21.923449 0.594755 -38.743019
v -21.899313 0.424109 -38.698742
v -21.904125 0.413894 -38.683918
v -21.799391 0.421460 -38.904274
v -21.794420 0.410395 -38.907162
v -21.778440 0.433310 -38.969307
v -22.381559 0.336044 -37.999241
v -22.370663 0.332673 -37.992947
v -22.381559 0.344011 -37.999241
v -22.392462 0.332673 -38.005531
v -22.395905 0.339572 -38.007519
v -22.400434 0.323463 -38.010132
v -22.406410 0.327446 -38.013584
v -22.403358 0.310882 -38.011818
v -22.410261 0.310882 -38.015804
v -22.400434 0.298301 -38.010132
v -22.406410 0.294318 -38.013584
v -22.392462 0.289091 -38.005531
v -22.395905 0.282192 -38.007519
v -22.381559 0.285719 -37.999241
v -22.381559 0.277753 -37.999241
v -22.370663 0.289091 -37.992947
v -22.367218 0.282192 -37.990952
v -22.362688 0.298301 -37.988342
v -22.356712 0.294318 -37.984898
v -22.359774 0.310882 -37.986652
v -22.352873 0.310882 -37.982670
v -22.362688 0.323463 -37.988342
v -22.356712 0.327446 -37.984898
v -22.367218 0.339572 -37.990952
v -21.632730 0.298893 -39.209621
v -21.647018 0.294471 -39.217873
v -21.632730 0.307968 -39.209621
v -21.618433 0.294471 -39.201374
v -21.614502 0.302330 -39.199097
v -21.607973 0.282390 -39.195328
v -21.601164 0.286927 -39.191395
v -21.604147 0.265887 -39.193119
v -21.596283 0.265887 -39.188587
v -21.607973 0.249384 -39.195328
v -21.601164 0.244846 -39.191395
v -21.618433 0.237303 -39.201374
v -21.614502 0.229443 -39.199097
v -21.632730 0.232881 -39.209621
v -21.632730 0.223806 -39.209621
v -21.647018 0.237303 -39.217873
v -21.650949 0.229443 -39.220139
v -21.657476 0.249384 -39.223911
v -21.664288 0.244846 -39.227844
v -21.661306 0.265887 -39.226128
v -21.669167 0.265887 -39.230671
v -21.657476 0.282390 -39.223911
v -21.664288 0.286927 -39.227844
v -21.650949 0.302330 -39.220139
v -22.070547 0.565437 -38.493927
v -22.049799 0.580725 -38.525223
v -22.074738 0.574120 -38.490429
v -22.088528 0.537425 -38.458778
v -22.093113 0.545422 -38.454617
v -22.117702 0.420916 -38.368179
v -22.127529 0.411843 -38.350601
v -22.022717 0.421784 -38.509018
v -22.021992 0.412808 -38.507065
v -21.937704 0.423781 -38.635532
v -21.930122 0.413648 -38.643284
v -21.962923 0.587868 -38.671604
v -21.957966 0.597692 -38.683086
v -22.000622 0.588999 -38.608917
v -21.997778 0.598898 -38.616600
v -22.051743 0.590146 -38.524864
v -22.142651 0.423472 -38.313042
v -22.139376 0.413268 -38.312538
v -22.147947 0.423472 -38.313858
v -22.139376 0.433677 -38.312538
v -22.143961 0.435883 -38.313236
v -22.130417 0.441147 -38.311165
v -22.133062 0.444968 -38.311573
v -22.118187 0.443881 -38.309296
v -22.118187 0.448294 -38.309296
v -22.105944 0.441147 -38.307411
v -22.103302 0.444968 -38.307003
v -22.096989 0.433677 -38.306034
v -22.092402 0.435883 -38.305340
v -22.093700 0.423472 -38.305534
v -22.088415 0.423472 -38.304718
v -22.096989 0.413268 -38.306034
v -22.092402 0.411061 -38.305340
v -22.105944 0.405797 -38.307411
v -22.103302 0.401976 -38.307003
v -22.118187 0.403063 -38.309296
v -22.118187 0.398650 -38.309296
v -22.130417 0.405797 -38.311165
v -22.133062 0.401976 -38.311573
v -22.143961 0.411061 -38.313236
v -21.722906 0.085957 -39.366814
v -21.723063 0.079963 -39.362846
v -21.728294 0.085920 -39.370041
v -21.719551 0.091974 -39.368874
v -21.723436 0.094670 -39.373039
v -21.713926 0.096400 -39.368496
v -21.715248 0.101107 -39.372475
v -21.707512 0.098049 -39.365753
v -21.705919 0.103507 -39.368496
v -21.702044 0.096481 -39.361397
v -21.697969 0.101225 -39.362160
v -21.698982 0.092115 -39.356598
v -21.693518 0.094876 -39.355171
v -21.699142 0.086120 -39.352634
v -21.693745 0.086157 -39.349411
v -21.702486 0.080104 -39.350559
v -21.698612 0.077408 -39.346397
v -21.708120 0.075678 -39.350941
v -21.706800 0.070971 -39.346962
v -21.714525 0.074028 -39.353683
v -21.716116 0.068570 -39.350941
v -21.719992 0.075596 -39.358040
v -21.724081 0.070852 -39.357285
v -21.728531 0.077202 -39.364265
v -22.236122 0.433310 -39.233547
v -22.217749 0.442548 -39.249268
v -22.238380 0.441651 -39.227070
v -22.281944 0.410395 -39.188644
v -22.281956 0.421460 -39.182884
v -22.420425 0.413894 -38.981998
v -22.409990 0.424109 -38.993591
v -22.359581 0.594755 -38.994823
v -22.355663 0.582550 -39.005047
v -22.303642 0.581060 -39.087608
v -22.305426 0.571182 -39.088100
v -22.247293 0.542083 -39.180153
v -22.251335 0.532007 -39.177860
v -22.203415 0.489184 -39.246227
v -22.212753 0.485066 -39.236752
v -22.222672 0.449132 -39.240097
v -22.082634 0.302330 -39.469368
v -22.100863 0.307968 -39.479900
v -22.086563 0.294471 -39.471645
v -22.069292 0.286927 -39.461678
v -22.076103 0.282390 -39.465607
v -22.064415 0.265887 -39.458858
v -22.072275 0.265887 -39.463390
v -22.069292 0.244846 -39.461678
v -22.076103 0.249384 -39.465607
v -22.082634 0.229443 -39.469368
v -22.086563 0.237303 -39.471645
v -22.100863 0.223806 -39.479900
v -22.100863 0.232881 -39.479900
v -22.119080 0.229443 -39.490421
v -22.115149 0.237303 -39.488144
v -22.132420 0.244846 -39.498116
v -22.125608 0.249384 -39.494190
v -22.137297 0.265887 -39.500935
v -22.129436 0.265887 -39.496391
v -22.132420 0.286927 -39.498116
v -22.125608 0.282390 -39.494190
v -22.119080 0.302330 -39.490421
v -22.115149 0.294471 -39.488144
v -22.100863 0.298893 -39.479900
v -22.484373 0.590146 -38.774628
v -22.502693 0.574121 -38.737511
v -22.485029 0.580725 -38.776485
v -22.431900 0.598898 -38.867249
v -22.437130 0.588999 -38.860939
v -22.394236 0.597693 -38.934975
v -22.401699 0.587868 -38.924927
v -22.442619 0.413648 -38.939171
v -22.445545 0.423781 -38.928734
v -22.514654 0.412808 -38.791500
v -22.512600 0.421784 -38.791851
v -22.597385 0.411843 -38.621876
v -22.587072 0.420916 -38.639172
v -22.524515 0.545422 -38.703686
v -22.523191 0.537425 -38.709743
v -22.501757 0.565437 -38.742886
v -22.624426 0.413268 -38.592579
v -22.622347 0.423472 -38.589996
v -22.621534 0.411061 -38.588963
v -22.630096 0.405797 -38.599651
v -22.637842 0.403063 -38.609318
v -22.628424 0.401976 -38.597561
v -22.637842 0.398650 -38.609318
v -22.647263 0.401976 -38.621071
v -22.645592 0.405797 -38.618980
v -22.654163 0.411061 -38.629662
v -22.651249 0.413268 -38.626045
v -22.656681 0.423472 -38.632805
v -22.653328 0.423472 -38.628635
v -22.654163 0.435884 -38.629662
v -22.651249 0.433677 -38.626045
v -22.647263 0.444968 -38.621071
v -22.645592 0.441147 -38.618980
v -22.637842 0.448294 -38.609318
v -22.637842 0.443881 -38.609318
v -22.628424 0.444968 -38.597561
v -22.630096 0.441147 -38.599651
v -22.621534 0.435884 -38.588963
v -22.624426 0.433677 -38.592579
v -22.619003 0.423472 -38.585812
v -21.922997 0.079963 -39.478275
v -21.919632 0.085957 -39.480392
v -21.919024 0.077202 -39.474243
v -21.928690 0.075596 -39.478523
v -21.935184 0.074028 -39.481087
v -21.927299 0.070852 -39.474617
v -21.936764 0.068570 -39.478336
v -21.944874 0.070971 -39.484417
v -21.940763 0.075678 -39.485268
v -21.949459 0.077408 -39.491219
v -21.943916 0.080104 -39.489956
v -21.949291 0.086157 -39.496933
v -21.943802 0.086120 -39.493877
v -21.944412 0.094876 -39.500034
v -21.940447 0.092115 -39.496002
v -21.936134 0.101225 -39.499660
v -21.934755 0.096481 -39.495754
v -21.926668 0.103507 -39.495941
v -21.928238 0.098050 -39.493191
v -21.918558 0.101107 -39.489861
v -21.922668 0.096400 -39.489010
v -21.913973 0.094670 -39.483051
v -21.919518 0.091974 -39.484325
v -21.914143 0.085920 -39.477337
v -22.393473 0.304007 -38.002422
v -22.400387 0.298323 -38.010132
v -22.389103 0.298958 -37.999889
v -22.392412 0.289113 -38.005520
v -22.383127 0.297110 -37.996445
v -22.381512 0.285742 -37.999229
v -22.377155 0.298958 -37.992996
v -22.370613 0.289113 -37.992943
v -22.372782 0.304007 -37.990475
v -22.362640 0.298323 -37.988342
v -22.400387 0.298323 -38.010132
v -22.393473 0.304007 -38.002422
v -22.403311 0.310904 -38.011814
v -22.395067 0.310904 -38.003338
v -22.400387 0.323486 -38.010132
v -22.393473 0.317801 -38.002422
v -22.392412 0.332695 -38.005520
v -22.389103 0.322850 -37.999889
v -22.381512 0.336067 -37.999229
v -22.383127 0.324698 -37.996445
v -22.370613 0.332695 -37.992943
v -22.377155 0.322850 -37.992996
v -22.362640 0.323486 -37.988342
v -22.372782 0.317801 -37.990475
v -22.359726 0.310904 -37.986652
v -22.371180 0.310904 -37.989548
v -22.362640 0.298323 -37.988342
v -22.372782 0.304007 -37.990475
v -22.377155 0.298958 -37.992996
v -22.383127 0.297110 -37.996445
v -22.389103 0.298958 -37.999889
v -21.632683 0.232904 -39.209625
v -21.630932 0.249724 -39.212631
v -21.618385 0.237325 -39.201363
v -21.623930 0.251892 -39.208591
v -21.607925 0.249406 -39.195332
v -21.618792 0.257817 -39.205627
v -21.604095 0.265909 -39.193119
v -21.616917 0.265909 -39.204548
v -21.604095 0.265909 -39.193119
v -21.616917 0.265909 -39.204548
v -21.607925 0.282412 -39.195332
v -21.618792 0.274002 -39.205627
v -21.618385 0.294493 -39.201363
v -21.623930 0.279926 -39.208591
v -21.632683 0.298915 -39.209625
v -21.630932 0.282094 -39.212631
v -21.646969 0.294493 -39.217873
v -21.657429 0.282412 -39.223919
v -21.637947 0.279926 -39.216682
v -21.643074 0.274002 -39.219646
v -21.643074 0.257817 -39.219646
v -21.637947 0.251892 -39.216682
v -21.657429 0.249406 -39.223919
v -21.644949 0.265909 -39.220734
v -21.661257 0.265909 -39.226124
v -21.646969 0.237325 -39.217873
v -21.632683 0.232904 -39.209625
v -21.630932 0.249724 -39.212631
v -21.623930 0.251892 -39.208591
v -21.618792 0.257817 -39.205627
v -22.100815 0.232904 -39.479897
v -22.115101 0.237325 -39.488144
v -22.099062 0.249724 -39.482914
v -22.106077 0.251893 -39.486954
v -22.111206 0.257817 -39.489925
v -22.125561 0.249406 -39.494190
v -22.113079 0.265909 -39.491005
v -22.129389 0.265909 -39.496391
v -22.129389 0.265909 -39.496391
v -22.125561 0.282413 -39.494190
v -22.113079 0.265909 -39.491005
v -22.111206 0.274002 -39.489925
v -22.111206 0.257817 -39.489925
v -22.106077 0.251893 -39.486954
v -22.106077 0.279926 -39.486954
v -22.099062 0.249724 -39.482914
v -22.099062 0.282094 -39.482914
v -22.092060 0.251893 -39.478863
v -22.100815 0.232904 -39.479897
v -22.086514 0.237325 -39.471634
v -22.076056 0.249406 -39.465607
v -22.086920 0.257817 -39.475906
v -22.072227 0.265909 -39.463390
v -22.085045 0.265909 -39.474819
v -22.076056 0.282413 -39.465607
v -22.086920 0.274002 -39.475906
v -22.086514 0.294493 -39.471634
v -22.100815 0.298915 -39.479897
v -22.092060 0.279926 -39.478863
v -22.115101 0.294493 -39.488144
vn -0.2428 0.2415 0.9395
vn -0.4090 0.1230 0.9042
vn -0.3263 0.6106 0.7216
vn 0.0358 0.3530 0.9350
vn -0.2209 0.9335 0.2824
vn -0.0585 0.9657 0.2528
vn -0.2359 0.7384 0.6318
vn 0.1728 0.9849 0.0109
vn -0.0848 0.9947 0.0590
vn 0.1653 0.9712 -0.1717
vn 0.3957 0.8864 -0.2401
vn 0.3188 0.9372 0.1415
vn 0.5136 0.8542 -0.0807
vn 0.1858 0.8987 0.3973
vn 0.7103 0.7010 0.0633
vn 0.5682 0.7730 0.2823
vn 0.4459 0.7898 0.4212
vn 0.8123 0.5734 -0.1068
vn 0.6970 0.6757 -0.2401
vn 0.5839 0.7011 -0.4093
vn 0.9035 0.3962 -0.1631
vn 0.7891 0.4941 -0.3650
vn 0.7441 0.4913 -0.4526
vn 0.5676 0.6927 -0.4449
vn 0.7538 0.3851 -0.5324
vn 0.4842 0.8310 -0.2739
vn 0.8063 0.3238 -0.4950
vn 0.7928 0.3095 -0.5250
vn 0.9132 0.2896 -0.2865
vn 0.8264 0.2384 -0.5101
vn 0.7713 0.2380 -0.5903
vn 0.1388 0.6420 0.7540
vn -0.0753 0.6591 0.7483
vn -0.1800 0.5225 0.8334
vn -0.3671 0.4554 0.8111
vn -0.8186 0.1016 -0.5653
vn -0.8501 0.0415 -0.5250
vn -0.8569 0.0415 -0.5139
vn -0.8096 0.2127 -0.5471
vn -0.8611 0.1316 -0.4911
vn -0.8095 0.2127 -0.5472
vn -0.8569 0.0414 -0.5138
vn -0.8656 0.0453 -0.4987
vn -0.8722 0.0416 -0.4873
vn -0.8788 0.1388 -0.4565
vn -0.9041 0.1464 -0.4013
vn -0.8808 0.0378 -0.4721
vn -0.9191 0.0830 -0.3853
vn -0.9042 0.1463 -0.4014
vn -0.8808 0.0377 -0.4720
vn -0.8854 0.0229 -0.4643
vn -0.9220 0.0378 -0.3853
vn -0.9191 0.0828 -0.3853
vn -0.8854 0.0226 -0.4643
vn -0.8876 0.0115 -0.4605
vn -0.9221 0.0377 -0.3852
vn -0.8876 0.0113 -0.4604
vn -0.8877 -0.0038 -0.4604
vn -0.9431 -0.0113 -0.3323
vn -0.9198 -0.0490 -0.3892
vn -0.9431 -0.0113 -0.3322
vn -0.8876 -0.0114 -0.4605
vn -0.9198 -0.0491 -0.3892
vn -0.8876 -0.0114 -0.4604
vn -0.8832 -0.0301 -0.4681
vn -0.9157 -0.0828 -0.3933
vn -0.9044 -0.1203 -0.4093
vn -0.8789 -0.0382 -0.4754
vn -0.8822 -0.1427 -0.4487
vn -0.8697 -0.0491 -0.4911
vn -0.8595 -0.1539 -0.4874
vn -0.8634 -0.0453 -0.5025
vn -0.8386 -0.1315 -0.5287
vn -0.8569 -0.0414 -0.5138
vn -0.8385 -0.1314 -0.5287
vn -0.8524 -0.0414 -0.5212
vn -0.8130 -0.1239 -0.5689
vn -0.8460 -0.0265 -0.5325
vn -0.7774 -0.1164 -0.6181
vn -0.7841 -0.0565 -0.6181
vn -0.8417 -0.0113 -0.5398
vn -0.7752 -0.0000 -0.6317
vn -0.8418 -0.0037 -0.5398
vn -0.8418 -0.0039 -0.5398
vn -0.8417 0.0113 -0.5398
vn -0.7904 0.0415 -0.6112
vn -0.7925 0.0827 -0.6042
vn -0.8458 0.0340 -0.5324
vn -0.8186 0.1015 -0.5653
vn -0.8501 0.0414 -0.5249
vn -0.4062 -0.1860 -0.8947
vn -0.4424 0.0149 -0.8967
vn -0.2996 -0.0300 -0.9536
vn -0.3163 -0.2092 -0.9253
vn 0.8667 -0.0000 0.4988
vn 0.8666 -0.0000 0.4989
vn 0.8668 -0.0000 0.4987
vn 0.8666 -0.0001 0.4990
vn 0.8667 -0.0000 0.4989
vn -0.8180 0.1019 -0.5661
vn -0.4276 0.5863 -0.6880
vn -0.3442 0.4417 -0.8285
vn -0.7923 0.0831 -0.6044
vn -0.7926 0.0826 -0.6042
vn -0.3446 0.4412 -0.8286
vn -0.2855 0.2173 -0.9334
vn -0.7900 0.0419 -0.6116
vn -0.7750 -0.0000 -0.6320
vn -0.7905 0.0414 -0.6111
vn -0.2859 0.2170 -0.9334
vn -0.2672 -0.0000 -0.9636
vn -0.7754 0.0001 -0.6314
vn -0.2680 -0.0000 -0.9634
vn -0.2803 -0.1816 -0.9426
vn -0.7838 -0.0566 -0.6184
vn -0.7840 -0.0563 -0.6183
vn -0.2803 -0.1814 -0.9426
vn -0.3225 -0.3834 -0.8654
vn -0.7778 -0.1165 -0.6176
vn -0.7773 -0.1161 -0.6183
vn -0.3218 -0.3828 -0.8660
vn -0.4000 -0.5420 -0.7391
vn -0.8135 -0.1241 -0.5682
vn -0.8133 -0.1238 -0.5686
vn -0.4002 -0.5416 -0.7393
vn -0.4933 -0.6548 -0.5726
vn -0.8382 -0.1320 -0.5291
vn -0.5032 -0.3377 -0.7955
vn -0.3578 -0.3712 -0.8568
vn -0.4287 -0.5272 -0.7336
vn -0.5661 -0.4597 -0.6843
vn -0.8485 -0.2677 0.4565
vn -0.8485 -0.2678 0.4565
vn -0.8689 0.0037 0.4949
vn -0.8689 -0.0038 0.4950
vn -0.8485 0.2676 0.4565
vn -0.8689 -0.0039 0.4950
vn -0.8689 0.0038 0.4949
vn -0.8485 0.2678 0.4565
vn 0.4201 0.5423 -0.7277
vn 0.4834 0.2603 -0.8358
vn 0.4675 0.3575 -0.8085
vn 0.3888 0.6308 -0.6715
vn 0.2710 -0.8390 -0.4719
vn 0.1279 -0.9664 -0.2232
vn 0.1783 -0.9334 -0.3116
vn 0.3147 -0.7782 -0.5434
vn 0.1783 0.9334 -0.3116
vn 0.3147 0.7782 -0.5434
vn 0.2710 0.8389 -0.4720
vn 0.1279 0.9664 -0.2231
vn 0.4675 -0.3575 -0.8085
vn 0.3888 -0.6307 -0.6715
vn 0.4201 -0.5422 -0.7276
vn 0.4834 -0.2602 -0.8358
vn 0.3147 0.7782 -0.5435
vn 0.4200 0.5424 -0.7276
vn 0.3889 -0.6308 -0.6715
vn 0.2711 -0.8389 -0.4720
vn 0.3147 -0.7782 -0.5435
vn 0.4200 -0.5423 -0.7276
vn 0.4978 -0.0526 -0.8657
vn 0.4675 -0.3573 -0.8085
vn 0.4979 0.0526 -0.8656
vn -0.7971 0.4747 0.3731
vn -0.7707 0.5487 0.3240
vn -0.8152 0.1090 -0.5688
vn -0.8501 0.0414 -0.5250
vn -0.8565 0.0489 -0.5138
vn -0.8077 0.2200 -0.5471
vn -0.8599 0.1391 -0.4912
vn -0.8076 0.2200 -0.5471
vn -0.8565 0.0490 -0.5138
vn -0.8651 0.0527 -0.4988
vn -0.8718 0.0491 -0.4873
vn -0.8796 0.1463 -0.4526
vn -0.9058 0.1576 -0.3933
vn -0.8808 0.0378 -0.4720
vn -0.9200 0.0904 -0.3812
vn -0.9058 0.1575 -0.3933
vn -0.8851 0.0303 -0.4643
vn -0.9252 0.0415 -0.3772
vn -0.9201 0.0903 -0.3812
vn -0.8852 0.0301 -0.4643
vn -0.8875 0.0188 -0.4604
vn -0.9252 0.0415 -0.3771
vn -0.8876 0.0189 -0.4603
vn -0.8897 0.0038 -0.4565
vn -0.9460 -0.0076 -0.3240
vn -0.9234 -0.0452 -0.3812
vn -0.9460 -0.0075 -0.3240
vn -0.8875 -0.0189 -0.4604
vn -0.8875 -0.0190 -0.4604
vn -0.8851 -0.0299 -0.4643
vn -0.9170 -0.0865 -0.3893
vn -0.9057 -0.1241 -0.4053
vn -0.8784 -0.0452 -0.4758
vn -0.8829 -0.1501 -0.4448
vn -0.8718 -0.0491 -0.4873
vn -0.8582 -0.1613 -0.4873
vn -0.8630 -0.0528 -0.5025
vn -0.8565 -0.0490 -0.5138
vn -0.8565 -0.0489 -0.5139
vn -0.8524 -0.0415 -0.5213
vn -0.8093 -0.1314 -0.5724
vn -0.8093 -0.1313 -0.5725
vn -0.8523 -0.0415 -0.5214
vn -0.8460 -0.0264 -0.5325
vn -0.7747 -0.1164 -0.6215
vn -0.7814 -0.0565 -0.6215
vn -0.7724 -0.0000 -0.6351
vn -0.8394 -0.0037 -0.5435
vn -0.8394 -0.0038 -0.5436
vn -0.8416 0.0188 -0.5398
vn -0.7846 0.0490 -0.6180
vn -0.7867 0.0866 -0.6112
vn -0.8458 0.0339 -0.5325
vn -0.8152 0.1090 -0.5689
vn -0.3875 -0.1889 -0.9023
vn -0.4228 0.0188 -0.9060
vn -0.2787 -0.0300 -0.9599
vn -0.2928 -0.2144 -0.9318
vn -0.9113 -0.3112 -0.2697
vn -0.8380 0.0488 -0.5435
vn -0.8953 -0.0643 -0.4409
vn -0.9618 -0.2060 -0.1803
vn -0.8589 0.3635 -0.3609
vn -0.8597 -0.0676 -0.5063
vn -0.8583 0.1354 -0.4950
vn -0.8008 0.3832 -0.4604
vn -0.9113 -0.3111 -0.2697
vn -0.8456 -0.3737 -0.3813
vn -0.8549 0.0716 -0.5138
vn -0.8380 0.0491 -0.5434
vn -0.8589 0.3634 -0.3609
vn -0.9113 0.3111 -0.2697
vn -0.8813 0.0227 -0.4720
vn -0.8597 -0.0678 -0.5063
vn -0.8456 -0.3738 -0.3812
vn -0.7872 -0.3827 -0.4836
vn -0.8752 0.0112 -0.4836
vn -0.8549 0.0715 -0.5138
vn -0.9480 0.2425 -0.2061
vn -0.8686 -0.0228 -0.4949
vn -0.8813 0.0226 -0.4720
vn -0.9113 0.3112 -0.2698
vn -0.9820 0.1204 -0.1459
vn -0.7985 -0.0376 -0.6008
vn -0.8687 -0.0225 -0.4949
vn -0.9480 0.2425 -0.2060
vn -0.6217 0.1383 -0.7710
vn -0.6442 0.2257 -0.7308
vn -0.8527 0.0340 -0.5212
vn -0.8174 0.0188 -0.5758
vn -0.7314 -0.3534 -0.5832
vn -0.6757 -0.2966 -0.6749
vn -0.8774 -0.0037 -0.4797
vn -0.8774 0.0038 -0.4797
vn -0.9820 0.1202 -0.1458
vn -0.9911 -0.0040 -0.1328
vn -0.8857 0.0074 -0.4642
vn -0.7985 -0.0378 -0.6008
vn -0.6757 0.2969 -0.6748
vn -0.8774 0.0041 -0.4798
vn -0.8526 0.0341 -0.5214
vn -0.6443 0.2256 -0.7308
vn -0.6757 -0.2967 -0.6748
vn -0.6391 -0.2004 -0.7426
vn -0.8297 -0.0641 -0.5546
vn -0.8774 -0.0039 -0.4798
vn -0.9851 -0.0978 -0.1416
vn -0.8623 0.0076 -0.5063
vn -0.8857 0.0077 -0.4643
vn -0.9911 -0.0035 -0.1329
vn -0.7418 0.3608 -0.5653
vn -0.8790 -0.1241 -0.4604
vn -0.8774 0.0037 -0.4797
vn -0.6758 0.2966 -0.6748
vn -0.6392 -0.2005 -0.7424
vn -0.6194 -0.1160 -0.7765
vn -0.8441 -0.0037 -0.5361
vn -0.8297 -0.0642 -0.5545
vn -0.9618 -0.2059 -0.1804
vn -0.8953 -0.0641 -0.4409
vn -0.8623 0.0075 -0.5063
vn -0.9851 -0.0980 -0.1415
vn -0.7418 0.3608 -0.5652
vn -0.8007 0.3834 -0.4603
vn -0.8583 0.1352 -0.4949
vn -0.8790 -0.1243 -0.4604
vn -0.7336 0.1682 -0.6584
vn -0.7791 0.1794 -0.6007
vn -0.6824 0.3177 -0.6584
vn -0.6321 0.2219 -0.7424
vn -0.8667 -0.0000 -0.4988
vn -0.7621 -0.2231 -0.6078
vn -0.8018 -0.2563 -0.5398
vn -0.8667 -0.0000 -0.4987
vn -0.9456 0.1464 -0.2907
vn -0.8668 -0.0000 -0.4987
vn -0.9503 0.0714 -0.3032
vn -0.6927 -0.0902 -0.7156
vn -0.7321 -0.0000 -0.6812
vn -0.8423 -0.2602 -0.4720
vn -0.8834 -0.2422 -0.4012
vn -0.9728 0.0001 -0.2316
vn -0.9502 0.0720 -0.3032
vn -0.9175 0.2059 -0.3404
vn -0.9455 0.1468 -0.2907
vn -0.8834 -0.2421 -0.4012
vn -0.9175 -0.2056 -0.3403
vn -0.8749 0.2712 -0.4012
vn -0.8431 0.2274 -0.4873
vn -0.8668 0.0001 -0.4987
vn -0.9175 -0.2059 -0.3404
vn -0.9339 -0.1319 -0.3322
vn -0.8749 0.2711 -0.4012
vn -0.9175 0.2057 -0.3404
vn -0.7870 0.2706 -0.5545
vn -0.7789 0.1798 -0.6009
vn -0.8019 -0.2562 -0.5398
vn -0.8423 -0.2603 -0.4720
vn -0.8668 -0.0001 -0.4987
vn -0.6927 0.0902 -0.7156
vn -0.7320 -0.0000 -0.6813
vn -0.6928 0.0903 -0.7155
vn -0.7337 0.1682 -0.6583
vn -0.6928 -0.0903 -0.7155
vn -0.7337 -0.1682 -0.6583
vn -0.7871 0.2705 -0.5544
vn -0.8667 0.0001 -0.4987
vn -0.8431 0.2276 -0.4872
vn -0.9580 -0.0979 -0.2697
vn -0.9340 -0.1318 -0.3322
vn -0.7336 -0.1683 -0.6584
vn -0.7622 -0.2231 -0.6077
vn -0.9728 -0.0001 -0.2317
vn -0.9579 -0.0984 -0.2697
vn -0.7352 0.3740 -0.5653
vn -0.6822 0.3178 -0.6585
vn -0.9828 0.1239 -0.1372
vn -0.9928 -0.0007 -0.1199
vn -0.7303 -0.3671 -0.5761
vn -0.6728 -0.3105 -0.6715
vn -0.9851 -0.1090 -0.1329
vn -0.9928 0.0006 -0.1198
vn -0.6726 -0.3109 -0.6715
vn -0.6320 -0.2221 -0.7425
vn -0.9551 -0.2317 -0.1846
vn -0.7974 0.3900 -0.4604
vn -0.7351 0.3743 -0.5653
vn -0.6072 -0.1236 -0.7849
vn -0.6320 0.2221 -0.7425
vn -0.6072 0.1236 -0.7849
vn -0.5991 -0.0039 -0.8007
vn -0.6075 0.1233 -0.7847
vn -0.7891 -0.3931 -0.4720
vn -0.7304 -0.3671 -0.5760
vn -0.9063 0.3253 -0.2697
vn -0.8592 0.3707 -0.3527
vn -0.9551 -0.2318 -0.1846
vn -0.9064 -0.3252 -0.2697
vn -0.7975 0.3900 -0.4604
vn -0.8592 0.3708 -0.3527
vn -0.9064 -0.3252 -0.2696
vn -0.8479 -0.3807 -0.3690
vn -0.9507 0.2427 -0.1932
vn -0.9064 0.3252 -0.2696
vn -0.8478 -0.3808 -0.3691
vn -0.7890 -0.3931 -0.4721
vn -0.5989 -0.0037 -0.8008
vn -0.6072 -0.1233 -0.7849
vn -0.9827 0.1242 -0.1372
vn -0.9506 0.2429 -0.1932
vn -0.5315 0.0527 0.8454
vn -0.4997 0.3611 0.7874
vn -0.9251 0.0415 -0.3774
vn -0.9461 -0.0077 -0.3239
vn -0.5316 0.0529 0.8453
vn -0.4978 -0.0528 0.8657
vn -0.4828 0.2612 0.8359
vn -0.4996 0.3611 0.7874
vn -0.4995 0.3612 0.7874
vn -0.4219 0.6302 0.6519
vn -0.9201 0.0903 -0.3811
vn -0.9252 0.0416 -0.3771
vn -0.4828 0.2613 0.8358
vn -0.4183 0.5436 0.7277
vn -0.4219 0.6301 0.6519
vn -0.3294 0.8064 0.4911
vn -0.9058 0.1575 -0.3934
vn -0.4219 0.6302 0.6518
vn -0.4183 0.5437 0.7276
vn -0.2909 0.8094 0.5101
vn -0.3294 0.8064 0.4912
vn -0.9058 0.1573 -0.3933
vn -0.3296 0.8063 0.4911
vn -0.2203 0.9337 0.2824
vn -0.8795 0.1468 -0.4527
vn -0.2208 0.9336 0.2823
vn -0.2908 0.8095 0.5100
vn -0.1299 0.9661 0.2231
vn -0.0603 0.9979 0.0241
vn -0.8599 0.1390 -0.4912
vn -0.8796 0.1462 -0.4527
vn -0.0604 0.9979 0.0241
vn 0.0283 0.9985 -0.0458
vn -0.0602 0.9979 0.0241
vn 0.1054 0.9650 -0.2402
vn -0.8076 0.2199 -0.5472
vn -0.8599 0.1391 -0.4911
vn 0.1055 0.9650 -0.2401
vn -0.0604 0.9979 0.0240
vn 0.0284 0.9985 -0.0459
vn 0.1782 0.9334 -0.3115
vn 0.1056 0.9650 -0.2399
vn 0.2401 0.8373 -0.4913
vn -0.8152 0.1086 -0.5688
vn 0.2403 0.8373 -0.4911
vn 0.1055 0.9650 -0.2402
vn 0.3146 0.7782 -0.5434
vn -0.8150 0.1093 -0.5690
vn 0.2407 0.8373 -0.4909
vn 0.3579 0.6282 -0.6908
vn -0.7870 0.0863 -0.6109
vn 0.3583 0.6282 -0.6907
vn 0.2404 0.8372 -0.4912
vn -0.7864 0.0868 -0.6116
vn 0.3588 0.6281 -0.6905
vn 0.4244 0.3539 -0.8335
vn -0.7847 0.0490 -0.6180
vn 0.4244 0.3539 -0.8334
vn 0.3583 0.6281 -0.6907
vn 0.4201 0.5422 -0.7277
vn 0.4248 0.3539 -0.8332
vn 0.4744 0.0526 -0.8788
vn -0.7727 -0.0000 -0.6348
vn -0.7842 0.0490 -0.6185
vn 0.4749 0.0526 -0.8785
vn 0.4245 0.3539 -0.8334
vn 0.4834 0.2602 -0.8359
vn 0.4978 -0.0525 -0.8657
vn -0.7728 -0.0000 -0.6347
vn 0.4743 0.0524 -0.8788
vn 0.4505 -0.2590 -0.8544
vn -0.7810 -0.0565 -0.6219
vn 0.4502 -0.2591 -0.8545
vn 0.4749 0.0525 -0.8785
vn -0.7812 -0.0566 -0.6218
vn 0.4506 -0.2591 -0.8543
vn 0.3882 -0.5420 -0.7453
vn -0.7748 -0.1164 -0.6214
vn 0.3882 -0.5419 -0.7454
vn 0.4502 -0.2592 -0.8545
vn 0.4675 -0.3574 -0.8085
vn 0.3889 -0.6307 -0.6715
vn -0.7744 -0.1170 -0.6218
vn 0.3889 -0.5421 -0.7449
vn 0.2789 -0.7761 -0.5656
vn -0.8095 -0.1309 -0.5723
vn 0.2792 -0.7762 -0.5653
vn 0.3882 -0.5420 -0.7454
vn 0.3888 -0.6308 -0.6715
vn 0.2710 -0.8389 -0.4720
vn -0.8094 -0.1313 -0.5725
vn 0.2791 -0.7762 -0.5654
vn 0.1484 -0.9330 -0.3279
vn -0.8386 -0.1316 -0.5287
vn 0.1484 -0.9329 -0.3281
vn -0.8386 -0.1313 -0.5286
vn 0.1482 -0.9330 -0.3281
vn -0.0092 -0.9980 -0.0632
vn -0.8582 -0.1615 -0.4873
vn -0.0094 -0.9979 -0.0633
vn 0.1483 -0.9330 -0.3280
vn 0.1278 -0.9664 -0.2231
vn -0.0245 -0.9986 0.0458
vn -0.8582 -0.1611 -0.4874
vn -0.0096 -0.9979 -0.0634
vn -0.1618 -0.9651 0.2061
vn -0.8830 -0.1500 -0.4448
vn -0.1616 -0.9651 0.2060
vn -0.0095 -0.9980 -0.0633
vn -0.0246 -0.9986 0.0459
vn -0.1819 -0.9327 0.3115
vn -0.8830 -0.1501 -0.4448
vn -0.3069 -0.8372 0.4527
vn -0.3069 -0.8372 0.4526
vn -0.1617 -0.9651 0.2061
vn -0.1819 -0.9326 0.3116
vn -0.3133 -0.7788 0.5434
vn -0.9057 -0.1241 -0.4054
vn -0.4354 -0.5885 0.6812
vn -0.9171 -0.0866 -0.3892
vn -0.4355 -0.5886 0.6811
vn -0.3134 -0.7787 0.5435
vn -0.4018 -0.5903 0.7001
vn -0.5182 -0.2555 0.8162
vn -0.9234 -0.0451 -0.3812
vn -0.9171 -0.0867 -0.3892
vn -0.4355 -0.5885 0.6812
vn -0.4017 -0.5902 0.7001
vn -0.4689 -0.3557 0.8085
vn -0.5183 -0.2556 0.8161
vn -0.5184 -0.2556 0.8161
vn -0.5315 0.0529 0.8454
vn -0.9461 -0.0075 -0.3239
vn -0.9233 -0.0451 -0.3813
vn -0.5183 -0.2555 0.8162
vn -0.4689 -0.3556 0.8085
vn -0.4978 -0.0529 0.8657
vn -0.5317 0.0528 0.8453
vn -0.9229 -0.0001 -0.3852
vn -0.8172 0.0187 -0.5760
vn -0.9803 -0.1950 0.0328
vn -0.9899 -0.0000 0.1415
vn -0.6095 -0.0001 -0.7928
vn -0.9228 -0.0001 -0.3852
vn -0.8441 -0.0039 -0.5361
vn -0.6193 -0.1162 -0.7765
vn -0.3874 -0.1890 -0.9023
vn -0.4864 -0.3497 -0.8007
vn -0.8686 -0.0227 -0.4949
vn -0.8527 0.0339 -0.5212
vn -0.9453 -0.3224 -0.0502
vn -0.9802 -0.1950 0.0327
vn -0.8172 0.0186 -0.5760
vn -0.8775 0.0039 -0.4796
vn -0.8775 -0.0041 -0.4796
vn -0.8863 0.4507 -0.1069
vn -0.8060 0.5411 -0.2401
vn -0.7985 -0.0377 -0.6008
vn -0.8857 0.0075 -0.4642
vn -0.3874 -0.1889 -0.9023
vn -0.8775 0.0037 -0.4796
vn -0.8863 -0.4506 -0.1068
vn -0.9452 -0.3226 -0.0502
vn -0.8528 0.0337 -0.5212
vn -0.8775 -0.0036 -0.4796
vn -0.8298 -0.0640 -0.5544
vn -0.9523 0.3047 -0.0153
vn -0.8862 0.4508 -0.1069
vn -0.8856 0.0075 -0.4643
vn -0.4394 0.1972 -0.8764
vn -0.4227 0.0188 -0.9061
vn -0.8790 -0.1242 -0.4604
vn -0.7989 -0.5602 -0.2188
vn -0.8863 -0.4506 -0.1069
vn -0.8774 0.0041 -0.4797
vn -0.8442 -0.0038 -0.5361
vn -0.9873 0.1580 0.0196
vn -0.9524 0.3045 -0.0153
vn -0.8298 -0.0644 -0.5544
vn -0.8953 -0.0641 -0.4408
vn -0.5349 0.2994 -0.7901
vn -0.4395 0.1973 -0.8763
vn -0.8584 0.1350 -0.4949
vn -0.7307 -0.5552 -0.3973
vn -0.7991 -0.5600 -0.2190
vn -0.9229 -0.0000 -0.3851
vn -0.9899 -0.0001 0.1415
vn -0.9873 0.1578 0.0197
vn -0.8442 -0.0037 -0.5360
vn -0.8380 0.0490 -0.5434
vn -0.5252 0.4838 -0.7001
vn -0.5350 0.2993 -0.7900
vn -0.8953 -0.0642 -0.4408
vn -0.6315 -0.5496 -0.5470
vn -0.8583 0.1348 -0.4951
vn -0.6147 0.5785 -0.5361
vn -0.5501 -0.4740 -0.6876
vn -0.6312 -0.5498 -0.5472
vn -0.8597 -0.0679 -0.5063
vn -0.8752 0.0116 -0.4836
vn -0.7192 0.5728 -0.3933
vn -0.6148 0.5784 -0.5362
vn -0.4227 0.0189 -0.9061
vn -0.4393 0.1973 -0.8764
vn -0.2881 0.1852 -0.9395
vn -0.2787 -0.0299 -0.9599
vn -0.6146 0.5787 -0.5361
vn -0.7191 0.5730 -0.3932
vn -0.6094 0.6908 -0.3892
vn -0.4998 0.6500 -0.5725
vn -0.5250 0.4838 -0.7002
vn -0.4200 0.5620 -0.7126
vn -0.3431 0.4096 -0.8453
vn -0.5347 0.2995 -0.7902
vn -0.7307 -0.5552 -0.3972
vn -0.6095 -0.6907 -0.3891
vn -0.7155 -0.6688 -0.2017
vn -0.7989 -0.5601 -0.2189
vn -0.9523 0.3047 -0.0152
vn -0.9872 0.1580 0.0198
vn -0.9540 0.2137 0.2104
vn -0.8944 0.4343 0.1069
vn -0.8060 0.5410 -0.2401
vn -0.8861 0.4511 -0.1069
vn -0.8139 0.5803 -0.0284
vn -0.7155 0.6688 -0.2018
vn -0.5500 -0.4741 -0.6875
vn -0.4071 -0.5399 -0.7367
vn -0.4998 -0.6500 -0.5725
vn -0.6312 -0.5499 -0.5470
vn -0.9803 -0.1949 0.0328
vn -0.9452 -0.3227 -0.0501
vn -0.9036 -0.4100 0.1242
vn -0.9590 -0.1801 0.2188
vn -0.6311 -0.5498 -0.5471
vn -0.4999 -0.6499 -0.5725
vn -0.6094 -0.6907 -0.3893
vn -0.7306 -0.5553 -0.3974
vn -0.6147 0.5787 -0.5360
vn -0.4998 0.6500 -0.5724
vn -0.4201 0.5620 -0.7125
vn -0.3873 -0.1890 -0.9024
vn -0.2927 -0.2145 -0.9318
vn -0.3373 -0.3800 -0.8613
vn -0.4862 -0.3497 -0.8008
vn -0.9899 -0.0000 0.1416
vn -0.9590 -0.1801 0.2189
vn -0.9708 -0.0000 0.2401
vn -0.5316 0.8453 -0.0546
vn -0.5741 0.8184 0.0240
vn -0.4451 0.8715 -0.2061
vn -0.3985 0.8713 -0.2865
vn -0.9707 0.0001 0.2401
vn -0.9540 0.2135 0.2104
vn -0.9873 0.1578 0.0198
vn -0.3986 0.8712 -0.2865
vn -0.4451 0.8714 -0.2061
vn -0.3067 0.8415 -0.4448
vn -0.2650 0.8136 -0.5175
vn 0.0131 -0.0000 -0.9999
vn -0.0093 0.2716 -0.9624
vn -0.0094 0.2716 -0.9624
vn -0.8379 -0.2675 0.4759
vn -0.8379 -0.2673 0.4758
vn -0.8579 -0.0000 0.5138
vn -0.8579 -0.0001 0.5139
vn -0.7571 0.5575 0.3405
vn -0.7855 0.4811 0.3892
vn -0.6953 0.6818 0.2274
vn -0.6543 0.7384 0.1632
vn -0.5316 -0.8453 -0.0546
vn -0.4249 -0.8717 -0.2443
vn -0.5741 -0.8184 0.0240
vn -0.8379 0.2675 0.4759
vn -0.8579 0.0001 0.5139
vn -0.8379 0.2674 0.4758
vn -0.6544 0.7384 0.1631
vn -0.6951 0.6820 0.2273
vn -0.5741 0.8184 0.0241
vn -0.5317 0.8452 -0.0546
vn -0.6784 -0.7065 0.2018
vn -0.6785 -0.7064 0.2019
vn -0.7768 -0.5103 0.3690
vn -0.7767 -0.5105 0.3689
vn 0.0130 -0.0000 -0.9999
vn -0.0094 -0.2716 -0.9624
vn -0.8379 0.2675 0.4758
vn -0.7572 0.5575 0.3404
vn 0.8605 0.1354 0.4911
vn 0.8105 0.2092 0.5471
vn 0.8567 0.0453 0.5138
vn 0.8655 0.0455 0.4988
vn 0.8181 0.1055 0.5653
vn 0.8503 0.0379 0.5249
vn 0.8104 0.2093 0.5472
vn 0.8721 0.0453 0.4872
vn 0.8793 0.1354 0.4566
vn 0.9035 0.1503 0.4013
vn 0.8808 0.0377 0.4720
vn 0.9191 0.0829 0.3852
vn 0.8808 0.0378 0.4720
vn 0.8854 0.0227 0.4643
vn 0.9220 0.0377 0.3853
vn 0.9191 0.0829 0.3853
vn 0.8854 0.0226 0.4642
vn 0.8875 0.0151 0.4605
vn 0.9221 0.0377 0.3852
vn 0.8876 0.0152 0.4604
vn 0.8877 -0.0000 0.4604
vn 0.9432 -0.0076 0.3322
vn 0.9200 -0.0453 0.3892
vn 0.8876 -0.0152 0.4604
vn 0.8876 -0.0151 0.4604
vn 0.8832 -0.0301 0.4681
vn 0.9157 -0.0829 0.3932
vn 0.9044 -0.1205 0.4092
vn 0.8788 -0.0380 0.4756
vn 0.8821 -0.1429 0.4488
vn 0.8699 -0.0452 0.4912
vn 0.8602 -0.1503 0.4873
vn 0.8634 -0.0454 0.5024
vn 0.8391 -0.1280 0.5287
vn 0.8567 -0.0453 0.5138
vn 0.8391 -0.1279 0.5288
vn 0.8525 -0.0377 0.5213
vn 0.8124 -0.1278 0.5689
vn 0.8525 -0.0376 0.5213
vn 0.8459 -0.0301 0.5324
vn 0.7780 -0.1129 0.6181
vn 0.7844 -0.0528 0.6180
vn 0.8418 -0.0150 0.5396
vn 0.7752 -0.0000 0.6317
vn 0.8418 -0.0000 0.5399
vn 0.8418 -0.0000 0.5398
vn 0.8417 0.0151 0.5398
vn 0.7902 0.0453 0.6112
vn 0.7925 0.0829 0.6042
vn 0.8460 0.0301 0.5324
vn 0.8181 0.1054 0.5653
vn 0.8502 0.0377 0.5250
vn 0.4073 -0.1836 0.8947
vn 0.4428 0.0152 0.8965
vn 0.2996 -0.0302 0.9536
vn 0.3173 -0.2074 0.9254
vn -0.8667 -0.0000 -0.4989
vn -0.8668 -0.0000 -0.4986
vn -0.8666 -0.0000 -0.4989
vn 0.8885 -0.0756 0.4526
vn 0.8382 0.0452 0.5435
vn 0.8936 -0.0605 0.4448
vn 0.8932 -0.0304 0.4487
vn 0.8764 0.1280 0.4643
vn 0.8597 -0.0680 0.5063
vn 0.8595 0.1279 0.4949
vn 0.8615 -0.0377 0.5063
vn 0.8885 -0.0755 0.4526
vn 0.8691 -0.1205 0.4797
vn 0.8552 0.0679 0.5138
vn 0.8382 0.0453 0.5435
vn 0.8506 -0.0301 0.5250
vn 0.8813 0.0227 0.4720
vn 0.8597 -0.0679 0.5063
vn 0.8599 -0.0225 0.5099
vn 0.8753 0.0075 0.4835
vn 0.8552 0.0678 0.5139
vn 0.8841 0.0528 0.4643
vn 0.8687 -0.0229 0.4949
vn 0.8813 0.0226 0.4720
vn 0.8505 -0.0300 0.5251
vn 0.7668 -0.0000 0.6419
vn 0.8361 0.0378 0.5473
vn 0.8198 0.0151 0.5725
vn 0.9212 -0.0000 0.3891
vn 0.8598 -0.0227 0.5101
vn 0.8327 -0.1057 0.5435
vn 0.8774 -0.0000 0.4797
vn 0.8753 0.0076 0.4834
vn 0.9358 0.0529 0.3486
vn 0.8012 -0.0379 0.5972
vn 0.8687 -0.0226 0.4949
vn 0.8841 0.0532 0.4642
vn 0.8362 0.0378 0.5471
vn 0.8964 -0.0453 0.4409
vn 0.8529 0.0302 0.5212
vn 0.8199 0.0151 0.5723
vn 0.8327 -0.1056 0.5435
vn 0.8361 -0.0380 0.5473
vn 0.8753 -0.0076 0.4836
vn 0.8775 0.0001 0.4796
vn 0.8361 0.0379 0.5472
vn 0.8753 0.0075 0.4836
vn 0.8528 0.0303 0.5213
vn 0.8964 -0.0450 0.4409
vn 0.8362 -0.0379 0.5471
vn 0.8319 -0.0230 0.5544
vn 0.8300 -0.0604 0.5544
vn 0.8753 -0.0074 0.4835
vn 0.9192 -0.0226 0.3932
vn 0.8623 0.0076 0.5063
vn 0.8837 0.0075 0.4681
vn 0.8224 -0.0000 0.5689
vn 0.8355 0.1205 0.5361
vn 0.8775 -0.1206 0.4642
vn 0.8319 -0.0228 0.5545
vn 0.9030 0.0224 0.4291
vn 0.8464 -0.0000 0.5325
vn 0.8300 -0.0602 0.5545
vn 0.8932 -0.0303 0.4487
vn 0.8624 0.0074 0.5062
vn 0.9192 -0.0227 0.3932
vn 0.7417 0.1575 0.6520
vn 0.7830 0.1726 0.5976
vn 0.8885 -0.0754 0.4526
vn 0.8933 -0.0302 0.4484
vn 0.7030 0.0829 0.7064
vn 0.7380 -0.0000 0.6748
vn 0.8052 -0.2457 0.5398
vn 0.8446 -0.2532 0.4718
vn 0.7031 0.0828 0.7063
vn 0.7420 0.1573 0.6517
vn 0.7030 -0.0828 0.7063
vn 0.7419 -0.1572 0.6518
vn 0.7906 0.2601 0.5544
vn 0.8459 0.2169 0.4873
vn 0.9550 -0.0905 0.2823
vn 0.9331 -0.1277 0.3363
vn 0.7418 -0.1575 0.6519
vn 0.7714 -0.2091 0.6009
vn 0.9697 0.0001 0.2444
vn 0.9551 -0.0902 0.2823
vn 0.7716 -0.2090 0.6008
vn 0.8667 -0.0001 0.4988
vn 0.9446 0.1356 0.2991
vn 0.9478 0.0680 0.3115
vn 0.7030 -0.0829 0.7063
vn 0.7381 -0.0000 0.6747
vn 0.8444 -0.2533 0.4721
vn 0.8844 -0.2314 0.4054
vn 0.8668 -0.0001 0.4987
vn 0.9697 -0.0001 0.2444
vn 0.9478 0.0676 0.3115
vn 0.9183 0.1949 0.3445
vn 0.9446 0.1352 0.2990
vn 0.8844 -0.2314 0.4053
vn 0.9183 -0.1948 0.3445
vn 0.8763 0.2604 0.4053
vn 0.8459 0.2167 0.4873
vn 0.9183 -0.1949 0.3445
vn 0.9331 -0.1276 0.3363
vn 0.8763 0.2605 0.4053
vn 0.8668 0.0001 0.4987
vn 0.9184 0.1948 0.3445
vn 0.8667 0.0001 0.4988
vn 0.7834 0.1725 0.5971
vn 0.8599 -0.0227 0.5100
vn 0.8328 -0.1055 0.5435
vn 0.8319 -0.0225 0.5545
vn 0.8361 -0.0374 0.5472
vn 0.8690 -0.1204 0.4799
vn 0.8885 -0.0753 0.4527
vn 0.8362 -0.0377 0.5471
vn 0.8328 -0.1053 0.5435
vn 0.8964 -0.0454 0.4408
vn 0.8362 0.0375 0.5472
vn 0.8362 0.0377 0.5471
vn 0.8355 0.1203 0.5362
vn 0.9030 0.0227 0.4291
vn 0.7668 0.0003 0.6418
vn 0.8615 -0.0381 0.5063
vn 0.9358 0.0528 0.3486
vn 0.9030 0.0228 0.4291
vn 0.8319 -0.0227 0.5545
vn 0.8764 0.1279 0.4643
vn 0.8505 -0.0303 0.5251
vn 0.8362 0.0377 0.5472
vn 0.7668 -0.0003 0.6419
vn 0.8506 -0.0303 0.5250
vn 0.8842 0.0529 0.4640
vn 0.8964 -0.0454 0.4409
vn 0.8362 0.0374 0.5471
vn 0.8598 -0.0226 0.5101
vn 0.8691 -0.1204 0.4798
vn 0.9357 0.0528 0.3488
vn 0.8932 -0.0301 0.4486
vn 0.9191 -0.0224 0.3933
vn 0.8223 -0.0000 0.5690
vn 0.9191 -0.0227 0.3934
vn 0.8615 -0.0379 0.5064
vn 0.8763 0.1278 0.4646
vn 0.9432 -0.0075 0.3323
vn 0.9679 0.0378 -0.2486
vn 0.9442 0.2536 -0.2104
vn 0.9190 0.0832 0.3854
vn 0.9221 0.0377 0.3851
vn 0.9441 0.2536 -0.2104
vn 0.8884 0.4443 -0.1154
vn 0.9035 0.1504 0.4013
vn 0.8885 0.4441 -0.1155
vn 0.8230 0.5681 0.0021
vn 0.8605 0.1353 0.4912
vn 0.8793 0.1353 0.4566
vn 0.7259 0.6671 0.1675
vn 0.6001 0.6989 0.3892
vn 0.8104 0.2095 0.5472
vn 0.8606 0.1352 0.4911
vn 0.6002 0.6988 0.3892
vn 0.5096 0.6670 0.5435
vn 0.8180 0.1055 0.5655
vn 0.4241 0.5892 0.6877
vn 0.3459 0.4404 0.8285
vn 0.7926 0.0827 0.6041
vn 0.7926 0.0828 0.6041
vn 0.3458 0.4403 0.8286
vn 0.2847 0.2182 0.9334
vn 0.7900 0.0453 0.6114
vn 0.7747 0.0001 0.6323
vn 0.7907 0.0452 0.6105
vn 0.2854 0.2181 0.9333
vn 0.2669 0.0001 0.9637
vn 0.7753 -0.0001 0.6316
vn 0.2678 -0.0001 0.9635
vn 0.2777 -0.1853 0.9426
vn 0.7839 -0.0529 0.6186
vn 0.7843 -0.0529 0.6181
vn 0.2782 -0.1855 0.9424
vn 0.3206 -0.3845 0.8657
vn 0.7780 -0.1128 0.6180
vn 0.7778 -0.1130 0.6182
vn 0.3203 -0.3847 0.8657
vn 0.3957 -0.5444 0.7396
vn 0.8125 -0.1276 0.5688
vn 0.8123 -0.1278 0.5690
vn 0.3954 -0.5445 0.7397
vn 0.4902 -0.6575 0.5722
vn 0.8394 -0.1276 0.5283
vn 0.8391 -0.1279 0.5287
vn 0.4897 -0.6576 0.5725
vn 0.6003 -0.6987 0.3892
vn 0.8603 -0.1501 0.4872
vn 0.8602 -0.1504 0.4873
vn 0.6001 -0.6989 0.3892
vn 0.7090 -0.6770 0.1975
vn 0.8822 -0.1429 0.4488
vn 0.8821 -0.1434 0.4487
vn 0.7086 -0.6774 0.1975
vn 0.8097 -0.5864 0.0241
vn 0.9044 -0.1203 0.4093
vn 0.9044 -0.1204 0.4093
vn 0.8097 -0.5863 0.0240
vn 0.9024 -0.4099 -0.1328
vn 0.9157 -0.0827 0.3933
vn 0.9157 -0.0825 0.3933
vn 0.9025 -0.4096 -0.1328
vn 0.9560 -0.1802 -0.2317
vn 0.9200 -0.0452 0.3893
vn 0.9560 -0.1800 -0.2316
vn 0.9212 -0.0000 0.3892
vn 0.8198 0.0152 0.5725
vn 0.9822 -0.1877 -0.0109
vn 0.9928 -0.0001 -0.1198
vn 0.9211 0.0001 0.3892
vn 0.8465 -0.0000 0.5325
vn 0.9030 0.0226 0.4291
vn 0.8775 -0.0003 0.4796
vn 0.8148 0.5218 0.2528
vn 0.7284 0.5553 0.4013
vn 0.8010 -0.0379 0.5974
vn 0.4075 -0.1836 0.8946
vn 0.5006 -0.3414 0.7955
vn 0.8684 -0.0228 0.4954
vn 0.8529 0.0301 0.5213
vn 0.9474 -0.3119 0.0721
vn 0.9822 -0.1876 -0.0108
vn 0.8197 0.0152 0.5725
vn 0.8775 -0.0000 0.4796
vn 0.8753 -0.0076 0.4835
vn 0.8912 0.4375 0.1199
vn 0.8147 0.5219 0.2528
vn 0.8011 -0.0378 0.5973
vn 0.8837 0.0074 0.4681
vn 0.4427 0.0151 0.8966
vn 0.4073 -0.1835 0.8947
vn 0.8753 0.0076 0.4835
vn 0.8912 -0.4374 0.1199
vn 0.9475 -0.3117 0.0721
vn 0.8529 0.0303 0.5212
vn 0.8754 -0.0076 0.4834
vn 0.8301 -0.0604 0.5544
vn 0.9541 0.2972 0.0371
vn 0.8912 0.4374 0.1199
vn 0.8836 0.0076 0.4682
vn 0.8625 0.0075 0.5061
vn 0.4586 0.1914 0.8678
vn 0.4425 0.0152 0.8967
vn 0.8775 -0.1205 0.4643
vn 0.8082 -0.5414 0.2317
vn 0.8912 -0.4376 0.1199
vn 0.8465 -0.0000 0.5324
vn 0.9886 0.1505 0.0022
vn 0.9541 0.2972 0.0372
vn 0.8300 -0.0605 0.5545
vn 0.8623 0.0077 0.5064
vn 0.8936 -0.0604 0.4448
vn 0.5513 0.2907 0.7820
vn 0.4584 0.1916 0.8678
vn 0.9928 -0.0000 -0.1198
vn 0.9886 0.1504 0.0022
vn 0.8465 -0.0001 0.5324
vn 0.8382 0.0454 0.5435
vn 0.5406 0.4710 0.6971
vn 0.5514 0.2907 0.7820
vn 0.8936 -0.0601 0.4448
vn 0.6450 -0.5298 0.5508
vn 0.7400 -0.5367 0.4053
vn 0.8594 0.1275 0.4951
vn 0.8552 0.0679 0.5139
vn 0.6289 0.5594 0.5399
vn 0.5406 0.4711 0.6970
vn 0.8382 0.0455 0.5434
vn 0.5651 -0.4607 0.6844
vn 0.6447 -0.5301 0.5507
vn 0.8596 -0.0683 0.5063
vn 0.8752 0.0080 0.4837
vn 0.7284 0.5554 0.4013
vn 0.6292 0.5592 0.5398
vn 0.4425 0.0151 0.8966
vn 0.4587 0.1915 0.8677
vn 0.3102 0.1805 0.9334
vn 0.2993 -0.0302 0.9537
vn 0.6289 0.5595 0.5398
vn 0.7283 0.5555 0.4012
vn 0.6237 0.6731 0.3973
vn 0.5165 0.6335 0.5761
vn 0.4391 0.5473 0.7125
vn 0.3634 0.3967 0.8429
vn 0.5514 0.2905 0.7820
vn 0.8082 -0.5415 0.2316
vn 0.7251 -0.6543 0.2146
vn 0.8217 -0.5681 0.0459
vn 0.8911 -0.4377 0.1198
vn 0.5007 -0.3414 0.7955
vn 0.3573 -0.3719 0.8567
vn 0.4278 -0.5280 0.7336
vn 0.5647 -0.4611 0.6845
vn 0.8911 -0.4376 0.1198
vn 0.8216 -0.5682 0.0458
vn 0.9119 -0.3962 -0.1068
vn 0.9474 -0.3118 0.0720
vn 0.7401 -0.5367 0.4053
vn 0.6237 -0.6732 0.3973
vn 0.8083 -0.5413 0.2316
vn 0.8912 0.4376 0.1198
vn 0.9013 0.4239 -0.0894
vn 0.8217 0.5681 0.0458
vn 0.9541 0.2973 0.0371
vn 0.9886 0.1508 0.0022
vn 0.9593 0.2099 -0.1889
vn 0.9015 0.4235 -0.0895
vn 0.8146 0.5220 0.2528
vn 0.8911 0.4377 0.1198
vn 0.8217 0.5681 0.0459
vn 0.7251 0.6543 0.2146
vn 0.5650 -0.4610 0.6844
vn 0.4279 -0.5279 0.7337
vn 0.5164 -0.6337 0.5761
vn 0.6448 -0.5301 0.5507
vn 0.7251 0.6544 0.2146
vn 0.6237 0.6732 0.3973
vn 0.9474 -0.3119 0.0720
vn 0.9120 -0.3961 -0.1069
vn 0.9636 -0.1801 -0.1974
vn 0.6448 -0.5300 0.5508
vn 0.5164 -0.6335 0.5761
vn 0.6238 -0.6731 0.3972
vn 0.7400 -0.5369 0.4051
vn 0.4585 0.1914 0.8679
vn 0.5511 0.2906 0.7822
vn 0.3633 0.3967 0.8430
vn 0.3103 0.1805 0.9333
vn 0.5406 0.4712 0.6970
vn 0.6289 0.5596 0.5397
vn 0.5163 0.6337 0.5761
vn 0.4392 0.5472 0.7125
vn 0.3176 -0.2074 0.9253
vn 0.3571 -0.3719 0.8568
vn 0.5004 -0.3414 0.7957
vn 0.9928 -0.0001 -0.1199
vn 0.9822 -0.1876 -0.0110
vn 0.9636 -0.1802 -0.1975
vn 0.9758 -0.0001 -0.2189
vn 0.8686 -0.0226 0.4950
vn 0.5010 -0.3412 0.7954
vn 0.5650 -0.4608 0.6844
vn 0.8812 0.0226 0.4723
vn 0.5472 0.8346 0.0633
vn 0.5926 0.8054 -0.0109
vn 0.4571 0.8621 0.2188
vn 0.4145 0.8610 0.2948
vn 0.9928 -0.0000 -0.1199
vn 0.9758 0.0001 -0.2188
vn 0.9593 0.2098 -0.1889
vn 0.9886 0.1503 0.0021
vn 0.4144 0.8610 0.2949
vn 0.4570 0.8621 0.2189
vn 0.3231 0.8332 0.4487
vn 0.2818 0.8031 0.5250
vn 0.0733 -0.4643 0.8826
vn 0.0265 -0.2663 0.9635
vn 0.0978 -0.5401 0.8359
vn 0.0043 -0.0000 1.0000
vn 0.0266 0.2662 0.9635
vn 0.0264 0.2663 0.9635
vn 0.0042 0.0001 1.0000
vn 0.1610 0.6668 0.7277
vn 0.2013 0.7222 0.6618
vn 0.0978 0.5402 0.8358
vn 0.0733 0.4643 0.8826
vn 0.8486 -0.2674 -0.4565
vn 0.8486 -0.2673 -0.4565
vn 0.8689 -0.0000 -0.4949
vn 0.8689 -0.0001 -0.4950
vn 0.7689 0.5512 -0.3240
vn 0.7975 0.4741 -0.3730
vn 0.7046 0.6764 -0.2146
vn 0.6712 0.7259 -0.1502
vn 0.2816 0.8031 0.5250
vn 0.3232 0.8331 0.4488
vn 0.2014 0.7222 0.6617
vn 0.1611 0.6668 0.7276
vn 0.1814 -0.7000 0.6907
vn 0.0734 -0.4643 0.8826
vn 0.0978 -0.5402 0.8358
vn 0.1813 -0.7000 0.6908
vn 0.6909 -0.6990 -0.1846
vn 0.5472 -0.8346 0.0633
vn 0.5926 -0.8054 -0.0110
vn 0.4386 -0.8624 0.2528
vn 0.4384 -0.8625 0.2528
vn 0.5925 -0.8055 -0.0109
vn 0.8486 0.2674 -0.4565
vn 0.8689 0.0001 -0.4949
vn 0.8486 0.2673 -0.4565
vn 0.2816 -0.8080 0.5176
vn 0.3299 -0.8347 0.4410
vn 0.8486 -0.2675 -0.4565
vn 0.7864 -0.5070 -0.3527
vn 0.7865 -0.5070 -0.3528
vn 0.6712 0.7259 -0.1501
vn 0.7045 0.6765 -0.2146
vn 0.0976 0.5402 0.8359
vn 0.0265 0.2663 0.9635
vn 0.0044 -0.0000 1.0000
vn 0.0044 -0.0001 1.0000
vn 0.2958 0.8077 -0.5100
vn 0.1279 0.9664 -0.2232
vn 0.2957 0.8077 -0.5100
vn -0.4828 0.2614 0.8358
vn -0.4689 0.3556 0.8085
vn -0.3878 0.6313 0.6716
vn -0.2731 -0.8382 0.4720
vn -0.1299 -0.9661 0.2232
vn -0.1819 -0.9326 0.3115
vn -0.3134 -0.7788 0.5434
vn 0.4675 0.3574 -0.8085
vn 0.3889 0.6307 -0.6715
vn -0.1819 0.9327 0.3115
vn -0.3133 0.7788 0.5434
vn -0.2731 0.8382 0.4720
vn -0.1299 0.9661 0.2232
vn -0.4643 -0.3616 0.8085
vn -0.3879 -0.6314 0.6715
vn -0.4183 -0.5436 0.7277
vn -0.4828 -0.2613 0.8359
vn 0.1279 -0.9663 -0.2232
vn 0.4028 -0.5895 -0.7002
vn 0.4028 -0.5896 -0.7001
vn 0.1278 0.9664 -0.2231
vn -0.0245 0.9987 0.0458
vn -0.4979 -0.0527 0.8657
vn -0.4978 0.0529 0.8657
vn -0.4689 0.3555 0.8085
vn -0.1299 -0.9661 0.2231
vn 0.0283 -0.9986 -0.0458
vn 0.4202 0.5423 -0.7276
vn 0.2958 0.8077 -0.5101
vn -0.3134 0.7787 0.5435
vn -0.3878 0.6314 0.6715
vn -0.2732 0.8382 0.4721
vn -0.3878 -0.6315 0.6715
vn -0.4184 -0.5436 0.7276
vn 0.4027 -0.5897 -0.7001
vn -0.0246 0.9986 0.0459
vn -0.1298 0.9661 0.2231
vn -0.4828 -0.2612 0.8359
vn -0.4978 0.0528 0.8657
vn 0.8485 0.2674 -0.4566
vn 0.7975 0.4742 -0.3731
vn 0.7690 0.5511 -0.3240
vn 0.4834 -0.2602 -0.8359
vn 0.4676 -0.3573 -0.8085
vn 0.4979 -0.0527 -0.8657
vn 0.4979 0.0525 -0.8657
vn 0.0283 -0.9985 -0.0459
vn 0.1782 -0.9334 -0.3115
vn 0.8146 0.1130 0.5689
vn 0.8503 0.0378 0.5249
vn 0.8085 0.2165 0.5471
vn 0.8593 0.1428 0.4911
vn 0.8085 0.2166 0.5471
vn 0.8651 0.0528 0.4987
vn 0.8721 0.0454 0.4873
vn 0.8802 0.1428 0.4527
vn 0.9058 0.1578 0.3933
vn 0.8808 0.0380 0.4720
vn 0.9201 0.0905 0.3812
vn 0.9058 0.1579 0.3933
vn 0.8852 0.0300 0.4643
vn 0.9254 0.0377 0.3771
vn 0.9201 0.0904 0.3812
vn 0.8852 0.0301 0.4643
vn 0.8876 0.0150 0.4604
vn 0.8897 -0.0000 0.4565
vn 0.9460 -0.0075 0.3240
vn 0.9234 -0.0453 0.3812
vn 0.8876 -0.0150 0.4604
vn 0.8852 -0.0303 0.4642
vn 0.9167 -0.0905 0.3892
vn 0.9052 -0.1279 0.4053
vn 0.8784 -0.0452 0.4759
vn 0.8829 -0.1503 0.4449
vn 0.8720 -0.0453 0.4874
vn 0.8588 -0.1578 0.4873
vn 0.8629 -0.0529 0.5025
vn 0.8379 -0.1354 0.5287
vn 0.8567 -0.0454 0.5138
vn 0.8567 -0.0452 0.5138
vn 0.8521 -0.0453 0.5214
vn 0.8087 -0.1354 0.5724
vn 0.8087 -0.1353 0.5725
vn 0.8459 -0.0302 0.5324
vn 0.7741 -0.1204 0.6215
vn 0.7811 -0.0603 0.6215
vn 0.8413 -0.0153 0.5403
vn 0.7725 -0.0000 0.6351
vn 0.8395 -0.0001 0.5434
vn 0.7724 -0.0000 0.6351
vn 0.8394 0.0001 0.5435
vn 0.8414 0.0153 0.5403
vn 0.7848 0.0453 0.6181
vn 0.7864 0.0905 0.6111
vn 0.8459 0.0301 0.5326
vn 0.8502 0.0377 0.5252
vn 0.3868 -0.1899 0.9024
vn 0.4227 0.0151 0.9061
vn 0.2785 -0.0301 0.9600
vn 0.2944 -0.2121 0.9318
vn -0.8666 -0.0000 -0.4990
vn 0.9112 -0.3113 0.2697
vn 0.8382 0.0449 0.5434
vn 0.8955 -0.0603 0.4409
vn 0.9627 -0.2018 0.1804
vn 0.8602 0.3604 0.3609
vn 0.8596 -0.0679 0.5064
vn 0.8583 0.1355 0.4949
vn 0.8021 0.3803 0.4604
vn 0.9112 -0.3115 0.2697
vn 0.8484 -0.3672 0.3812
vn 0.8552 0.0680 0.5138
vn 0.8382 0.0454 0.5434
vn 0.8602 0.3603 0.3609
vn 0.9113 0.3112 0.2697
vn 0.8597 -0.0676 0.5063
vn 0.8484 -0.3673 0.3812
vn 0.7885 -0.3799 0.4836
vn 0.9469 0.2468 0.2061
vn 0.8813 0.0229 0.4720
vn 0.9110 0.3119 0.2698
vn 0.6095 -0.0000 0.7928
vn 0.6242 0.1424 0.7682
vn 0.8197 0.0151 0.5725
vn 0.9228 -0.0000 0.3854
vn 0.7886 -0.3798 0.4835
vn 0.7294 -0.3574 0.5832
vn 0.8774 -0.0001 0.4797
vn 0.9819 0.1204 0.1459
vn 0.7986 -0.0379 0.6007
vn 0.8686 -0.0227 0.4949
vn 0.9470 0.2464 0.2061
vn 0.6457 0.2223 0.7305
vn 0.8196 0.0153 0.5727
vn 0.7296 -0.3574 0.5831
vn 0.6772 -0.2938 0.6746
vn 0.8774 -0.0076 0.4797
vn 0.6770 0.2938 0.6748
vn 0.8774 0.0075 0.4797
vn 0.8528 0.0303 0.5214
vn 0.6453 0.2226 0.7308
vn 0.6771 -0.2938 0.6747
vn 0.6391 -0.2011 0.7424
vn 0.8774 -0.0075 0.4797
vn 0.7398 0.3648 0.5653
vn 0.8795 -0.1205 0.4603
vn 0.8774 0.0077 0.4798
vn 0.6768 0.2940 0.6749
vn 0.6390 -0.2009 0.7425
vn 0.6184 -0.1202 0.7766
vn 0.8440 -0.0001 0.5363
vn 0.8299 -0.0604 0.5546
vn 0.9625 -0.2027 0.1803
vn 0.8955 -0.0604 0.4409
vn 0.8623 0.0074 0.5063
vn 0.9851 -0.0982 0.1415
vn 0.7399 0.3647 0.5653
vn 0.8022 0.3803 0.4603
vn 0.8583 0.1354 0.4950
vn 0.8794 -0.1205 0.4605
vn 0.7344 0.1648 0.6584
vn 0.7791 0.1798 0.6006
vn 0.6804 0.3217 0.6585
vn 0.6317 0.2224 0.7427
vn 0.8029 -0.2530 0.5398
vn 0.8422 -0.2606 0.4720
vn 0.8667 -0.0001 0.4987
vn 0.6927 0.0904 0.7155
vn 0.7322 -0.0000 0.6811
vn 0.6926 0.0904 0.7156
vn 0.7343 0.1649 0.6585
vn 0.6927 -0.0904 0.7156
vn 0.7344 -0.1649 0.6584
vn 0.7857 0.2744 0.5545
vn 0.8439 0.2244 0.4874
vn 0.9580 -0.0980 0.2697
vn 0.9345 -0.1279 0.3321
vn 0.7344 -0.1648 0.6584
vn 0.7620 -0.2238 0.6077
vn 0.9728 0.0001 0.2316
vn 0.9580 -0.0978 0.2697
vn 0.7620 -0.2237 0.6077
vn 0.8028 -0.2530 0.5399
vn 0.9461 0.1431 0.2907
vn 0.9505 0.0682 0.3032
vn 0.6926 -0.0904 0.7156
vn 0.7321 -0.0000 0.6812
vn 0.9728 -0.0001 0.2316
vn 0.9505 0.0678 0.3032
vn 0.7858 0.2743 0.5544
vn 0.7791 0.1797 0.6006
vn 0.8822 -0.2463 0.4013
vn 0.9182 0.2024 0.3404
vn 0.8822 -0.2462 0.4013
vn 0.9182 -0.2026 0.3405
vn 0.8736 0.2751 0.4013
vn 0.8439 0.2242 0.4874
vn 0.9182 -0.2024 0.3405
vn 0.9345 -0.1281 0.3322
vn 0.8736 0.2752 0.4013
vn 0.9182 0.2026 0.3405
vn 0.7364 0.3715 0.5654
vn 0.9062 0.3257 0.2697
vn 0.8576 0.3743 0.3526
vn 0.9551 -0.2317 0.1846
vn 0.9063 -0.3255 0.2697
vn 0.7956 0.3939 0.4604
vn 0.8575 0.3745 0.3526
vn 0.9062 -0.3257 0.2697
vn 0.8478 -0.3809 0.3689
vn 0.9497 0.2465 0.1932
vn 0.9063 0.3255 0.2697
vn 0.9832 0.1205 0.1372
vn 0.9928 0.0001 0.1199
vn 0.8476 -0.3813 0.3691
vn 0.7888 -0.3936 0.4721
vn 0.5989 -0.0000 0.8008
vn 0.6079 -0.1202 0.7848
vn 0.9832 0.1206 0.1372
vn 0.9497 0.2464 0.1933
vn 0.7284 -0.3710 0.5760
vn 0.6743 -0.3077 0.6713
vn 0.9855 -0.1054 0.1329
vn 0.9928 -0.0001 0.1199
vn 0.6741 -0.3077 0.6714
vn 0.6320 -0.2222 0.7424
vn 0.9551 -0.2319 0.1846
vn 0.9855 -0.1056 0.1329
vn 0.7955 0.3939 0.4604
vn 0.7366 0.3714 0.5653
vn 0.6319 -0.2225 0.7424
vn 0.6080 -0.1203 0.7848
vn 0.6318 0.2224 0.7425
vn 0.6079 0.1202 0.7848
vn 0.5990 -0.0001 0.8007
vn 0.6079 0.1202 0.7849
vn 0.7888 -0.3937 0.4721
vn 0.7282 -0.3710 0.5762
vn 0.5317 0.0526 -0.8453
vn 0.5004 0.3599 -0.7874
vn 0.9254 0.0377 0.3772
vn 0.9460 -0.0076 0.3240
vn 0.5317 0.0527 -0.8453
vn 0.4979 -0.0525 -0.8657
vn 0.4834 0.2602 -0.8358
vn 0.5005 0.3598 -0.7875
vn 0.5004 0.3598 -0.7875
vn 0.4197 0.6316 -0.6519
vn 0.9200 0.0905 0.3812
vn 0.9254 0.0376 0.3772
vn 0.4196 0.6317 -0.6518
vn 0.3296 0.8086 -0.4873
vn 0.9058 0.1576 0.3933
vn 0.9200 0.0907 0.3812
vn 0.4197 0.6317 -0.6518
vn 0.4201 0.5423 -0.7276
vn 0.2958 0.8076 -0.5101
vn 0.3294 0.8087 -0.4873
vn 0.9058 0.1580 0.3932
vn 0.3291 0.8088 -0.4874
vn 0.2226 0.9332 -0.2822
vn 0.8802 0.1426 0.4527
vn 0.2224 0.9332 -0.2823
vn 0.3293 0.8088 -0.4873
vn 0.2223 0.9332 -0.2823
vn 0.0603 0.9979 -0.0240
vn 0.8593 0.1428 0.4912
vn 0.8802 0.1428 0.4526
vn 0.0604 0.9979 -0.0241
vn -0.0245 0.9986 0.0458
vn 0.0605 0.9979 -0.0238
vn -0.1057 0.9650 0.2399
vn 0.8085 0.2170 0.5471
vn 0.8593 0.1424 0.4913
vn -0.1055 0.9650 0.2401
vn 0.8087 0.2165 0.5469
vn -0.1053 0.9651 0.2399
vn -0.2366 0.8383 0.4912
vn 0.8147 0.1127 0.5688
vn -0.2367 0.8383 0.4911
vn -0.1055 0.9650 0.2402
vn 0.8146 0.1129 0.5690
vn -0.2367 0.8383 0.4912
vn -0.3530 0.6313 0.6906
vn 0.7862 0.0907 0.6112
vn -0.3528 0.6313 0.6907
vn 0.7860 0.0905 0.6115
vn -0.3532 0.6312 0.6906
vn -0.4208 0.3583 0.8334
vn 0.7849 0.0454 0.6179
vn -0.4209 0.3582 0.8334
vn -0.3528 0.6312 0.6907
vn -0.4184 0.5436 0.7277
vn -0.4207 0.3582 0.8335
vn -0.4756 0.0489 0.8783
vn 0.7723 -0.0001 0.6352
vn 0.7850 0.0453 0.6178
vn -0.4752 0.0491 0.8785
vn -0.4209 0.3580 0.8335
vn -0.4979 -0.0528 0.8656
vn 0.7722 0.0001 0.6354
vn -0.4757 0.0492 0.8782
vn -0.4498 -0.2598 0.8545
vn 0.7812 -0.0604 0.6214
vn -0.4498 -0.2597 0.8545
vn -0.4752 0.0490 0.8785
vn 0.7811 -0.0601 0.6215
vn -0.4500 -0.2596 0.8545
vn -0.3859 -0.5433 0.7456
vn 0.7745 -0.1201 0.6211
vn -0.3863 -0.5432 0.7454
vn -0.3879 -0.6313 0.6715
vn 0.7739 -0.1206 0.6218
vn -0.3869 -0.5433 0.7451
vn -0.2773 -0.7767 0.5655
vn 0.8090 -0.1348 0.5722
vn -0.2778 -0.7767 0.5653
vn -0.3863 -0.5433 0.7454
vn 0.8086 -0.1355 0.5726
vn -0.2782 -0.7767 0.5651
vn -0.1463 -0.9333 0.3280
vn 0.8382 -0.1349 0.5284
vn -0.1467 -0.9332 0.3281
vn -0.2777 -0.7768 0.5652
vn -0.1300 -0.9661 0.2232
vn 0.8379 -0.1358 0.5287
vn -0.1472 -0.9332 0.3278
vn 0.0059 -0.9980 0.0635
vn 0.8590 -0.1573 0.4873
vn 0.0056 -0.9980 0.0634
vn -0.1466 -0.9332 0.3280
vn 0.0283 -0.9985 -0.0458
vn 0.8588 -0.1578 0.4874
vn 0.0056 -0.9980 0.0633
vn 0.1633 -0.9648 -0.2061
vn 0.8829 -0.1503 0.4448
vn 0.1633 -0.9648 -0.2060
vn 0.0057 -0.9980 0.0633
vn 0.8829 -0.1504 0.4448
vn 0.1630 -0.9649 -0.2061
vn 0.3083 -0.8367 -0.4526
vn 0.9052 -0.1278 0.4053
vn 0.1782 -0.9334 -0.3116
vn 0.3147 -0.7783 -0.5434
vn 0.3082 -0.8367 -0.4527
vn 0.4394 -0.5856 -0.6812
vn 0.9166 -0.0906 0.3893
vn 0.4394 -0.5857 -0.6811
vn 0.3147 -0.7781 -0.5435
vn 0.4395 -0.5855 -0.6812
vn 0.5152 -0.2613 -0.8163
vn 0.9234 -0.0453 0.3811
vn 0.9167 -0.0905 0.3893
vn 0.4394 -0.5855 -0.6812
vn 0.5153 -0.2614 -0.8162
vn 0.5318 0.0526 -0.8452
vn 0.9460 -0.0074 0.3242
vn 0.9234 -0.0454 0.3811
vn 0.5154 -0.2613 -0.8162
vn 0.9228 -0.0000 0.3852
vn 0.8198 0.0150 0.5725
vn 0.9803 -0.1950 -0.0327
vn 0.9899 0.0001 -0.1414
vn 0.6094 -0.0000 0.7928
vn 0.8441 -0.0000 0.5362
vn 0.8774 0.0002 0.4798
vn 0.8061 0.5408 0.2402
vn 0.7188 0.5732 0.3933
vn 0.7986 -0.0377 0.6007
vn 0.3874 -0.1898 0.9022
vn 0.4838 -0.3533 0.8007
vn 0.8684 -0.0229 0.4953
vn 0.9464 -0.3192 0.0502
vn 0.9803 -0.1949 -0.0327
vn 0.8197 0.0155 0.5725
vn 0.8860 0.4512 0.1069
vn 0.8061 0.5408 0.2401
vn 0.7985 -0.0378 0.6008
vn 0.8856 0.0076 0.4643
vn 0.4229 0.0151 0.9060
vn 0.3870 -0.1900 0.9023
vn 0.8774 0.0074 0.4797
vn 0.8858 -0.4516 0.1069
vn 0.9464 -0.3190 0.0503
vn 0.8528 0.0305 0.5213
vn 0.8774 -0.0074 0.4797
vn 0.8300 -0.0608 0.5545
vn 0.9523 0.3047 0.0153
vn 0.8858 0.4517 0.1068
vn 0.8857 0.0076 0.4643
vn 0.8621 0.0076 0.5067
vn 0.4420 0.1913 0.8764
vn 0.4232 0.0152 0.9059
vn 0.8795 -0.1206 0.4604
vn 0.7991 -0.5600 0.2189
vn 0.8860 -0.4513 0.1069
vn 0.8441 -0.0000 0.5361
vn 0.9873 0.1578 -0.0195
vn 0.9523 0.3047 0.0154
vn 0.8301 -0.0601 0.5544
vn 0.8624 0.0075 0.5062
vn 0.8955 -0.0603 0.4410
vn 0.5328 0.3032 0.7901
vn 0.4422 0.1912 0.8763
vn 0.8583 0.1356 0.4949
vn 0.7304 -0.5556 0.3972
vn 0.9899 -0.0001 -0.1414
vn 0.9873 0.1579 -0.0196
vn 0.8442 0.0002 0.5360
vn 0.8381 0.0453 0.5436
vn 0.5220 0.4871 0.7002
vn 0.5326 0.3032 0.7902
vn 0.8954 -0.0601 0.4411
vn 0.6282 -0.5533 0.5470
vn 0.7302 -0.5557 0.3974
vn 0.8582 0.1353 0.4951
vn 0.6169 0.5762 0.5361
vn 0.5220 0.4873 0.7001
vn 0.8381 0.0458 0.5436
vn 0.5469 -0.4776 0.6876
vn 0.6282 -0.5533 0.5471
vn 0.8598 -0.0679 0.5060
vn 0.8753 0.0077 0.4836
vn 0.7187 0.5734 0.3932
vn 0.6167 0.5765 0.5360
vn 0.4230 0.0151 0.9060
vn 0.4418 0.1913 0.8765
vn 0.2878 0.1857 0.9395
vn 0.2789 -0.0301 0.9599
vn 0.6166 0.5766 0.5360
vn 0.7186 0.5735 0.3932
vn 0.6059 0.6939 0.3892
vn 0.5020 0.6483 0.5724
vn 0.7991 -0.5600 0.2188
vn 0.7130 -0.6715 0.2017
vn 0.8140 -0.5802 0.0284
vn 0.8860 -0.4512 0.1068
vn 0.4837 -0.3534 0.8007
vn 0.3359 -0.3813 0.8613
vn 0.4055 -0.5413 0.7366
vn 0.5469 -0.4777 0.6875
vn 0.8860 -0.4513 0.1068
vn 0.8139 -0.5803 0.0284
vn 0.9036 -0.4101 -0.1242
vn 0.9464 -0.3190 0.0502
vn 0.7303 -0.5558 0.3972
vn 0.6059 -0.6938 0.3892
vn 0.7129 -0.6716 0.2018
vn 0.7990 -0.5601 0.2189
vn 0.8860 0.4512 0.1068
vn 0.9524 0.3045 0.0153
vn 0.8963 0.4304 -0.1068
vn 0.8139 0.5803 0.0284
vn 0.9523 0.3046 0.0152
vn 0.9872 0.1580 -0.0197
vn 0.9532 0.2170 -0.2103
vn 0.8963 0.4303 -0.1068
vn 0.8061 0.5409 0.2401
vn 0.8140 0.5802 0.0284
vn 0.7129 0.6716 0.2018
vn 0.5469 -0.4777 0.6876
vn 0.4053 -0.5414 0.7366
vn 0.5018 -0.6484 0.5725
vn 0.6281 -0.5533 0.5471
vn 0.7187 0.5735 0.3932
vn 0.7130 0.6715 0.2018
vn 0.6059 0.6938 0.3892
vn 0.9803 -0.1950 -0.0328
vn 0.9464 -0.3191 0.0502
vn 0.9036 -0.4099 -0.1242
vn 0.9590 -0.1801 -0.2188
vn 0.6280 -0.5533 0.5472
vn 0.5020 -0.6483 0.5725
vn 0.6058 -0.6939 0.3893
vn 0.7301 -0.5560 0.3974
vn 0.3473 0.4060 0.8453
vn 0.2877 0.1857 0.9395
vn 0.5219 0.4873 0.7001
vn 0.6164 0.5767 0.5362
vn 0.5018 0.6484 0.5725
vn 0.4214 0.5611 0.7124
vn 0.3869 -0.1900 0.9024
vn 0.2943 -0.2121 0.9319
vn 0.4839 -0.3532 0.8007
vn 0.9899 0.0001 -0.1416
vn 0.9802 -0.1951 -0.0328
vn 0.9590 -0.1801 -0.2189
vn 0.9707 0.0002 -0.2401
vn 0.4839 -0.3533 0.8007
vn 0.5472 -0.4775 0.6875
vn 0.8813 0.0227 0.4719
vn 0.5284 0.8472 0.0546
vn 0.5740 0.8185 -0.0240
vn 0.4390 0.8735 0.2103
vn 0.3975 0.8717 0.2864
vn 0.9899 -0.0000 -0.1416
vn 0.9707 -0.0001 -0.2401
vn 0.9533 0.2170 -0.2103
vn 0.3974 0.8718 0.2865
vn 0.4389 0.8735 0.2104
vn 0.3054 0.8420 0.4448
vn 0.2601 0.8152 0.5175
vn 0.0566 -0.4705 0.8806
vn 0.0039 -0.2718 0.9623
vn 0.0038 -0.2719 0.9623
vn 0.0810 -0.5466 0.8334
vn -0.0132 -0.0000 0.9999
vn 0.0036 0.2718 0.9624
vn 0.0037 0.2717 0.9624
vn -0.0130 0.0001 0.9999
vn 0.1444 0.6739 0.7246
vn 0.1831 0.7300 0.6585
vn 0.0810 0.5467 0.8334
vn 0.0566 0.4706 0.8805
vn 0.7575 0.5570 -0.3404
vn 0.7858 0.4807 -0.3892
vn 0.6959 0.6812 -0.2274
vn 0.6571 0.7359 -0.1632
vn 0.2601 0.8151 0.5176
vn 0.1832 0.7300 0.6584
vn 0.1444 0.6738 0.7246
vn 0.1647 -0.7072 0.6875
vn 0.0810 -0.5467 0.8334
vn 0.1647 -0.7072 0.6876
vn 0.6811 -0.7038 -0.2017
vn 0.5285 -0.8472 0.0546
vn 0.5742 -0.8184 -0.0241
vn 0.5284 -0.8473 0.0546
vn 0.4215 -0.8733 0.2443
vn 0.5740 -0.8185 -0.0240
vn 0.1648 -0.7072 0.6875
vn 0.1647 -0.7073 0.6875
vn 0.2658 -0.8180 0.5101
vn 0.3143 -0.8448 0.4331
vn 0.8379 -0.2675 -0.4758
vn 0.7752 -0.5127 -0.3690
vn 0.7751 -0.5128 -0.3690
vn 0.8378 -0.2676 -0.4758
vn 0.6572 0.7359 -0.1631
vn 0.6958 0.6813 -0.2273
vn 0.5741 0.8184 -0.0241
vn 0.5284 0.8473 0.0546
vn 0.6812 -0.7037 -0.2019
vn 0.6811 -0.7038 -0.2018
vn 0.7752 -0.5128 -0.3690
vn 0.3142 -0.8448 0.4330
vn 0.4215 -0.8733 0.2444
vn 0.4214 -0.8733 0.2444
vn 0.0565 0.4705 0.8806
vn 0.0810 0.5466 0.8334
vn 0.0038 0.2718 0.9623
vn -0.0131 -0.0000 0.9999
vn -0.0130 -0.0001 0.9999
vn 0.0038 -0.2717 0.9624
vn 0.0037 -0.2717 0.9624
vn 0.8379 0.2675 -0.4758
vn 0.8378 0.2676 -0.4759
vn 0.7859 0.4805 -0.3892
vn 0.7577 0.5568 -0.3404
vn -0.8666 0.0001 -0.4990
vn -0.8667 0.0001 -0.4989
vn -0.8667 -0.0001 -0.4988
vn -0.8667 0.0002 -0.4989
vn 0.9220 -0.2458 0.2991
vn 0.8825 -0.0754 0.4643
vn 0.8987 0.2095 -0.3853
vn 0.9948 -0.0679 -0.0763
vn 0.8813 -0.0227 0.4720
vn -0.8434 -0.0716 -0.5325
vn -0.4338 -0.0676 -0.8985
vn -0.8507 -0.0264 -0.5250
vn 0.0603 0.9784 0.1975
vn 0.0642 0.9815 0.1803
vn 0.1876 0.9287 0.3198
vn 0.0567 0.8230 0.5653
vn 0.1500 0.7012 0.6970
vn 0.0829 0.6348 0.7682
vn 0.0717 0.6725 0.7366
vn 0.0566 0.8229 0.5653
vn 0.2544 0.7633 0.5938
vn 0.0717 0.6726 0.7365
vn 0.2543 0.7634 0.5937
vn 0.1466 0.8796 0.4527
vn 0.3371 0.8679 0.3648
vn 0.2098 0.9335 0.2907
vn 0.4043 0.8739 0.2697
vn 0.2917 0.9270 0.2359
vn 0.7901 0.4003 0.4643
vn 0.3561 0.9201 0.1631
vn 0.7379 0.5754 0.3527
vn 0.5723 0.8179 0.0589
vn 0.4343 0.8982 0.0677
vn 0.7485 0.6631 -0.0022
vn 0.5645 0.8219 -0.0764
vn 0.8368 0.5362 -0.1112
vn 0.6730 0.7025 -0.2315
vn 0.9168 0.3966 -0.0459
vn 0.7511 0.5886 -0.2990
vn 0.8406 0.4897 -0.2316
vn 0.7692 0.5579 -0.3115
vn 0.7483 0.5371 -0.3892
vn 0.7934 0.5205 -0.3157
vn 0.7838 0.4671 -0.4093
vn 0.5396 0.6368 -0.5508
vn 0.6281 0.5029 -0.5938
vn 0.8026 0.5598 -0.2061
vn 0.4421 0.7834 -0.4369
vn 0.4350 0.8766 -0.2061
vn 0.3314 0.9269 -0.1760
vn 0.3045 0.9369 0.1717
vn 0.1690 0.9682 0.1846
vn 0.1017 0.8473 0.5213
vn 0.0321 0.8662 0.4987
vn -0.1591 0.6339 0.7569
vn -0.1053 0.6648 0.7395
vn 0.1819 0.8430 0.5063
vn -0.2330 0.2783 0.9318
vn -0.1585 0.3752 0.9133
vn -0.2107 0.1362 0.9680
vn -0.1230 0.1230 0.9848
vn 0.2532 0.0302 0.9669
vn 0.2741 0.1983 0.9410
vn 0.6301 -0.1128 0.7683
vn 0.7714 -0.0378 0.6352
vn 0.7263 0.1130 0.6780
vn 0.1767 0.5389 0.8236
vn 0.3956 0.6602 0.6385
vn 0.4307 0.8341 0.3445
vn 0.3134 0.9403 0.1329
vn 0.4912 0.8709 0.0152
vn 0.4370 0.8875 -0.1458
vn 0.5748 0.7796 -0.2486
vn 0.5045 0.7707 -0.3892
vn 0.6584 0.6291 -0.4132
vn 0.5979 0.5858 -0.5471
vn 0.7039 0.4825 -0.5213
vn 0.6695 0.4221 -0.6112
vn 0.7537 0.4191 -0.5063
vn 0.7341 0.5295 -0.4251
vn 0.8987 0.2096 -0.3852
vn 0.7810 0.2233 -0.5832
vn 0.6523 0.2223 -0.7246
vn 0.6389 0.4138 -0.6485
vn 0.6148 0.5574 -0.5580
vn 0.4163 0.5531 -0.7216
vn 0.4604 0.3887 -0.7981
vn 0.5976 0.6509 -0.4681
vn 0.7089 0.6036 -0.3650
vn 0.3625 0.6883 -0.6284
vn 0.2421 0.4119 -0.8785
vn 0.1708 0.5595 -0.8111
vn 0.1033 0.6487 -0.7540
vn 0.1312 0.6861 -0.7156
vn 0.3462 0.7205 -0.6008
vn 0.5577 0.6855 -0.4681
vn 0.6787 0.6253 -0.3852
vn -0.0358 0.6050 -0.7954
vn -0.0038 0.6266 -0.7793
vn -0.1143 0.5880 -0.8007
vn -0.1140 0.5628 -0.8187
vn -0.0000 0.5269 -0.8499
vn -0.1231 0.5199 -0.8453
vn 0.0618 0.4226 -0.9042
vn -0.0357 0.4648 -0.8847
vn -0.1168 0.2074 -0.9713
vn 0.1121 0.2243 -0.9681
vn 0.3003 0.2247 -0.9270
vn -0.0357 0.5368 -0.8430
vn 0.1986 0.5039 -0.8406
vn 0.2042 0.6380 -0.7425
vn 0.1919 0.4249 -0.8847
vn 0.1783 0.5828 -0.7928
vn 0.0973 0.4794 -0.8722
vn 0.0320 0.6293 -0.7765
vn -0.0716 0.7773 -0.6250
vn 0.0865 0.7703 -0.6317
vn -0.2585 0.8713 -0.4172
vn -0.0922 0.8869 -0.4526
vn -0.5113 0.8354 -0.2018
vn -0.2772 0.9385 -0.2060
vn -0.7482 0.6630 -0.0240
vn -0.5299 0.8424 0.0982
vn -0.8009 0.5408 0.2571
vn -0.5850 0.6677 0.4604
vn -0.9497 0.1167 -0.2907
vn -0.9523 0.1988 0.2316
vn -0.9351 -0.0340 -0.3527
vn -0.9808 -0.1130 -0.1587
vn -0.9636 0.0302 0.2657
vn -0.7897 0.1241 0.6008
vn -0.7123 0.3741 0.5938
vn -0.7340 0.1389 0.6648
vn -0.6907 0.2764 0.6683
vn -0.5753 0.6364 0.5138
vn -0.4454 0.8671 0.2231
vn -0.5034 0.8468 0.1717
vn -0.2989 0.9379 -0.1758
vn -0.2484 0.9671 -0.0546
vn -0.0132 0.9277 -0.3731
vn -0.0434 0.8743 -0.4835
vn 0.1573 0.7811 -0.6043
vn -0.2244 0.5592 -0.7981
vn -0.2175 0.4920 -0.8430
vn -0.4204 0.3965 -0.8161
vn -0.3198 0.5389 -0.7793
vn -0.1386 0.7035 -0.6970
vn -0.3718 0.6642 -0.6485
vn -0.2182 0.8203 -0.5287
vn -0.3382 0.8164 -0.4681
vn -0.2769 0.8986 -0.3404
vn -0.6732 0.5786 -0.4604
vn -0.3202 0.9196 -0.2274
vn -0.7990 0.4003 -0.4488
vn -0.4369 0.8725 -0.2188
vn -0.3525 0.9263 -0.1329
vn -0.4860 0.8669 -0.1112
vn -0.3544 0.9344 -0.0371
vn -0.4645 0.8801 0.0980
vn -0.6424 0.7625 0.0763
vn -0.2972 0.9294 0.2188
vn -0.2263 0.9723 0.0590
vn -0.1950 0.9801 -0.0371
vn -0.2283 0.9467 0.2274
vn -0.1485 0.9849 0.0895
vn -0.0905 0.9959 0.0065
vn -0.1559 0.9782 -0.1372
vn -0.0359 0.9957 -0.0851
vn -0.0415 0.9968 0.0677
vn 0.0075 0.9999 -0.0153
vn -0.0960 0.9819 0.1632
vn -0.0000 0.9851 0.1717
vn 0.0397 0.9959 0.0807
vn 0.0905 0.9958 -0.0109
vn 0.1597 0.9782 -0.1329
vn 0.0660 0.9911 -0.1155
vn 0.0358 0.9779 -0.2061
vn 0.1540 0.9505 -0.2697
vn 0.2751 0.9151 -0.2948
vn 0.1204 0.9149 -0.3852
vn -0.0019 0.8917 -0.4526
vn -0.1035 0.9608 -0.2570
vn 0.0660 0.8272 -0.5581
vn 0.0941 0.8766 -0.4720
vn 0.2204 0.8978 -0.3812
vn 0.3640 0.8763 -0.3156
vn 0.4489 0.8279 -0.3363
vn 0.3956 0.8909 -0.2231
vn 0.2756 0.9606 -0.0371
vn 0.1988 0.9777 0.0677
vn 0.1261 0.9806 0.1502
vn 0.0660 0.9725 0.2232
vn -0.0811 0.9454 0.3156
vn -0.0396 0.9302 0.3650
vn -0.1223 0.8559 0.5025
vn -0.1707 0.8691 0.4643
vn -0.1912 0.9251 0.3281
vn -0.2550 0.8606 0.4409
vn -0.3164 0.8687 0.3812
vn -0.3727 0.8566 0.3568
vn -0.6771 0.6705 0.3032
vn -0.6425 0.7624 0.0764
vn -0.7051 0.6371 0.3115
vn -0.6765 0.7031 0.2189
vn -0.5209 0.8216 0.2317
vn -0.2044 0.9778 0.0458
vn -0.5208 0.8216 0.2316
vn -0.3686 0.9296 -0.0022
vn -0.1876 0.9817 0.0328
vn -0.2721 0.9596 0.0720
vn -0.4713 0.8818 0.0153
vn -0.3045 0.9419 0.1415
vn -0.5281 0.8444 0.0895
vn -0.1969 0.9741 0.1112
vn -0.2537 0.9469 0.1975
vn -0.1299 0.9905 0.0459
vn -0.1337 0.9636 0.2316
vn -0.0849 0.9857 0.1459
vn -0.0415 0.9965 0.0721
vn 0.0038 0.9738 0.2274
vn 0.0301 0.9901 0.1372
vn -0.0453 0.9464 0.3198
vn -0.3099 0.9117 0.2697
vn -0.1801 0.9344 0.3073
vn -0.0810 0.9106 0.4052
vn -0.0094 0.8936 0.4488
vn 0.0302 0.9413 0.3363
vn 0.0773 0.9598 0.2697
vn 0.1855 0.8444 0.5025
vn 0.2204 0.8836 0.4132
vn 0.0905 0.8322 0.5471
vn -0.1092 0.7839 0.6112
vn 0.0433 0.7188 0.6938
vn -0.1706 0.7863 0.5938
vn -0.3877 0.2985 0.8721
vn -0.1801 0.2414 0.9536
vn -0.4207 0.2851 0.8613
vn -0.2732 0.8382 0.4720
vn -0.4719 0.3335 0.8161
vn -0.4290 0.7884 0.4409
vn -0.5322 0.2898 0.7955
vn -0.4710 0.7856 0.4013
vn -0.5610 0.3014 0.7710
vn -0.3857 0.8942 0.2274
vn -0.5160 0.8335 0.1975
vn -0.6231 0.7192 0.3074
vn -0.7348 0.2381 0.6351
vn -0.7923 -0.2384 0.5616
vn -0.5636 -0.2319 0.7928
vn -0.5193 -0.1889 0.8335
vn -0.4972 -0.1051 0.8613
vn -0.4625 -0.1915 0.8657
vn -0.4066 -0.2281 0.8847
vn -0.0887 -0.2390 0.9670
vn 0.0132 0.9937 0.1112
vn -0.0246 0.9984 0.0502
vn -0.1054 0.9936 0.0415
vn 0.1877 0.9287 0.3198
vn 0.7092 0.2519 0.6585
vn 0.1501 0.7012 0.6970
vn 0.2205 0.8835 0.4133
vn 0.6050 0.4573 0.6518
vn 0.7630 0.1204 0.6351
vn 0.6983 0.2729 0.6617
vn 0.7945 0.0604 0.6043
vn 0.7777 0.0680 0.6250
vn 0.8161 0.0453 0.5761
vn 0.8120 0.0679 0.5797
vn 0.8448 0.0529 0.5325
vn 0.8256 0.0829 0.5581
vn 0.8713 0.1204 0.4758
vn 0.8272 0.1279 0.5471
vn 0.7901 0.4002 0.4643
vn 0.8784 0.0755 0.4720
vn 0.8673 0.0528 0.4949
vn 0.9121 0.1502 0.3814
vn 0.9018 0.1503 0.4053
vn 0.9440 0.2171 0.2486
vn 0.9292 0.2171 0.2990
vn 0.9507 0.2391 0.1975
vn 0.9584 0.2610 0.1156
vn 0.9168 0.3966 -0.0458
vn 0.8368 0.5361 -0.1112
vn 0.8026 0.5598 -0.2060
vn 0.7483 0.5372 -0.3892
vn 0.8358 0.0453 0.5471
vn 0.8681 0.0380 0.4950
vn 0.8143 0.0302 0.5796
vn 0.8143 0.0302 0.5797
vn 0.5137 0.5578 0.6519
vn 0.1856 0.8444 0.5026
vn 0.0905 0.8321 0.5472
vn 0.3438 0.6257 0.7002
vn 0.0434 0.7188 0.6939
vn 0.3499 0.1751 0.9203
vn 0.0359 0.3529 0.9350
vn 0.3290 -0.1326 0.9350
vn -0.2430 0.2415 0.9395
vn -0.0887 -0.2389 0.9670
vn -0.4191 0.5349 0.7337
vn -0.3815 0.5700 0.7277
vn -0.4153 0.5539 0.7216
vn -0.4291 0.5228 0.7366
vn -0.3430 0.5940 0.7277
vn -0.3756 0.5547 0.7424
vn -0.4375 0.5720 0.6939
vn -0.4264 0.5332 0.7307
vn -0.4599 0.5957 0.6585
vn -0.4538 0.5552 0.6970
vn -0.4708 0.6090 0.6383
vn -0.5210 0.8215 0.2315
vn -0.5297 0.6125 0.5867
vn -0.6771 0.6705 0.3033
vn -0.4693 0.5921 0.6551
vn -0.3727 0.8566 0.3569
vn -0.4594 0.5701 0.6811
vn -0.4145 0.5623 0.7155
vn -0.2550 0.8605 0.4410
vn -0.3619 0.5715 0.7365
vn -0.3310 0.5935 0.7336
vn -0.1224 0.8558 0.5026
vn -0.2416 0.6144 0.7511
vn -0.3193 0.6034 0.7307
vn 0.0566 0.8229 0.5654
vn 0.4796 0.7654 -0.4291
vn 0.3007 0.7987 -0.5213
vn 0.3639 0.8763 -0.3157
vn 0.4490 0.8278 -0.3363
vn 0.5533 0.7300 -0.4012
vn 0.6568 0.6769 -0.3322
vn 0.6730 0.7024 -0.2317
vn 0.7193 0.6231 -0.3073
vn 0.7512 0.5885 -0.2990
vn 0.5869 0.7186 -0.3731
vn 0.6787 0.6253 -0.3853
vn 0.4582 0.7763 -0.4330
vn 0.5576 0.6856 -0.4681
vn 0.3043 0.7948 -0.5250
vn 0.3464 0.7205 -0.6008
vn 0.1481 0.7774 -0.6113
vn 0.0301 0.7194 -0.6939
vn -0.1144 0.5881 -0.8007
vn -0.0959 0.6228 -0.7765
vn -0.1385 0.7035 -0.6971
vn -0.0415 0.6782 -0.7337
vn 0.0661 0.8272 -0.5581
vn 0.0698 0.7318 -0.6779
vn 0.1351 0.7661 -0.6284
vn 0.0942 0.8765 -0.4721
vn -0.4256 -0.5215 0.7395
vn -0.3877 -0.5658 0.7277
vn -0.4625 -0.1917 0.8656
vn -0.4972 -0.1052 0.8613
vn -0.3152 -0.5761 0.7541
vn -0.4065 -0.2282 0.8847
vn -0.0321 -0.5370 0.8430
vn 0.8297 -0.0905 0.5508
vn 0.3291 -0.1327 0.9349
vn 0.8346 -0.0905 0.5434
vn -0.2429 0.2416 0.9395
vn -0.2947 -0.4803 0.8261
vn -0.4091 0.1229 0.9042
vn -0.2194 -0.4708 0.8545
vn -0.2763 -0.4784 0.8335
vn 0.2067 -0.3783 0.9023
vn 0.0754 -0.4124 0.9079
vn 0.5950 -0.2782 0.7540
vn 0.4425 -0.3187 0.8382
vn 0.8279 -0.1872 0.5288
vn 0.7869 -0.2016 0.5832
vn 0.8295 -0.1799 0.5287
vn 0.8472 -0.1726 0.5025
vn 0.7939 -0.1724 0.5831
vn 0.8041 -0.1725 0.5689
vn 0.7779 -0.1723 0.6042
vn 0.7779 -0.1723 0.6043
vn -0.5193 -0.1891 0.8334
vn -0.4385 -0.5635 0.7001
vn -0.4974 -0.5761 0.6485
vn -0.7923 -0.2384 0.5617
vn -0.7176 -0.5326 0.4487
vn -0.9742 -0.1356 0.1803
vn -0.8926 -0.0942 -0.4410
vn -0.6894 0.2375 0.6844
vn -0.8867 -0.0941 -0.4526
vn -0.5781 0.1276 0.8059
vn -0.5713 -0.4765 0.6683
vn -0.5826 -0.4811 0.6551
vn -0.6288 -0.4718 0.6181
vn -0.8244 -0.4148 0.3851
vn -0.8854 -0.3785 0.2698
vn -0.9471 -0.3189 0.0371
vn -0.9504 -0.2791 -0.1372
vn -0.8979 -0.2057 -0.3892
vn -0.8711 -0.1907 -0.4526
vn -0.8575 -0.1760 -0.4835
vn -0.8721 -0.1760 -0.4565
vn -0.8941 -0.1727 -0.4132
vn -0.9031 -0.1726 -0.3933
vn -0.9124 -0.1686 -0.3730
vn -0.9123 -0.1686 -0.3731
vn 0.6523 0.2223 -0.7247
vn 0.4896 0.1845 -0.8522
vn 0.4605 0.3886 -0.7981
vn 0.6388 0.4138 -0.6486
vn 0.3004 0.2248 -0.9270
vn 0.2422 0.4118 -0.8785
vn 0.3554 -0.6332 -0.6875
vn 0.2891 -0.6562 -0.6970
vn 0.3971 -0.3998 -0.8261
vn 0.4516 -0.2854 -0.8453
vn -0.2846 -0.1977 -0.9380
vn -0.1920 -0.5374 -0.8212
vn -0.2847 -0.1976 -0.9380
vn -0.2139 -0.0557 -0.9753
vn 0.4345 -0.1337 -0.8907
vn -0.4437 -0.1552 -0.8826
vn -0.3453 -0.0635 -0.9363
vn -0.1921 -0.5374 -0.8212
vn -0.4456 -0.3014 -0.8430
vn 0.4517 -0.2853 -0.8453
vn 0.4665 -0.1340 -0.8743
vn 0.1852 -0.8723 -0.4526
vn -0.1835 -0.8426 -0.5063
vn -0.4455 -0.3015 -0.8430
vn -0.4064 -0.6536 -0.6385
vn -0.3170 -0.9391 -0.1329
vn -0.4386 -0.8300 -0.3445
vn -0.4373 -0.8881 0.1415
vn -0.4978 -0.8672 -0.0153
vn -0.5064 -0.7715 0.3852
vn -0.5809 -0.7751 0.2486
vn -0.6025 -0.5811 0.5471
vn -0.6584 -0.6291 0.4132
vn -0.6691 -0.4227 0.6112
vn -0.7077 -0.4768 0.5213
vn -0.4754 -0.6524 0.5903
vn -0.5851 -0.5370 0.6077
vn -0.6475 -0.6102 0.4566
vn -0.5507 -0.6335 0.5435
vn -0.3805 -0.8150 0.4370
vn -0.4022 -0.8024 0.4409
vn -0.2465 -0.9441 0.2189
vn -0.2173 -0.9616 0.1674
vn -0.0000 -0.9899 -0.1414
vn -0.0509 -0.9898 -0.1329
vn 0.1983 -0.8734 -0.4448
vn 0.7997 -0.2020 0.5654
vn 0.8106 -0.3246 0.4874
vn 0.8335 -0.2531 0.4912
vn 0.7895 -0.1797 0.5868
vn 0.7387 -0.4319 0.5174
vn 0.8034 -0.3729 0.4642
vn 0.0980 -0.9945 -0.0371
vn 0.0226 -0.9997 0.0065
vn 0.0603 -0.9975 0.0372
vn 0.1411 -0.9885 -0.0545
vn 0.0227 -0.9997 0.0109
vn 0.0302 -0.9995 -0.0022
vn -0.0075 -0.9999 -0.0109
vn 0.0905 -0.9910 -0.0982
vn 0.1055 -0.9843 -0.1415
vn 0.0075 -0.9999 -0.0109
vn 0.0075 -0.9999 -0.0108
vn 0.0302 -0.9994 0.0153
vn 0.0754 -0.9969 0.0240
vn 0.2553 -0.9631 0.0847
vn 0.1987 -0.9774 0.0720
vn 0.3134 -0.9450 0.0938
vn 0.0604 -0.9981 0.0109
vn -0.0000 -1.0000 -0.0065
vn 0.0151 -0.9997 -0.0197
vn -0.0302 -0.9994 -0.0196
vn -0.0396 -0.9980 -0.0502
vn -0.0547 -0.9970 -0.0546
vn -0.1633 -0.9770 -0.1372
vn -0.1968 -0.9637 -0.1803
vn -0.2407 -0.9436 -0.2274
vn -0.0077 -0.9997 -0.0241
vn -0.0151 -0.9997 -0.0197
vn -0.0226 -0.9996 -0.0153
vn 0.0152 -0.9999 0.0021
vn 0.0716 -0.9847 -0.1588
vn 0.0396 -0.9909 -0.1285
vn -0.0604 -0.9976 -0.0327
vn -0.0150 -0.9942 -0.1069
vn -0.0245 -0.9884 -0.1501
vn -0.0302 -0.9994 -0.0153
vn -0.0302 -0.9989 -0.0371
vn 0.0528 -0.9985 0.0109
vn 0.0001 -1.0000 -0.0021
vn -0.0000 -1.0000 -0.0022
vn -0.0000 -1.0000 -0.0018
vn 0.4757 -0.8667 0.1501
vn 0.1056 -0.9843 -0.1415
vn 0.5708 -0.7679 0.2907
vn 0.4758 -0.8666 0.1502
vn 0.5710 -0.7678 0.2907
vn 0.8748 -0.2170 0.4331
vn 0.8749 -0.2168 0.4331
vn 0.9042 -0.1353 0.4052
vn 0.7715 -0.0378 0.6351
vn 0.8993 -0.1429 0.4133
vn 0.8919 -0.1430 0.4291
vn 0.8938 -0.1429 0.4252
vn 0.8581 -0.1502 0.4911
vn 0.8749 -0.1504 0.4604
vn 0.8580 -0.1503 0.4911
vn 0.8320 -0.1428 0.5361
vn 0.8367 -0.1428 0.5287
vn 0.8749 -0.1506 0.4604
vn 0.8073 -0.1279 0.5761
vn 0.8187 -0.1354 0.5581
vn 0.7718 -0.0979 0.6283
vn 0.7834 -0.1128 0.6112
vn 0.7558 -0.0906 0.6485
vn 0.7558 -0.0905 0.6485
vn 0.7316 -0.5931 -0.3362
vn 0.6169 -0.6355 -0.4643
vn 0.6827 -0.6133 -0.3973
vn 0.7314 -0.5932 -0.3363
vn 0.4294 -0.6836 -0.5902
vn 0.4851 -0.6672 -0.5653
vn 0.3861 -0.6940 -0.6077
vn 0.3927 -0.6903 -0.6077
vn -0.3617 -0.6919 0.6249
vn -0.3322 -0.6911 0.6418
vn -0.3877 -0.5659 0.7276
vn -0.4255 -0.5215 0.7395
vn -0.2554 -0.6830 0.6844
vn -0.3152 -0.5763 0.7540
vn 0.7887 -0.1130 0.6044
vn -0.4384 -0.5636 0.7001
vn -0.3905 -0.6915 0.6078
vn -0.4974 -0.5762 0.6485
vn -0.4657 -0.6808 0.5653
vn -0.9176 -0.1129 -0.3811
vn -0.8926 -0.0942 -0.4409
vn 0.8441 -0.0076 0.5361
vn 0.7888 -0.1129 0.6042
vn 0.8580 -0.0604 0.5101
vn 0.8667 -0.0000 0.4987
vn 0.8345 -0.0905 0.5435
vn 0.8667 -0.0001 0.4989
vn 0.8668 -0.0002 0.4987
vn 0.6502 -0.0000 -0.7598
vn 0.5006 -0.0000 -0.8657
vn 0.4896 0.1844 -0.8522
vn 0.6523 0.2222 -0.7247
vn 0.3302 -0.0000 -0.9439
vn 0.6523 0.2222 -0.7246
vn 0.7811 0.2232 -0.5832
vn 0.8020 -0.0000 -0.5973
vn 0.6502 -0.0000 -0.7597
vn 0.9948 -0.0679 -0.0764
vn 0.8813 -0.0226 0.4720
vn 0.8727 -0.0302 0.4872
vn 0.8702 -0.0378 0.4912
vn 0.8667 -0.0002 0.4989
vn 0.7862 -0.4206 0.4527
vn 0.7809 -0.5654 0.2655
vn 0.9320 -0.0830 0.3527
vn 0.8620 0.0905 0.4987
vn 0.9164 -0.3892 -0.0937
vn 0.9982 0.0377 -0.0458
vn 0.6647 -0.7074 -0.2401
vn 0.4411 -0.8946 0.0720
vn 0.3032 -0.8406 -0.4487
vn 0.0057 -0.9836 -0.1804
vn 0.4974 -0.8188 0.2865
vn 0.0736 -0.9962 0.0458
vn -0.3646 -0.9071 -0.2103
vn -0.4093 -0.8094 -0.4212
vn -0.0659 -0.7469 -0.6617
vn -0.7106 -0.5723 -0.4093
vn -0.6954 -0.4199 -0.5832
vn -0.3439 -0.4555 -0.8211
vn -0.8620 -0.0902 -0.4988
vn -0.7735 0.0828 -0.6284
vn -0.6956 -0.4196 -0.5832
vn -0.7108 -0.5721 -0.4092
vn -0.4566 -0.0414 -0.8887
vn -0.3803 0.3857 -0.8406
vn -0.6241 0.5614 -0.5435
vn -0.1200 0.7101 -0.6939
vn -0.2825 0.8936 -0.3487
vn -0.7847 0.4234 -0.4527
vn -0.4986 0.8181 -0.2865
vn -0.0774 0.9959 -0.0459
vn 0.1504 0.9837 -0.0982
vn -0.2824 0.8937 -0.3486
vn -0.4983 0.8183 -0.2864
vn 0.2367 0.8406 -0.4873
vn -0.1200 0.7101 -0.6938
vn 0.6080 0.7452 -0.2739
vn 0.5658 0.8115 0.1459
vn 0.8852 0.4507 -0.1155
vn 0.8526 0.4226 0.3073
vn 0.3633 0.9076 0.2104
vn 0.7101 0.5729 0.4093
vn 0.8620 0.0906 0.4987
vn 0.9321 -0.0828 0.3527
vn 0.9982 0.0378 -0.0459
vn 0.9163 -0.3892 -0.0939
vn 0.8749 -0.2089 -0.4370
vn 0.9184 0.0907 -0.3852
vn 0.6648 -0.7074 -0.2401
vn 0.6997 -0.3699 -0.6112
vn 0.3035 -0.8405 -0.4488
vn 0.5070 -0.4178 -0.7540
vn -0.0658 -0.7469 -0.6617
vn 0.3123 -0.4105 -0.8567
vn 0.8740 -0.2094 -0.4384
vn 0.6994 -0.3699 -0.6116
vn 0.7823 0.3305 -0.5280
vn 0.9187 0.0904 -0.3844
vn 0.5066 -0.4177 -0.7543
vn 0.5884 0.4105 -0.6966
vn 0.3119 -0.4105 -0.8569
vn 0.3949 0.4172 -0.8185
vn 0.0653 -0.3320 -0.9410
vn 0.1804 0.3742 -0.9096
vn 0.2364 0.8405 -0.4874
vn -0.1201 0.7100 -0.6938
vn -0.0549 0.2095 -0.9763
vn -0.3802 0.3857 -0.8406
vn -0.1275 -0.0909 -0.9877
vn -0.4565 -0.0413 -0.8887
vn -0.3439 -0.4554 -0.8212
vn -0.0659 -0.7468 -0.6618
vn 0.2366 0.8405 -0.4874
vn 0.6080 0.7451 -0.2740
vn 0.5883 0.4105 -0.6967
vn 0.3950 0.4173 -0.8184
vn 0.8851 0.4507 -0.1157
vn 0.7819 0.3307 -0.5285
vn 0.9982 0.0376 -0.0459
vn 0.9184 0.0907 -0.3851
vn 0.6274 0.6073 -0.4875
vn 0.5950 0.6149 -0.5176
vn 0.6458 0.6032 -0.4681
vn 0.4840 0.6330 -0.6042
vn 0.4636 0.6349 -0.6180
vn 0.3870 0.6353 -0.6683
vn 0.3870 0.6354 -0.6683
vn 0.2801 0.6331 -0.7216
vn 0.3008 0.6339 -0.7125
vn 0.1087 0.6067 -0.7875
vn 0.1493 0.6156 -0.7738
vn 0.0846 0.6002 -0.7954
vn 0.0846 0.6001 -0.7954
vn 0.8706 0.0075 0.4919
vn 0.8710 0.0075 0.4912
vn 0.8711 0.0074 0.4910
vn -0.3829 -0.6378 0.6683
vn -0.3828 -0.6379 0.6683
vn -0.3830 -0.6378 0.6683
vn -0.3828 -0.6378 0.6683
vn -0.3828 -0.6379 0.6682
vn -0.3828 -0.6380 0.6682
vn 0.3216 -0.7702 -0.5508
vn 0.3215 -0.7702 -0.5509
vn 0.3215 -0.7703 -0.5508
vn 0.3215 -0.7702 -0.5508
vn -0.3202 0.7707 0.5509
vn -0.3201 0.7708 0.5509
vn -0.3202 0.7708 0.5508
vn -0.3203 0.7708 0.5507
vn -0.3202 0.7707 0.5508
vn -0.3201 0.7707 0.5509
vn -0.3203 0.7707 0.5508
vn -0.3204 0.7707 0.5508
vn -0.3200 0.7708 0.5509
vn 0.6273 0.6074 -0.4874
vn 0.5949 0.6150 -0.5176
vn 0.6457 0.6032 -0.4681
vn 0.6456 0.6033 -0.4682
vn 0.4840 0.6329 -0.6043
vn 0.2802 0.6331 -0.7216
vn 0.3008 0.6341 -0.7124
vn 0.1083 0.6076 -0.7868
vn 0.0827 0.6038 -0.7928
vn 0.0845 0.6001 -0.7955
vn 0.8712 0.0076 0.4909
vn 0.8711 0.0076 0.4911
vn 0.8710 0.0074 0.4912
vn -0.3828 -0.6378 0.6684
vn -0.3829 -0.6379 0.6682
vn -0.3829 -0.6377 0.6684
vn -0.3827 -0.6379 0.6683
vn 0.3217 -0.7702 -0.5508
vn 0.3217 -0.7702 -0.5507
vn -0.3201 0.7708 0.5508
vn -0.3202 0.7708 0.5507
vn 0.6273 0.6075 -0.4873
vn 0.5950 0.6150 -0.5175
vn 0.4841 0.6328 -0.6043
vn 0.4636 0.6348 -0.6182
vn 0.3871 0.6353 -0.6683
vn 0.3871 0.6352 -0.6683
vn 0.2801 0.6331 -0.7217
vn 0.3007 0.6339 -0.7125
vn 0.1085 0.6074 -0.7870
vn 0.0845 0.6001 -0.7954
vn 0.8710 0.0074 0.4911
vn 0.8711 0.0074 0.4911
vn 0.8709 0.0077 0.4914
vn 0.8709 0.0077 0.4915
vn -0.3199 0.7708 0.5510
vn -0.3205 0.7707 0.5508
vn -0.3203 0.7708 0.5508
vn 0.6274 0.6074 -0.4873
vn 0.5949 0.6150 -0.5175
vn 0.6460 0.6029 -0.4682
vn 0.6459 0.6030 -0.4682
vn 0.4840 0.6328 -0.6043
vn 0.4635 0.6349 -0.6181
vn 0.3869 0.6355 -0.6682
vn 0.2800 0.6331 -0.7217
vn 0.3007 0.6338 -0.7126
vn 0.1087 0.6068 -0.7874
vn 0.0825 0.6038 -0.7928
vn 0.0844 0.6001 -0.7955
vn 0.8711 0.0077 0.4911
vn 0.8709 0.0075 0.4915
vn 0.8710 0.0076 0.4912
vn 0.8711 0.0075 0.4911
vn -0.3830 -0.6378 0.6682
vn -0.3829 -0.6378 0.6682
vn 0.3214 -0.7703 -0.5508
vn 0.7862 0.4206 0.4526
vn 0.5598 0.5519 0.6181
vn 0.7061 0.0830 0.7032
vn 0.8620 -0.0902 0.4988
vn 0.2636 0.3461 0.9004
vn 0.3364 -0.0378 0.9410
vn 0.2298 0.8735 0.4291
vn 0.0378 0.6391 0.7682
vn -0.1987 0.9625 0.1846
vn -0.2916 0.7609 0.5796
vn -0.6226 0.6789 0.3892
vn -0.6060 0.7936 -0.0546
vn -0.8851 0.4129 -0.2146
vn -0.8769 0.4164 0.2401
vn -0.3645 0.9072 -0.2103
vn 0.0735 0.9962 0.0458
vn 0.4974 0.8188 0.2865
vn -0.4986 -0.8181 -0.2865
vn -0.4846 -0.8746 0.0153
vn -0.8155 -0.5514 -0.1760
vn -0.7847 -0.4234 -0.4528
vn -0.6839 -0.6387 0.3526
vn -0.9122 -0.3438 0.2231
vn -0.0623 -0.9632 0.2613
vn -0.3585 -0.7617 0.5397
vn 0.3469 -0.7943 0.4987
vn -0.0207 -0.6793 0.7335
vn 0.2282 -0.4153 0.8806
vn 0.6287 -0.4137 0.6585
vn 0.3363 -0.0378 0.9410
vn 0.7062 0.0829 0.7032
vn 0.7101 -0.5729 0.4093
vn 0.3632 -0.9076 0.2103
vn 0.8620 -0.0905 0.4987
vn -0.0773 -0.9960 -0.0459
vn -0.7106 0.5723 -0.4093
vn -0.8851 0.4131 -0.2146
vn -0.3646 0.9071 -0.2102
vn -0.8620 0.0904 -0.4988
vn -0.9632 -0.0791 -0.2570
vn -0.9829 0.0378 0.1803
vn -0.8769 0.4163 0.2401
vn -0.9122 -0.3436 0.2231
vn -0.7848 -0.4233 -0.4526
vn 0.2282 -0.4154 0.8806
vn 0.3362 -0.0378 0.9410
vn 0.0939 -0.0771 0.9926
vn -0.1482 -0.2667 0.9523
vn 0.2635 0.3461 0.9004
vn -0.0112 0.1993 0.9799
vn 0.0378 0.6390 0.7682
vn -0.2741 0.2903 0.9168
vn -0.2916 0.7609 0.5797
vn -0.4427 0.2991 0.8453
vn -0.6226 0.6788 0.3893
vn -0.5767 0.2778 0.7683
vn -0.8770 0.4161 0.2401
vn -0.7846 0.3170 0.5329
vn -0.8008 -0.1650 0.5758
vn -0.6709 -0.3146 0.6714
vn -0.9057 0.0754 0.4172
vn -0.5126 -0.2960 0.8060
vn -0.3665 -0.3001 0.8807
vn -0.8006 -0.1651 0.5760
vn -0.9057 0.0753 0.4172
vn -0.9829 0.0379 0.1804
vn -0.9122 -0.3435 0.2232
vn -0.7850 0.3165 0.5325
vn -0.6840 -0.6385 0.3527
vn -0.6710 -0.3146 0.6715
vn -0.8006 -0.1652 0.5760
vn -0.3584 -0.7617 0.5399
vn -0.5128 -0.2959 0.8059
vn -0.0207 -0.6792 0.7336
vn -0.3669 -0.3001 0.8805
vn -0.1483 -0.2669 0.9523
vn 0.8187 0.2240 0.5288
vn 0.8417 0.1876 0.5063
vn 0.8153 0.2094 0.5398
vn 0.8049 0.2384 0.5435
vn 0.8231 0.1873 0.5361
vn 0.8004 0.2093 0.5617
vn 0.8060 0.2167 0.5508
vn 0.7846 0.2382 0.5725
vn 0.8788 0.2387 0.4133
vn 0.8863 0.2241 0.4053
vn 0.8749 0.2244 0.4291
vn 0.8770 0.2314 0.4212
vn 0.9011 0.2464 0.3568
vn 0.9086 0.2171 0.3568
vn 0.9236 0.2683 0.2739
vn 0.9219 0.2464 0.2990
vn -0.0415 0.6783 -0.7336
vn 0.0696 0.7317 -0.6780
vn 0.0302 0.7195 -0.6939
vn -0.0958 0.6228 -0.7765
vn 0.1351 0.7661 -0.6283
vn 0.1482 0.7775 -0.6112
vn 0.3007 0.7987 -0.5212
vn 0.3042 0.7949 -0.5250
vn 0.4583 0.7762 -0.4330
vn 0.5532 0.7300 -0.4014
vn 0.5868 0.7186 -0.3731
vn 0.7192 0.6232 -0.3074
vn -0.2417 0.6143 0.7512
vn -0.3430 0.5941 0.7276
vn -0.3193 0.6035 0.7306
vn -0.3619 0.5714 0.7366
vn -0.3815 0.5701 0.7277
vn -0.4145 0.5623 0.7156
vn -0.4154 0.5538 0.7216
vn -0.4594 0.5701 0.6812
vn -0.4376 0.5720 0.6938
vn -0.4694 0.5920 0.6551
vn -0.4599 0.5958 0.6584
vn -0.5298 0.6124 0.5867
vn -0.4705 0.6090 0.6385
vn 0.8612 0.4906 0.1329
vn 0.6669 0.6119 0.4252
vn 0.8740 0.0980 0.4759
vn 0.9830 -0.1051 0.1504
vn 0.3571 0.2996 0.8847
vn 0.4176 -0.0376 0.9079
vn 0.0477 0.1029 0.9936
vn 0.1044 -0.0442 0.9936
vn 0.1656 0.5348 0.8286
vn -0.0676 0.1319 0.9890
vn 0.3007 0.8909 0.3404
vn -0.0923 0.6267 0.7738
vn -0.1373 0.1332 0.9815
vn -0.1112 0.9565 0.2697
vn 0.4943 0.8660 0.0764
vn 0.0754 0.9971 0.0109
vn -0.3563 0.9328 -0.0546
vn -0.5112 0.8300 0.2232
vn -0.7530 0.6477 -0.1155
vn -0.8600 0.4705 0.1974
vn -0.9826 0.1092 -0.1502
vn -0.9762 -0.0981 0.1932
vn -0.8631 -0.4873 -0.1329
vn -0.7663 -0.6086 0.2059
vn -0.6068 -0.2992 0.7364
vn -0.6720 0.0376 0.7396
vn -0.5733 0.3588 0.7366
vn -0.3975 0.0377 0.9168
vn -0.2876 0.1253 0.9495
vn -0.3486 0.5682 0.7454
vn -0.8598 0.4708 0.1977
vn -0.5734 0.3588 0.7365
vn -0.2877 0.1252 0.9495
vn -0.1961 0.1349 0.9712
vn -0.1961 0.1349 0.9713
vn -0.2873 0.1252 0.9496
vn -0.2339 -0.1306 0.9635
vn -0.1654 -0.1333 0.9772
vn -0.3982 0.0376 0.9165
vn -0.3453 -0.0972 0.9334
vn -0.6720 0.0377 0.7396
vn -0.6066 -0.2993 0.7365
vn -0.4062 -0.5326 0.7425
vn -0.7662 -0.6087 0.2060
vn -0.3872 -0.8913 0.2360
vn 0.0224 -0.9565 0.2908
vn -0.1444 -0.6270 0.7655
vn 0.4239 -0.8271 0.3690
vn 0.1127 -0.5668 0.8161
vn 0.7621 -0.4668 0.4487
vn 0.3234 -0.3620 0.8743
vn 0.9830 -0.1055 0.1501
vn 0.7504 -0.6508 0.1156
vn 0.4173 -0.0378 0.9080
vn 0.1050 -0.0443 0.9935
vn -0.0132 -0.1257 0.9920
vn -0.1035 -0.1343 0.9855
vn 0.0474 0.1028 0.9936
vn -0.0674 0.1318 0.9890
vn -0.1371 0.1331 0.9816
vn 0.4236 -0.8273 0.3690
vn 0.3527 -0.9342 0.0546
vn 0.7506 -0.6506 0.1155
vn 0.0228 -0.9566 0.2906
vn -0.0753 -0.9971 -0.0109
vn -0.3871 -0.8914 0.2358
vn -0.4942 -0.8660 -0.0764
vn -0.7661 -0.6088 0.2060
vn -0.8631 -0.4873 -0.1328
vn 0.1521 -0.0000 -0.9884
vn 0.1520 -0.0000 -0.9884
vn 0.1517 -0.0000 -0.9884
vn 0.1523 -0.0000 -0.9883
vn 0.1513 -0.0000 -0.9885
vn 0.1524 -0.0000 -0.9883
vn 0.1516 -0.0000 -0.9884
vn 0.1525 -0.0000 -0.9883
vn -0.6562 0.7476 -0.1026
vn -0.6026 0.7925 -0.0938
vn -0.6262 0.7740 -0.0938
vn -0.6562 0.7482 -0.0982
vn -0.6626 0.7420 -0.1025
vn -0.6208 0.7784 -0.0938
vn -0.7105 0.6956 -0.1069
vn -0.7107 0.6954 -0.1069
vn 0.1522 0.0001 -0.9883
vn 0.1433 -0.0074 -0.9897
vn 0.1476 -0.0073 -0.9890
vn 0.1160 -0.0366 -0.9926
vn 0.1282 -0.0223 -0.9915
vn 0.1039 -0.0572 -0.9929
vn 0.1036 -0.0573 -0.9930
vn 0.6229 -0.7767 0.0938
vn 0.6572 -0.7467 0.1024
vn 0.6570 -0.7469 0.1024
vn 0.5988 -0.7954 0.0939
vn -0.1522 -0.0000 0.9884
vn -0.1435 0.0114 0.9896
vn -0.1481 0.0038 0.9890
vn -0.1518 -0.0005 0.9884
vn -0.1147 0.0409 0.9926
vn -0.1284 0.0227 0.9915
vn -0.1038 0.0550 0.9931
vn 0.7924 0.5982 0.1199
vn 0.7927 0.5977 0.1198
vn 0.7920 0.5987 0.1199
vn 0.7104 -0.6957 0.1069
vn 0.6173 -0.7811 0.0938
vn 0.6565 -0.7473 0.1025
vn 0.7103 -0.6957 0.1069
vn 0.6234 -0.7762 0.0938
vn 0.5996 -0.7948 0.0938
vn 0.5527 -0.0001 -0.8334
vn 0.5528 -0.0002 -0.8333
vn 0.5524 0.0005 -0.8336
vn 0.0603 -0.9975 0.0371
vn -0.0603 0.9975 -0.0371
vn -0.0603 0.9975 -0.0372
vn -0.5004 -0.0000 0.8658
vn -0.5885 -0.0038 0.8085
vn -0.5489 -0.0000 0.8359
vn -0.7231 -0.0038 0.6907
vn -0.6828 -0.0000 0.7306
vn -0.8370 -0.0000 0.5471
vn -0.7915 -0.0000 0.6112
vn -0.8897 -0.0000 0.4566
vn -0.4507 -0.0038 0.8927
vn -0.4073 -0.0000 0.9133
vn -0.2886 -0.0000 0.9574
vn -0.2338 -0.0000 0.9723
vn -0.1351 -0.0000 0.9908
vn -0.0566 -0.0038 0.9984
vn 0.0479 -0.0000 0.9989
vn -0.0000 1.0000 -0.0022
vn -0.0000 1.0000 0.0022
vn -0.0000 1.0000 0.0023
vn 0.8790 -0.1501 -0.4526
vn 0.7796 -0.1646 -0.6043
vn 0.8318 0.1128 -0.5435
vn 0.8825 0.1127 -0.4566
vn 0.6740 -0.1714 -0.7186
vn 0.7192 0.1200 -0.6844
vn 0.5423 -0.1778 -0.8211
vn 0.5849 0.1122 -0.8033
vn 0.4922 -0.1772 -0.8523
vn 0.4957 0.1120 -0.8612
vn 0.4398 -0.1765 -0.8806
vn 0.4041 0.1115 -0.9079
vn 0.2866 -0.1720 -0.9425
vn 0.2319 0.1158 -0.9658
vn 0.1298 -0.1628 -0.9781
vn 0.0556 0.1135 -0.9920
vn -0.0513 -0.1480 -0.9877
vn -0.0455 0.1132 -0.9925
vn 0.7016 0.0076 0.7126
vn 0.7169 -0.0151 0.6970
vn 0.7045 0.0151 0.7096
vn 0.6571 0.0603 0.7514
vn 0.6561 -0.0979 0.7483
vn 0.4675 0.5275 -0.7094
vn 0.5848 0.1123 -0.8033
vn 0.4957 0.1120 -0.8613
vn 0.4251 0.5260 -0.7367
vn 0.5813 0.5292 -0.6181
vn 0.6773 0.5193 -0.5213
vn 0.8318 0.1130 -0.5435
vn 0.7698 0.4995 -0.3973
vn 0.8825 0.1128 -0.4565
vn 0.3779 0.5291 -0.7598
vn 0.2318 0.1159 -0.9658
vn 0.2428 0.5283 -0.8136
vn 0.0555 0.1135 -0.9920
vn 0.1102 0.5190 -0.8476
vn -0.0454 0.1133 -0.9925
vn -0.0414 0.4989 -0.8657
vn -0.8666 -0.0001 -0.4991
vn -0.8663 0.0001 -0.4995
vn -0.8584 0.1203 -0.4987
vn -0.8656 0.0452 -0.4987
vn -0.5006 0.0076 0.8657
vn -0.5006 0.0001 0.8657
vn -0.5005 0.0075 0.8657
vn -0.5005 0.0076 0.8657
vn -0.4979 0.1196 0.8590
vn -0.4986 0.0453 0.8656
vn 0.8666 -0.0000 0.4990
vn 0.8666 -0.0002 0.4991
vn 0.8665 0.0001 0.4992
vn 0.8606 0.1204 0.4949
vn 0.8656 0.0453 0.4987
vn -0.0075 1.0000 0.0066
vn -0.0074 1.0000 0.0066
vn -0.0076 0.9999 0.0065
vn -0.4977 0.1196 0.8590
vn -0.3564 0.6976 0.6216
vn -0.3563 0.6977 0.6215
vn -0.4985 0.0454 0.8657
vn 0.4986 0.0451 -0.8657
vn 0.5005 -0.0075 -0.8657
vn 0.5006 0.0001 -0.8657
vn 0.4978 0.1194 -0.8590
vn 0.4979 -0.1193 -0.8590
vn 0.4978 -0.1195 -0.8590
vn 0.3986 -0.5997 -0.6939
vn 0.3041 -0.7900 -0.5324
vn 0.0360 -0.9979 -0.0547
vn 0.0358 -0.9979 -0.0546
vn 0.8605 0.1204 0.4950
vn 0.6338 0.6862 0.3570
vn 0.6341 0.6860 0.3569
vn 0.8656 0.0450 0.4987
vn 0.0075 0.9999 -0.0109
vn 0.3626 0.6883 -0.6283
vn 0.4987 0.0449 -0.8656
vn 0.4977 0.1194 -0.8591
vn 0.3623 0.6883 -0.6285
vn -0.8584 0.1202 -0.4988
vn -0.6287 0.6845 -0.3691
vn -0.6285 0.6847 -0.3690
vn -0.8656 0.0454 -0.4987
vn 0.0148 -0.9996 -0.0240
vn 0.4073 -0.0000 -0.9133
vn 0.5004 -0.0000 -0.8658
vn 0.5005 -0.0000 -0.8657
vn 0.4506 -0.0000 -0.8927
vn 0.2886 -0.0000 -0.9575
vn 0.2338 -0.0000 -0.9723
vn 0.1566 -0.0000 -0.9877
vn 0.1090 -0.0000 -0.9940
vn 0.0393 -0.0000 -0.9992
vn 0.5885 -0.0000 -0.8085
vn 0.5490 -0.0000 -0.8358
vn 0.7231 -0.0000 -0.6907
vn 0.6828 -0.0000 -0.7306
vn 0.8072 -0.0000 -0.5902
vn 0.7779 -0.0000 -0.6283
vn 0.8442 -0.0000 -0.5361
vn -0.0000 1.0000 -0.0023
vn 0.9686 0.0076 0.2486
vn 0.9554 0.0151 0.2949
vn 0.9663 0.0151 0.2571
vn 0.9812 -0.0001 0.1931
vn 0.9763 -0.0978 0.1931
vn -0.4955 0.1126 0.8613
vn -0.4039 0.1121 0.9079
vn -0.3800 0.5275 0.7598
vn -0.4234 0.5274 0.7366
vn -0.2331 0.1134 0.9658
vn -0.2437 0.5279 0.8136
vn -0.1066 0.1147 0.9877
vn -0.1365 0.5203 0.8430
vn -0.0428 0.1144 0.9925
vn -0.0339 0.5109 0.8590
vn -0.4667 0.5282 0.7094
vn -0.5840 0.1165 0.8033
vn -0.5807 0.5298 0.6182
vn -0.7191 0.1203 0.6844
vn -0.6610 0.5251 0.5361
vn -0.8019 0.1130 0.5867
vn -0.7262 0.5106 0.4603
vn -0.8389 0.1131 0.5324
vn -0.8667 0.0001 -0.4988
vn -0.8605 0.1202 -0.4950
vn 0.3282 0.7513 -0.5725
vn 0.2112 0.9084 -0.3609
vn 0.0921 0.9828 -0.1599
vn 0.8666 -0.0000 0.4991
vn 0.8656 0.0453 0.4986
vn 0.8584 0.1204 0.4986
vn -0.0000 -1.0000 -0.0023
vn -0.1111 -0.9757 0.1889
vn -0.2297 -0.8903 0.3932
vn 0.0942 0.9828 -0.1588
vn 0.2091 0.9084 -0.3621
vn -0.8006 -0.5371 -0.2655
vn -0.8468 -0.3909 -0.3608
vn -0.6471 -0.7601 -0.0590
vn -0.5316 -0.8455 0.0502
vn -0.8513 -0.0866 -0.5175
vn -0.8136 0.0791 -0.5760
vn -0.6663 0.3853 -0.6384
vn -0.5567 0.5233 -0.6452
vn -0.2981 0.7418 -0.6007
vn -0.1481 0.8238 -0.5472
vn -0.5565 0.5234 -0.6453
vn -0.6662 0.3854 -0.6385
vn 0.1519 0.9015 -0.4052
vn 0.3078 0.8976 -0.3157
vn 0.5717 0.8123 -0.1155
vn 0.6856 0.7279 -0.0022
vn -0.2719 -0.9296 0.2486
vn -0.1168 -0.9330 0.3404
vn -0.5316 -0.8455 0.0503
vn -0.6470 -0.7602 -0.0589
vn 0.1800 -0.8566 0.4835
vn 0.3379 -0.7761 0.5324
vn 0.5959 -0.5557 0.5797
vn 0.7066 -0.4109 0.5761
vn 0.8505 -0.1130 0.5138
vn 0.8901 0.0529 0.4527
vn 0.8834 0.3608 0.2990
vn 0.8402 0.5034 0.2018
vn 0.6854 0.7282 -0.0022
vn 0.5719 0.8122 -0.1155
vn -0.5976 0.5310 -0.6008
vn -0.1910 0.8409 -0.5063
vn -0.3423 0.7586 -0.5544
vn -0.7007 0.3902 -0.5973
vn 0.2625 0.9252 -0.2739
vn 0.1112 0.9244 -0.3649
vn 0.6456 0.7631 0.0284
vn 0.5266 0.8463 -0.0808
vn 0.4451 -0.5008 -0.7423
vn 0.4496 -0.5010 -0.7394
vn 0.4451 -0.5009 -0.7423
vn 0.4459 -0.5003 -0.7422
vn 0.4495 -0.5012 -0.7394
vn 0.4493 -0.5011 -0.7396
vn 0.4449 -0.5009 -0.7424
vn 0.4446 -0.5010 -0.7425
vn 0.4490 -0.5014 -0.7396
vn 0.4490 -0.5017 -0.7394
vn 0.4498 -0.5011 -0.7393
vn 0.7004 -0.3906 0.5973
vn 0.8748 0.0904 0.4759
vn 0.8401 -0.0831 0.5361
vn 0.5972 -0.5315 0.6007
vn 0.8093 0.5416 0.2274
vn 0.8595 0.3953 0.3239
vn 0.5262 0.8465 -0.0807
vn 0.6457 0.7631 0.0284
vn -0.5284 -0.8452 0.0808
vn -0.1072 -0.9249 0.3648
vn -0.2611 -0.9256 0.2740
vn -0.6458 -0.7630 -0.0282
vn 0.3443 -0.7578 0.5543
vn 0.1892 -0.8413 0.5064
vn 0.7004 -0.3909 0.5972
vn 0.5969 -0.5317 0.6009
vn -0.7007 0.3901 -0.5974
vn -0.8756 -0.0827 -0.4759
vn -0.8404 0.0790 -0.5361
vn -0.5975 0.5310 -0.6009
vn -0.8120 -0.5375 -0.2275
vn -0.8598 -0.3947 -0.3239
vn -0.5283 -0.8452 0.0807
vn -0.6459 -0.7629 -0.0284
vn -0.6765 0.7032 0.2188
vn -0.9239 0.2535 -0.2865
vn -0.3687 0.9296 -0.0022
vn -0.5209 0.8216 0.2316
vn -0.8672 0.4571 -0.1975
vn -0.4714 0.8818 0.0152
vn -0.8231 0.5552 -0.1199
vn -0.5282 0.8444 0.0894
vn -0.7785 0.6253 0.0546
vn -0.5161 0.8334 0.1975
vn -0.9721 0.1727 0.1588
vn -0.6233 0.7191 0.3073
vn -0.7348 0.2380 0.6351
vn -0.9742 -0.1355 0.1803
vn -0.7922 -0.2384 0.5617
vn -0.8274 0.3529 0.4369
vn -0.6893 0.2376 0.6844
vn -0.9226 0.2717 -0.2739
vn -0.9310 0.1204 -0.3445
vn -0.9299 0.0716 -0.3609
vn -0.9209 0.0604 -0.3852
vn -0.9057 0.0490 -0.4212
vn -0.9101 0.0302 -0.4132
vn -0.8907 0.0415 -0.4526
vn -0.9084 0.0264 -0.4172
vn -0.8841 0.0528 -0.4642
vn -0.9081 0.0679 -0.4133
vn -0.8953 0.0867 -0.4370
vn -0.8630 0.0528 -0.5025
vn -0.8615 0.0377 -0.5063
vn -0.8864 0.1278 -0.4449
vn -0.8477 0.1165 -0.5176
vn -0.8474 0.0791 -0.5250
vn -0.8028 0.1537 -0.5761
vn -0.7852 0.1500 -0.6008
vn -0.7251 0.2122 -0.6552
vn -0.6871 0.2154 -0.6939
vn -0.6446 0.2436 -0.7247
vn -0.4204 0.3964 -0.8162
vn -0.5792 0.2563 -0.7738
vn -0.2176 0.4920 -0.8429
vn -0.2245 0.5591 -0.7981
vn -0.0357 0.5368 -0.8429
vn -0.7990 0.4003 -0.4487
vn -0.6733 0.5785 -0.4604
vn 0.5180 -0.3931 -0.7597
vn 0.4570 -0.6559 -0.6008
vn 0.4152 -0.6312 -0.6552
vn 0.5088 -0.2814 -0.8136
vn 0.3038 -0.8714 -0.3852
vn 0.2893 -0.8709 -0.3973
vn 0.1355 -0.9905 -0.0240
vn 0.1242 -0.9896 -0.0720
vn -0.0378 -0.9610 0.2739
vn -0.0698 -0.9435 0.3240
vn -0.1873 -0.8158 0.5472
vn -0.1799 -0.8025 0.5689
vn -0.2704 -0.6542 0.7063
vn -0.1917 -0.6317 0.7512
vn -0.0810 -0.7709 0.6318
vn -0.1732 -0.5844 0.7928
vn 0.0942 -0.8867 0.4526
vn 0.0773 -0.7768 0.6250
vn 0.2586 -0.8693 0.4212
vn -0.0302 -0.6293 0.7765
vn -0.0994 -0.4790 0.8721
vn -0.1927 -0.4245 0.8847
vn -0.2317 -0.5371 0.8111
vn -0.0755 -0.6117 0.7874
vn 0.2776 -0.9374 0.2103
vn 0.5194 -0.8293 0.2061
vn 0.5312 -0.8421 -0.0938
vn 0.7580 -0.6514 0.0328
vn 0.8090 -0.5347 -0.2444
vn 0.9518 -0.3045 -0.0371
vn 0.9551 -0.1948 -0.2231
vn 0.5547 -0.1343 -0.8212
vn 0.9523 -0.0604 -0.2991
vn 0.5179 -0.3931 -0.7598
vn 0.9840 -0.0603 -0.1673
vn 0.9857 -0.1579 -0.0590
vn 0.8090 -0.5346 -0.2444
vn 0.5087 -0.2814 -0.8137
vn 0.5248 -0.1341 -0.8406
vn -0.8424 -0.2530 -0.4758
vn -0.8271 -0.3278 -0.4565
vn -0.8879 -0.2022 -0.4133
vn -0.9026 -0.1838 -0.3892
vn -0.8036 -0.3724 -0.4642
vn -0.8195 -0.4279 -0.3811
vn -0.3689 -0.8649 -0.3403
vn -0.5323 -0.7714 -0.3486
vn 0.0716 -0.9847 -0.1586
vn -0.9808 -0.1130 -0.1588
vn -0.8144 -0.2128 -0.5398
vn -0.5323 -0.7714 -0.3487
vn -0.3689 -0.8649 -0.3405
vn -0.9352 -0.0340 -0.3526
vn -0.8029 -0.1389 -0.5796
vn -0.8146 -0.2126 -0.5397
vn -0.9809 -0.1128 -0.1586
vn -0.9497 0.1168 -0.2907
vn -0.8055 -0.1388 -0.5762
vn -0.8143 -0.1463 -0.5617
vn -0.8192 -0.1464 -0.5545
vn -0.8384 -0.1463 -0.5250
vn -0.8537 -0.1501 -0.4987
vn -0.8755 -0.1465 -0.4604
vn -0.8796 -0.1464 -0.4526
vn -0.8931 -0.1353 -0.4291
vn -0.9016 -0.1279 -0.4132
vn -0.9214 -0.1091 -0.3730
vn -0.9302 -0.1017 -0.3528
vn -0.9393 -0.0868 -0.3320
vn -0.9392 -0.0868 -0.3321
vn 0.0038 -0.6164 -0.7874
vn 0.0903 -0.6372 -0.7654
vn -0.0733 -0.5911 -0.8033
vn -0.0771 -0.5941 -0.8007
vn 0.2439 -0.6678 -0.7032
vn 0.2933 -0.6837 -0.6683
vn 0.3334 -0.6905 -0.6419
vn 0.3303 -0.6952 -0.6385
vn -0.8877 -0.0114 -0.4603
vn -0.9176 -0.1128 -0.3812
vn -0.8831 -0.0302 -0.4682
vn -0.8708 -0.0641 -0.4873
vn -0.8867 -0.0940 -0.4526
vn -0.8666 -0.0001 -0.4990
vn -0.8666 -0.0001 -0.4989
vn 0.1177 -0.0000 -0.9931
vn 0.1122 0.2242 -0.9681
vn 0.3002 0.2247 -0.9270
vn 0.3300 -0.0000 -0.9440
vn -0.4336 -0.0675 -0.8986
vn -0.1167 0.2073 -0.9713
vn -0.8572 -0.0338 -0.5138
vn -0.8434 -0.0716 -0.5324
vn -0.8556 -0.0037 -0.5176
vn -0.8615 -0.0377 -0.5063
vn -0.8667 -0.0001 -0.4989
vn -0.8622 0.0075 -0.5065
vn -0.8624 0.0077 -0.5062
vn -0.8622 0.0075 -0.5064
vn -0.8623 0.0074 -0.5064
vn -0.8601 0.0079 -0.5100
vn -0.8623 0.0078 -0.5063
vn -0.8623 0.0072 -0.5063
vn -0.8624 0.0075 -0.5062
vn -0.8622 0.0077 -0.5065
vn -0.8623 0.0077 -0.5063
vn -0.8625 0.0074 -0.5060
vn -0.9631 0.0791 -0.2571
vn -0.8155 0.5514 -0.1761
vn -0.7847 0.4234 -0.4528
vn -0.8621 -0.0903 -0.4987
vn -0.4846 0.8746 0.0153
vn -0.4981 0.8181 -0.2873
vn -0.0623 0.9633 0.2613
vn -0.0779 0.9960 -0.0449
vn 0.3469 0.7943 0.4987
vn 0.3632 0.9077 0.2103
vn -0.3584 0.7617 0.5398
vn -0.0207 0.6792 0.7336
vn 0.2282 0.4154 0.8806
vn 0.6286 0.4138 0.6585
vn -0.6840 0.6386 0.3527
vn -0.9122 0.3436 0.2231
vn -0.9829 -0.0377 0.1803
vn 0.5598 -0.5519 0.6181
vn 0.2297 -0.8736 0.4291
vn 0.4971 -0.8188 0.2871
vn 0.7864 -0.4203 0.4526
vn -0.1987 -0.9625 0.1847
vn 0.0736 -0.9962 0.0459
vn -0.6060 -0.7936 -0.0546
vn -0.3647 -0.9071 -0.2103
vn -0.8851 -0.4130 -0.2146
vn -0.7103 -0.5722 -0.4099
vn -0.9632 0.0790 -0.2571
vn -0.8620 -0.0903 -0.4988
vn -0.8769 -0.4164 0.2400
vn -0.9829 -0.0379 0.1803
vn -0.6227 -0.6788 0.3892
vn -0.2917 -0.7610 0.5796
vn 0.0378 -0.6391 0.7682
vn 0.2635 -0.3460 0.9005
vn 0.3470 0.7943 0.4987
vn 0.7097 0.5729 0.4099
vn 0.7061 -0.0830 0.7033
vn 0.8625 0.0906 0.4979
vn 0.5597 -0.5520 0.6181
vn 0.7863 -0.4205 0.4526
vn 0.3363 0.0378 0.9410
vn 0.2635 -0.3461 0.9004
vn 0.2281 0.4155 0.8805
vn -0.0695 0.3185 0.9454
vn -0.3425 0.3440 0.8743
vn -0.0976 -0.1691 0.9807
vn 0.0950 0.0771 0.9925
vn -0.3000 -0.2572 0.9186
vn -0.5127 0.2960 0.8059
vn -0.4426 -0.2991 0.8454
vn -0.6424 0.2580 0.7217
vn -0.3585 0.7617 0.5398
vn -0.0208 0.6793 0.7336
vn -0.6840 0.6385 0.3527
vn -0.9122 0.3437 0.2232
vn -0.8005 0.1650 0.5761
vn -0.5850 -0.3393 0.7367
vn -0.9829 -0.0378 0.1803
vn -0.9056 -0.0756 0.4173
vn -0.7847 -0.3168 0.5328
vn -0.8769 -0.4163 0.2401
vn 0.2280 0.4153 0.8806
vn 0.3361 0.0378 0.9411
vn 0.0947 0.0771 0.9925
vn -0.0976 -0.1692 0.9807
vn 0.2635 -0.3461 0.9005
vn 0.2281 0.4153 0.8806
vn -0.0690 0.3184 0.9454
vn -0.3000 -0.2573 0.9186
vn 0.0376 -0.6390 0.7683
vn 0.2633 -0.3461 0.9005
vn -0.0977 -0.1692 0.9807
vn -0.4426 -0.2992 0.8453
vn -0.2918 -0.7608 0.5796
vn -0.5851 -0.3393 0.7366
vn -0.6226 -0.6788 0.3893
vn -0.7849 -0.3171 0.5324
vn -0.8768 -0.4166 0.2402
vn -0.8739 0.2130 -0.4370
vn -0.8615 0.1872 -0.4720
vn -0.8682 0.2277 -0.4409
vn -0.8712 0.2386 -0.4291
vn -0.8758 0.1872 -0.4448
vn -0.8816 0.2131 -0.4212
vn -0.8881 0.2094 -0.4093
vn -0.8880 0.2315 -0.3973
vn -0.8080 0.2273 -0.5435
vn -0.7950 0.2199 -0.5653
vn -0.7985 0.2345 -0.5545
vn -0.8035 0.2345 -0.5471
vn -0.7625 0.2124 -0.6112
vn -0.7582 0.2448 -0.6043
vn -0.7209 0.2445 -0.6485
vn -0.6998 0.2690 -0.6618
vn -0.8505 0.0941 -0.5175
vn -0.7015 0.6121 -0.3650
vn -0.5464 0.4918 -0.6779
vn -0.6206 -0.1088 -0.7765
vn -0.4427 0.8926 -0.0851
vn -0.3127 0.8665 -0.3892
vn -0.0472 0.9971 -0.0589
vn -0.1784 0.9563 0.2316
vn 0.0641 0.8273 0.5581
vn 0.2229 0.9344 0.2779
vn 0.2607 0.4664 0.8453
vn 0.4758 0.6493 0.5934
vn 0.3197 -0.0967 0.9426
vn 0.6222 0.1054 0.7757
vn 0.2057 -0.6097 0.7655
vn 0.5442 -0.4897 0.6813
vn -0.3028 0.0377 0.9523
vn -0.3363 -0.3001 0.8927
vn -0.3507 0.3625 0.8635
vn -0.6502 0.1607 0.7426
vn -0.5941 0.0415 0.8034
vn -0.4689 0.5661 0.6780
vn -0.6243 0.6283 0.4642
vn -0.3506 0.3627 0.8635
vn 0.2603 0.4666 0.8453
vn -0.7361 0.1574 0.6583
vn -0.6503 0.1608 0.7424
vn -0.6506 0.1610 0.7422
vn -0.6681 -0.0829 0.7395
vn -0.5940 0.0414 0.8034
vn -0.7826 0.1355 0.6076
vn -0.7294 -0.1128 0.6748
vn -0.8197 0.1130 0.5616
vn -0.7640 -0.1314 0.6318
vn -0.8674 0.0791 0.4912
vn -0.8020 -0.1576 0.5762
vn -0.9133 -0.0415 0.4052
vn -0.8666 -0.1615 0.4720
vn -0.9951 -0.0415 0.0894
vn -0.9189 -0.3612 0.1589
vn -0.8506 0.0941 -0.5174
vn -0.7671 -0.4697 -0.4370
vn -0.6207 -0.1088 -0.7764
vn -0.4755 -0.6489 -0.5940
vn -0.5322 -0.8262 -0.1846
vn -0.7625 -0.5671 0.3115
vn -0.2668 -0.9551 0.1286
vn -0.5914 -0.6246 0.5100
vn -0.0114 -0.8916 0.4527
vn -0.4392 -0.5351 0.7216
vn 0.2060 -0.6097 0.7654
vn -0.3362 -0.3001 0.8927
vn -0.3029 0.0378 0.9523
vn -0.7826 0.1354 0.6077
vn -0.7989 0.5377 0.2697
vn -0.8196 0.1129 0.5617
vn -0.9444 0.3007 0.1329
vn -0.8675 0.0791 0.4911
vn -0.9951 -0.0414 0.0895
vn -0.9133 -0.0403 0.4052
vn -0.4760 -0.6487 -0.5938
vn -0.2237 -0.9341 -0.2783
vn -0.5320 -0.8264 -0.1846
vn -0.7672 -0.4694 -0.4370
vn 0.0432 -0.9973 0.0589
vn 0.3147 -0.8657 0.3892
vn -0.0112 -0.8916 0.4526
vn 0.5443 -0.4897 0.6811
vn 0.2061 -0.6097 0.7654
vn 0.7807 -0.0000 -0.6249
vn 0.7805 -0.0000 -0.6251
vn 0.7806 -0.0000 -0.6251
vn 0.7806 -0.0000 -0.6250
vn 0.7805 -0.0000 -0.6252
vn 0.7803 -0.0000 -0.6254
vn 0.3944 0.7766 0.4912
vn 0.3794 0.7934 0.4759
vn 0.4128 0.7495 0.5175
vn 0.4131 0.7493 0.5175
vn 0.3901 0.7813 0.4873
vn 0.4158 0.7453 0.5212
vn 0.4472 0.6990 0.5581
vn 0.4472 0.6989 0.5581
vn 0.7834 -0.0073 -0.6215
vn 0.7861 -0.0075 -0.6180
vn 0.7806 0.0007 -0.6250
vn 0.7935 -0.0228 -0.6081
vn 0.8010 -0.0381 -0.5975
vn 0.8102 -0.0603 -0.5831
vn 0.8077 -0.0604 -0.5864
vn -0.3977 -0.7749 -0.4912
vn -0.3825 -0.7943 -0.4721
vn -0.4173 -0.7470 -0.5176
vn -0.4175 -0.7468 -0.5176
vn -0.7834 0.0075 0.6215
vn -0.7861 0.0075 0.6180
vn -0.7802 0.0039 0.6255
vn -0.7801 0.0041 0.6257
vn -0.7937 0.0224 0.6079
vn -0.8009 0.0413 0.5974
vn -0.8100 0.0608 0.5832
vn -0.8075 0.0610 0.5867
vn -0.5001 0.5960 -0.6282
vn -0.5001 0.5956 -0.6286
vn -0.5000 0.5960 -0.6283
vn -0.4999 0.5965 -0.6280
vn -0.4135 -0.7466 -0.5211
vn -0.3878 -0.7825 -0.4871
vn -0.4513 -0.6962 -0.5582
vn -0.4513 -0.6962 -0.5583
vn -0.3831 -0.7940 -0.4721
vn -0.3981 -0.7747 -0.4913
vn 0.4468 -0.0000 -0.8946
vn 0.4466 -0.0000 -0.8947
vn 0.4467 -0.0000 -0.8947
vn -0.4468 0.0037 0.8946
vn -0.4467 0.0038 0.8947
vn -0.4467 0.0037 0.8947
vn -0.0603 -0.9976 -0.0328
vn 0.0604 0.9976 0.0327
vn 0.0604 0.9976 0.0328
vn -0.9686 0.0076 -0.2486
vn -0.9554 0.0151 -0.2948
vn -0.9662 0.0188 -0.2570
vn -0.9811 -0.0038 -0.1932
vn -0.9759 -0.1017 -0.1932
vn 0.8665 0.0001 0.4991
vn 0.8655 0.0453 0.4988
vn 0.8605 0.1204 0.4951
vn -0.5005 0.0074 0.8657
vn -0.5007 -0.0000 0.8656
vn -0.5004 0.0075 0.8658
vn -0.8667 -0.0001 -0.4987
vn -0.8585 0.1202 -0.4986
vn -0.4978 0.1196 0.8590
vn -0.3567 0.6976 0.6214
vn 0.5008 -0.0001 -0.8656
vn 0.5006 -0.0074 -0.8656
vn 0.4985 0.0451 -0.8657
vn 0.4978 -0.1194 -0.8590
vn 0.4977 -0.1195 -0.8591
vn 0.3043 -0.7899 -0.5325
vn 0.4001 -0.5999 -0.6928
vn 0.0359 -0.9979 -0.0547
vn -0.6285 0.6847 -0.3691
vn -0.6281 0.6850 -0.3691
vn -0.8583 0.1205 -0.4988
vn -0.8656 0.0451 -0.4987
vn 0.0076 0.9999 -0.0109
vn 0.4979 0.1193 -0.8590
vn 0.4986 0.0449 -0.8657
vn 0.3625 0.6882 -0.6284
vn 0.3626 0.6883 -0.6282
vn 0.8605 0.1201 0.4950
vn 0.8656 0.0455 0.4987
vn 0.6340 0.6862 0.3567
vn 0.6343 0.6858 0.3569
vn 0.0150 -0.9996 -0.0240
vn 0.3755 -0.7613 0.5287
vn 0.7369 -0.3919 0.5508
vn 0.6311 -0.5350 0.5617
vn 0.2206 -0.8448 0.4874
vn 0.9057 0.0756 0.4172
vn 0.8735 -0.0831 0.4797
vn 0.8375 0.5229 0.1587
vn 0.8878 0.3818 0.2572
vn 0.8377 0.5225 0.1588
vn 0.5482 0.8236 -0.1459
vn 0.6682 0.7428 -0.0415
vn 0.8876 0.3821 0.2570
vn 0.1166 0.8976 -0.4251
vn 0.2753 0.9006 -0.3363
vn -0.3362 0.7282 -0.5972
vn -0.1888 0.8130 -0.5508
vn 0.2205 -0.8449 0.4874
vn -0.2374 -0.9332 0.2698
vn -0.0813 -0.9307 0.3567
vn 0.3754 -0.7613 0.5287
vn -0.6283 -0.7776 -0.0240
vn -0.5095 -0.8567 0.0807
vn -0.8500 -0.4155 -0.3239
vn -0.7983 -0.5594 -0.2232
vn -0.8375 0.0566 -0.5435
vn -0.8696 -0.1165 -0.4797
vn -0.5915 0.5060 -0.6278
vn -0.6990 0.3596 -0.6181
vn -0.1891 0.8129 -0.5509
vn 0.6517 0.7583 0.0196
vn 0.5314 0.8428 -0.0851
vn 0.8171 0.5351 0.2146
vn 0.8674 0.3881 0.3115
vn 0.2607 0.9245 -0.2782
vn 0.1114 0.9241 -0.3655
vn -0.1981 0.8438 -0.4987
vn -0.3423 0.7639 -0.5471
vn 0.4185 -0.5022 -0.7568
vn 0.4178 -0.5022 -0.7571
vn 0.4188 -0.5022 -0.7566
vn 0.4201 -0.5017 -0.7562
vn 0.4187 -0.5022 -0.7566
vn 0.4186 -0.5023 -0.7566
vn 0.4193 -0.5022 -0.7563
vn 0.4179 -0.5025 -0.7569
vn 0.4188 -0.5021 -0.7566
vn 0.4186 -0.5018 -0.7570
vn -0.8841 -0.0789 -0.4605
vn -0.8490 0.0867 -0.5212
vn -0.8658 -0.3915 -0.3116
vn -0.8193 -0.5318 -0.2146
vn -0.7105 0.3937 -0.5833
vn -0.6032 0.5404 -0.5866
vn -0.3424 0.7638 -0.5472
vn -0.1983 0.8439 -0.4986
vn -0.1076 -0.9248 0.3649
vn -0.2628 -0.9238 0.2782
vn 0.1965 -0.8441 0.4988
vn 0.3447 -0.7628 0.5470
vn -0.5351 -0.8405 0.0851
vn -0.6514 -0.7585 -0.0196
vn -0.8193 -0.5317 -0.2146
vn -0.8655 -0.3922 -0.3115
vn 0.8838 0.0830 0.4604
vn 0.8509 -0.0907 0.5175
vn 0.8673 0.3881 0.3116
vn 0.8169 0.5353 0.2146
vn 0.7085 -0.3974 0.5831
vn 0.6051 -0.5382 0.5867
vn 0.3447 -0.7628 0.5471
vn 0.1967 -0.8442 0.4987
vn 0.2022 -0.9152 -0.3487
vn 0.0829 -0.9617 -0.2613
vn 0.2938 -0.6268 -0.7216
vn 0.2574 -0.5638 -0.7847
vn 0.0773 -0.9934 -0.0851
vn -0.1205 -0.9922 0.0327
vn -0.1561 -0.9651 0.2103
vn -0.3111 -0.8841 0.3486
vn -0.3459 -0.8303 0.4370
vn -0.4049 -0.6862 0.6043
vn -0.4257 -0.7423 0.5175
vn -0.5420 -0.4832 0.6875
vn -0.5510 -0.3574 0.7541
vn -0.6016 -0.3161 0.7336
vn -0.6921 -0.4953 0.5250
vn -0.6101 -0.7115 0.3486
vn -0.4392 -0.8865 0.1459
vn -0.7137 -0.6564 0.2444
vn -0.5817 -0.8116 0.0546
vn -0.8089 -0.4851 0.3322
vn -0.6978 -0.4007 0.5938
vn -0.5668 -0.3447 0.7483
vn -0.5711 -0.2741 0.7738
vn -0.2594 -0.9620 -0.0851
vn -0.4303 -0.8862 -0.1717
vn -0.1521 -0.9185 -0.3650
vn -0.3215 -0.8820 -0.3445
vn -0.0809 -0.7454 -0.6617
vn 0.1201 -0.7007 -0.7032
vn 0.2498 -0.7250 -0.6419
vn 0.2056 -0.6133 -0.7626
vn 0.3578 -0.5469 -0.7569
vn 0.3640 -0.5101 -0.7793
vn 0.2981 -0.4739 -0.8286
vn -0.8274 0.3529 0.4370
vn -0.4603 0.6102 0.6449
vn -0.4322 0.7385 0.5175
vn -0.5189 0.4535 0.7247
vn -0.6122 0.6563 0.4409
vn -0.6319 0.5225 0.5725
vn -0.4375 0.8985 0.0372
vn -0.7222 0.6421 0.2571
vn -0.5868 0.7903 -0.1760
vn -0.2844 0.9363 -0.2060
vn -0.5274 0.7729 -0.3528
vn -0.1853 0.8555 -0.4835
vn -0.4083 0.7023 -0.5831
vn -0.1404 0.6779 -0.7216
vn -0.3160 0.5721 -0.7569
vn -0.0768 0.4908 -0.8679
vn -0.3064 0.4006 -0.8635
vn -0.2109 0.2903 -0.9334
vn 0.0207 0.4926 -0.8700
vn 0.0244 0.3209 -0.9468
vn 0.0281 0.2363 -0.9713
vn 0.0561 0.3085 -0.9496
vn 0.1216 0.2431 -0.9624
vn 0.0858 0.3859 -0.9186
vn 0.0659 0.7017 -0.7094
vn 0.0996 0.6945 -0.7125
vn 0.0132 0.8876 -0.4604
vn -0.0020 0.8298 -0.5581
vn 0.0660 0.9716 -0.2274
vn -0.0980 0.9851 -0.1415
vn -0.0075 0.9947 0.1025
vn -0.1895 0.9660 0.1760
vn -0.1335 0.9337 0.3322
vn 0.4791 -0.6266 -0.6147
vn 0.1856 -0.9608 -0.2061
vn 0.2023 -0.9152 -0.3487
vn 0.5531 -0.5623 -0.6147
vn 0.0377 -0.9936 -0.1068
vn 0.0339 -0.9917 0.1242
vn -0.1055 -0.9650 0.2401
vn -0.1485 -0.8832 0.4448
vn 0.2061 -0.9610 0.1846
vn 0.0962 -0.8885 0.4487
vn 0.3879 -0.9203 -0.0502
vn 0.3646 -0.8874 0.2823
vn 0.4563 -0.8834 0.1068
vn 0.2421 -0.8135 0.5288
vn 0.1424 -0.6579 0.7395
vn 0.0056 -0.7110 0.7032
vn -0.2325 -0.7424 0.6283
vn 0.1198 -0.4861 0.8657
vn -0.1070 -0.4929 0.8635
vn -0.3228 -0.4835 0.8136
vn -0.3203 -0.6905 0.6486
vn -0.2093 -0.8297 0.5175
vn -0.3758 -0.3531 0.8568
vn -0.3374 -0.3160 0.8867
vn -0.1658 -0.3979 0.9023
vn -0.3666 -0.3465 0.8635
vn -0.3852 -0.2761 0.8806
vn 0.6143 -0.7461 -0.2570
vn 0.5480 -0.7010 -0.4565
vn 0.4362 -0.7227 -0.5361
vn 0.5615 -0.6109 -0.5581
vn 0.4748 -0.5454 -0.6907
vn 0.4884 -0.5124 -0.7063
vn 0.5704 -0.4730 -0.6715
vn 0.9507 0.2392 0.1975
vn 0.9236 0.2684 0.2739
vn 0.9011 0.2463 0.3568
vn 0.8367 0.5362 -0.1112
vn 0.7486 0.6631 -0.0021
vn 0.9086 0.2169 0.3568
vn 0.8788 0.1726 0.4448
vn 0.7378 0.5755 0.3527
vn 0.8749 0.2245 0.4292
vn 0.8770 0.2313 0.4211
vn 0.9018 0.1504 0.4053
vn 0.8788 0.2388 0.4132
vn -0.5002 -0.0004 0.8659
vn -0.5001 -0.0002 0.8659
vn -0.5005 0.0001 0.8657
vn -0.5001 0.0002 0.8660
vn -0.5005 -0.0000 0.8657
vn -0.5003 -0.0000 0.8659
vn -0.5009 -0.0001 0.8655
vn -0.5002 -0.0002 0.8659
vn -0.5006 -0.0000 0.8657
vn -0.5004 0.0001 0.8658
vn -0.5004 0.0006 0.8658
vn -0.5002 0.0004 0.8659
vn -0.5000 -0.0000 0.8660
vn -0.5001 0.0001 0.8660
vn 0.5001 0.0002 -0.8660
vn 0.4999 0.0003 -0.8661
vn 0.5005 -0.0000 -0.8658
vn 0.5005 0.0001 -0.8657
vn 0.5002 0.0004 -0.8659
vn 0.5000 0.0002 -0.8660
vn 0.5003 0.0001 -0.8659
vn 0.5003 -0.0000 -0.8659
vn 0.5004 -0.0001 -0.8658
vn 0.5000 -0.0002 -0.8660
vn 0.5009 -0.0000 -0.8655
vn 0.5001 -0.0002 -0.8659
vn 0.5003 -0.0001 -0.8658
vn 0.5008 -0.0000 -0.8656
vn 0.5004 -0.0002 -0.8658
vn 0.5004 0.0002 -0.8658
vn 0.8210 0.1502 0.5508
vn 0.8056 0.1651 0.5689
vn 0.8004 0.2094 0.5617
vn 0.8086 0.2166 0.5470
vn 0.7846 0.2382 0.5724
vn 0.8120 0.0676 0.5797
vn 0.8060 0.2163 0.5509
vn 0.8256 0.0833 0.5580
vn 0.8153 0.2096 0.5398
vn 0.7902 0.4001 0.4643
vn 0.8188 0.2238 0.5287
vn 0.8469 0.1506 0.5100
vn 0.8418 0.1873 0.5063
vn 0.1522 -0.0000 -0.9883
vn 0.1522 -0.0000 -0.9884
vn 0.1521 -0.0001 -0.9884
vn 0.1525 0.0001 -0.9883
vn 0.1522 -0.0001 -0.9883
vn 0.1519 -0.0001 -0.9884
vn 0.1521 0.0003 -0.9884
vn 0.1523 0.0003 -0.9883
vn 0.1514 -0.0001 -0.9885
vn 0.1510 -0.0002 -0.9885
vn 0.1528 -0.0000 -0.9883
vn 0.1517 0.0001 -0.9884
vn 0.1522 -0.0002 -0.9883
vn 0.1518 -0.0001 -0.9884
vn 0.1518 0.0001 -0.9884
vn 0.4491 -0.5012 -0.7396
vn 0.4491 -0.5013 -0.7396
vn 0.4489 -0.5014 -0.7396
vn 0.4492 -0.5013 -0.7396
vn 0.4492 -0.5012 -0.7396
vn 0.4495 -0.5010 -0.7396
vn 0.4494 -0.5012 -0.7395
vn 0.4494 -0.5011 -0.7396
vn 0.4497 -0.5010 -0.7395
vn 0.4447 -0.5010 -0.7425
vn 0.4493 -0.5012 -0.7395
vn 0.4449 -0.5008 -0.7425
vn 0.4452 -0.5008 -0.7423
vn 0.4492 -0.5013 -0.7395
vn 0.4452 -0.5010 -0.7421
vn 0.4499 -0.5011 -0.7393
vn 0.4449 -0.5010 -0.7424
vn -0.7251 0.2122 -0.6551
vn -0.7583 0.2449 -0.6042
vn -0.6998 0.2691 -0.6618
vn -0.8028 0.1536 -0.5761
vn -0.7986 0.2343 -0.5544
vn -0.8476 0.1167 -0.5176
vn -0.8034 0.2347 -0.5472
vn -0.6733 0.5786 -0.4603
vn -0.8081 0.2273 -0.5434
vn -0.8232 0.1759 -0.5398
vn -0.7951 0.2198 -0.5653
vn -0.3716 0.6643 -0.6485
vn -0.7624 0.2126 -0.6113
vn -0.3200 0.5388 -0.7793
vn -0.7209 0.2443 -0.6485
vn 0.5000 0.0003 -0.8660
vn 0.5005 -0.0001 -0.8657
vn 0.5005 -0.0002 -0.8658
vn 0.5001 -0.0003 -0.8660
vn 0.5001 -0.0000 -0.8660
vn 0.5001 0.0004 -0.8660
vn 0.5007 -0.0000 -0.8656
vn 0.5002 0.0001 -0.8659
vn 0.5001 0.0002 -0.8659
vn 0.5002 -0.0000 -0.8659
vn 0.5003 -0.0000 -0.8658
vn 0.5004 -0.0003 -0.8658
vn -0.8875 0.1465 -0.4370
vn -0.8881 0.2093 -0.4093
vn -0.8943 0.1614 -0.4173
vn -0.8638 0.1541 -0.4797
vn -0.8615 0.1874 -0.4720
vn -0.7991 0.4002 -0.4487
vn -0.8683 0.2276 -0.4408
vn -0.8711 0.2386 -0.4292
vn -0.8953 0.0868 -0.4370
vn -0.8739 0.2131 -0.4370
vn -0.9081 0.0677 -0.4132
vn -0.8816 0.2128 -0.4212
vn -0.8788 0.2166 -0.4251
vn -0.8880 0.2314 -0.3973
vn 0.7811 0.0001 -0.6244
vn 0.7808 -0.0001 -0.6248
vn 0.7806 0.0001 -0.6250
vn 0.7805 0.0002 -0.6252
vn 0.7806 0.0002 -0.6250
vn 0.7805 0.0007 -0.6251
vn 0.7801 0.0002 -0.6257
vn 0.7807 -0.0004 -0.6249
vn 0.7806 -0.0008 -0.6250
vn 0.7804 -0.0000 -0.6252
vn 0.7804 -0.0001 -0.6252
vn 0.7805 -0.0001 -0.6251
vn 0.7803 -0.0001 -0.6254
vn 0.7805 -0.0003 -0.6251
vn 0.7803 -0.0002 -0.6254
vn 0.7805 0.0001 -0.6251
vn 0.7805 0.0004 -0.6251
vn 0.7807 0.0007 -0.6249
vn 0.4185 -0.5022 -0.7567
vn 0.4183 -0.5024 -0.7567
vn 0.4185 -0.5019 -0.7569
vn 0.4186 -0.5020 -0.7568
vn 0.4187 -0.5016 -0.7570
vn 0.4186 -0.5020 -0.7569
vn 0.4182 -0.5025 -0.7567
vn 0.4182 -0.5022 -0.7569
vn 0.4179 -0.5023 -0.7570
vn 0.4180 -0.5022 -0.7570
vn 0.4179 -0.5024 -0.7569
vn 0.4183 -0.5022 -0.7569
vn 0.4188 -0.5023 -0.7566
vn 0.4184 -0.5020 -0.7570
vn 0.4188 -0.5019 -0.7568
vn 0.4187 -0.5019 -0.7568
vn 0.4182 -0.5020 -0.7570
vn 0.4186 -0.5022 -0.7567
vn 0.4183 -0.5025 -0.7566
vn 0.4185 -0.5021 -0.7568
vn -0.6846 -0.1389 0.7156
vn -0.6000 -0.2326 0.7654
vn -0.5621 -0.1349 0.8160
vn -0.6146 -0.0796 0.7848
vn -0.4812 -0.2716 0.8335
vn -0.4934 -0.1634 0.8543
vn -0.3606 -0.2359 0.9024
vn -0.4246 -0.1378 0.8948
vn -0.2787 -0.1352 0.9508
vn -0.3739 -0.0827 0.9238
vn -0.6147 -0.0792 0.7847
vn -0.6337 -0.0037 0.7736
vn -0.7170 -0.0000 0.6971
vn -0.6846 -0.1391 0.7155
vn -0.6146 0.0791 0.7849
vn -0.6847 0.1388 0.7155
vn -0.5645 0.1386 0.8137
vn -0.5999 0.2326 0.7655
vn -0.4932 0.1632 0.8545
vn -0.4815 0.2713 0.8334
vn -0.4249 0.1378 0.8947
vn -0.3610 0.2360 0.9022
vn -0.3742 0.0826 0.9237
vn -0.2783 0.1353 0.9509
vn -0.3545 0.0037 0.9351
vn -0.2463 -0.0038 0.9692
vn -0.2782 -0.1352 0.9510
vn -0.4248 -0.1377 0.8948
vn -0.4929 -0.1634 0.8546
vn -0.5645 -0.1386 0.8137
vn 0.4979 -0.1194 -0.8590
vn 0.5464 -0.1048 -0.8309
vn 0.5755 -0.1783 -0.7981
vn 0.4890 -0.2052 -0.8478
vn 0.5854 -0.0601 -0.8085
vn 0.6416 -0.1051 -0.7598
vn 0.5990 -0.0001 -0.8007
vn 0.6666 -0.0001 -0.7454
vn 0.5992 -0.0000 -0.8006
vn 0.5853 0.0595 -0.8086
vn 0.6417 0.1050 -0.7597
vn 0.6668 -0.0002 -0.7453
vn 0.5461 0.1047 -0.8311
vn 0.5756 0.1782 -0.7981
vn 0.4976 0.1193 -0.8592
vn 0.4891 0.2052 -0.8477
vn 0.4466 0.1044 -0.8886
vn 0.4019 0.1756 -0.8987
vn 0.3350 0.1037 -0.9365
vn 0.4071 0.0600 -0.9114
vn 0.4069 -0.0600 -0.9115
vn 0.3944 0.0001 -0.9189
vn 0.4465 -0.1045 -0.8886
vn 0.4019 -0.1756 -0.8987
vn 0.3351 -0.1036 -0.9365
vn 0.3135 -0.0000 -0.9496
vn 0.4893 -0.2052 -0.8476
vn 0.4983 -0.1194 -0.8587
vn 0.5466 -0.1048 -0.8308
vn 0.5860 -0.0601 -0.8081
vn 0.4018 -0.1759 -0.8987
vn 0.4461 -0.1044 -0.8889
vn 0.4975 -0.1195 -0.8592
vn 0.4892 -0.2053 -0.8476
vn 0.3391 -0.1039 -0.9350
vn 0.4067 -0.0601 -0.9116
vn 0.3136 -0.0000 -0.9496
vn 0.3954 0.0001 -0.9185
vn 0.3349 0.1037 -0.9365
vn 0.3953 -0.0000 -0.9186
vn 0.4072 -0.0600 -0.9114
vn 0.4466 0.1043 -0.8887
vn 0.4464 -0.1043 -0.8887
vn 0.4976 0.1194 -0.8592
vn 0.4978 -0.1193 -0.8591
vn 0.5463 0.1048 -0.8310
vn 0.5466 -0.1047 -0.8308
vn 0.5757 -0.1782 -0.7980
vn 0.4895 -0.2052 -0.8475
vn 0.5855 -0.0599 -0.8084
vn 0.6416 -0.1050 -0.7598
vn 0.5991 -0.0000 -0.8007
vn 0.6665 -0.0000 -0.7455
vn 0.5850 0.0595 -0.8088
vn 0.6416 0.1050 -0.7598
vn 0.5754 0.1785 -0.7982
vn 0.4892 0.2053 -0.8477
vn 0.4025 0.1757 -0.8984
vt 0.211159 0.233881
vt 0.211159 0.233761
vt 0.211039 0.233761
vt 0.211039 0.233881
vt 0.211159 0.233641
vt 0.039184 0.947710
vt 0.042571 0.942182
vt 0.038821 0.947710
vt 0.043054 0.942182
vt 0.462592 0.964652
vt 0.429092 0.964652
vt 0.429092 0.931128
vt 0.462592 0.931128
vt 0.061679 0.962610
vt 0.062767 0.963451
vt 0.061316 0.962009
vt 0.065670 0.960567
vt 0.062163 0.959486
vt 0.061316 0.960567
vt 0.064219 0.959125
vt 0.062767 0.959125
vt 0.065307 0.959966
vt 0.065670 0.962009
vt 0.065307 0.962610
vt 0.064219 0.963451
vt 0.061316 0.963451
vt 0.061316 0.959005
vt 0.065791 0.959005
vt 0.065791 0.963451
vt 0.065065 0.963451
vt 0.060590 0.963451
vt 0.060590 0.959005
vt 0.065065 0.959005
vt 0.060590 0.962129
vt 0.060590 0.957683
vt 0.065065 0.957683
vt 0.065065 0.962129
vt 0.211522 0.202577
vt 0.059623 0.943920
vt 0.211280 0.233641
vt 0.211280 0.233761
vt 0.211159 0.233521
vt 0.211280 0.233521
vt 0.211159 0.233401
vt 0.211280 0.233401
vt 0.211159 0.233281
vt 0.211280 0.233281
vt 0.211159 0.233161
vt 0.211280 0.233161
vt 0.211159 0.233041
vt 0.211039 0.233401
vt 0.211039 0.233281
vt 0.211039 0.233161
vt 0.211039 0.233041
vt 0.211280 0.233041
vt 0.211401 0.233521
vt 0.211401 0.233401
vt 0.211401 0.233281
vt 0.211401 0.233161
vt 0.211401 0.233641
vt 0.211280 0.233881
vt 0.211280 0.234001
vt 0.211159 0.234001
vt 0.211159 0.218409
vt 0.211159 0.218289
vt 0.211159 0.218049
vt 0.211159 0.218169
vt 0.211159 0.217929
vt 0.211159 0.217809
vt 0.211159 0.217689
vt 0.211039 0.218169
vt 0.211039 0.217929
vt 0.211159 0.218529
vt 0.053818 0.944879
vt 0.053697 0.944879
vt 0.053697 0.944759
vt 0.053818 0.944759
vt 0.053818 0.944400
vt 0.053697 0.944400
vt 0.053697 0.944280
vt 0.053818 0.944280
vt 0.211643 0.217689
vt 0.211522 0.217689
vt 0.211401 0.217689
vt 0.211401 0.217809
vt 0.211885 0.233401
vt 0.211885 0.233521
vt 0.059623 0.943680
vt 0.059502 0.943680
vt 0.059865 0.943080
vt 0.059865 0.942960
vt 0.059502 0.943800
vt 0.059502 0.943920
vt 0.059623 0.943800
vt 0.211401 0.217929
vt 0.059502 0.943200
vt 0.059623 0.943200
vt 0.059502 0.943320
vt 0.059502 0.943440
vt 0.059744 0.943200
vt 0.059744 0.943680
vt 0.059744 0.943920
vt 0.059623 0.943080
vt 0.059744 0.943080
vt 0.056358 0.946679
vt 0.149360 0.934325
vt 0.211401 0.218289
vt 0.211401 0.218409
vt 0.211039 0.217809
vt 0.211039 0.217689
vt 0.211401 0.202457
vt 0.211401 0.202577
vt 0.155769 0.955074
vt 0.059744 0.943560
vt 0.059744 0.943320
vt 0.059744 0.943440
vt 0.211885 0.218049
vt 0.211643 0.218529
vt 0.211522 0.218529
vt 0.059744 0.942960
vt 0.454005 0.942840
vt 0.454005 0.942121
vt 0.454005 0.942001
vt 0.356407 0.942840
vt 0.356407 0.942121
vt 0.356407 0.942001
vt 0.056720 0.949437
vt 0.056720 0.949797
vt 0.056720 0.949917
vt 0.056720 0.949677
vt 0.056720 0.950037
vt 0.056599 0.949797
vt 0.056841 0.949437
vt 0.056720 0.949557
vt 0.056599 0.949917
vt 0.056599 0.950037
vt 0.255302 0.940562
vt 0.255302 0.940682
vt 0.255302 0.940202
vt 0.255181 0.940202
vt 0.255302 0.940322
vt 0.255181 0.940322
vt 0.159156 0.940562
vt 0.159156 0.940322
vt 0.159156 0.940202
vt 0.159156 0.940682
vt 0.949371 0.171633
vt 0.949129 0.172592
vt 0.948887 0.013193
vt 0.949371 0.014752
vt 0.948887 0.165876
vt 0.948766 0.153402
vt 0.948283 0.012474
vt 0.948525 0.130614
vt 0.950460 0.012833
vt 0.950097 0.158080
vt 0.949734 0.167315
vt 0.949613 0.014992
vt 0.950581 0.029265
vt 0.950460 0.126176
vt 0.950701 0.054572
vt 0.950701 0.087915
vt 0.926514 0.133012
vt 0.926756 0.154841
vt 0.926756 0.020630
vt 0.926635 0.026866
vt 0.926997 0.174631
vt 0.926997 0.008995
vt 0.927239 0.176790
vt 0.927239 0.011154
vt 0.985411 0.162277
vt 0.985290 0.167435
vt 0.985290 0.022549
vt 0.985532 0.011874
vt 0.984806 0.173672
vt 0.984806 0.029145
vt 0.984564 0.174871
vt 0.984564 0.029145
vt 0.153230 0.950876
vt 0.153351 0.950637
vt 0.055753 0.950876
vt 0.450256 0.950756
vt 0.153472 0.950397
vt 0.153472 0.950277
vt 0.153472 0.950157
vt 0.153351 0.950517
vt 0.055874 0.950157
vt 0.055390 0.945359
vt 0.057809 0.945839
vt 0.150327 0.945479
vt 0.353384 0.944999
vt 0.353384 0.945119
vt 0.353263 0.945119
vt 0.353263 0.944999
vt 0.353384 0.945239
vt 0.353263 0.945239
vt 0.353384 0.945479
vt 0.353263 0.945479
vt 0.353384 0.945599
vt 0.353263 0.945599
vt 0.451586 0.945119
vt 0.451586 0.944999
vt 0.451586 0.945239
vt 0.451586 0.945479
vt 0.451586 0.945599
vt 0.250223 0.945479
vt 0.250223 0.945599
vt 0.250223 0.945239
vt 0.250223 0.945119
vt 0.250223 0.944999
vt 0.353142 0.945599
vt 0.353142 0.945479
vt 0.353142 0.945239
vt 0.353142 0.945119
vt 0.353142 0.944999
vt 0.353747 0.945359
vt 0.353747 0.945479
vt 0.353747 0.944999
vt 0.353747 0.945119
vt 0.353868 0.944999
vt 0.452191 0.945479
vt 0.353868 0.945119
vt 0.353747 0.945839
vt 0.452191 0.945119
vt 0.452312 0.945119
vt 0.250465 0.945599
vt 0.250465 0.945839
vt 0.352295 0.948598
vt 0.352295 0.948717
vt 0.352174 0.948717
vt 0.352174 0.948598
vt 0.352174 0.948478
vt 0.352295 0.948478
vt 0.352174 0.948358
vt 0.352295 0.948358
vt 0.352174 0.948238
vt 0.352295 0.948238
vt 0.447958 0.948837
vt 0.447958 0.948598
vt 0.447958 0.948717
vt 0.447958 0.948478
vt 0.447958 0.948358
vt 0.447958 0.948238
vt 0.249134 0.948238
vt 0.249013 0.948358
vt 0.249013 0.948238
vt 0.249013 0.948478
vt 0.249013 0.948717
vt 0.249134 0.948837
vt 0.249013 0.948837
vt 0.352537 0.948837
vt 0.352537 0.948717
vt 0.352658 0.948717
vt 0.352537 0.948598
vt 0.352537 0.948358
vt 0.352537 0.948478
vt 0.352658 0.948358
vt 0.352537 0.948238
vt 0.352658 0.948238
vt 0.249376 0.948717
vt 0.249376 0.948598
vt 0.443362 0.937203
vt 0.443362 0.937563
vt 0.443483 0.937203
vt 0.443483 0.937563
vt 0.443000 0.937203
vt 0.443121 0.937203
vt 0.443121 0.937563
vt 0.443000 0.937563
vt 0.443241 0.937203
vt 0.443241 0.937563
vt 0.443604 0.937203
vt 0.443604 0.937563
vt 0.051036 0.949197
vt 0.051036 0.949317
vt 0.050794 0.949437
vt 0.050794 0.949317
vt 0.050673 0.949437
vt 0.050673 0.949197
vt 0.050673 0.949317
vt 0.050553 0.949437
vt 0.050432 0.949437
vt 0.050673 0.949557
vt 0.050553 0.949317
vt 0.050432 0.949317
vt 0.055390 0.945959
vt 0.059502 0.943080
vt 0.053697 0.944520
vt 0.053697 0.944640
vt 0.058414 0.950756
vt 0.058414 0.950637
vt 0.443483 0.937803
vt 0.443362 0.937683
vt 0.443483 0.937683
vt 0.443604 0.937683
vt 0.139672 0.747073
vt 0.139672 0.747157
vt 0.139570 0.746740
vt 0.139570 0.746657
vt 0.048504 0.250291
vt 0.048504 0.250124
s 1
usemtl ColorVar3_Material
f 2/1/1 35/1/2 3/1/3 1/1/4
f 1/1/4 3/1/3 4/1/5
f 5/1/6 4/1/5 3/1/3 33/1/7
f 5/1/6 8/1/8 6/1/9 4/1/5
f 7/2/10 6/1/9 8/1/8 9/2/11
f 8/1/8 10/1/12 13/2/13 9/2/11
f 5/1/6 12/1/14 10/1/12 8/1/8
f 14/3/15 13/2/13 10/1/12 11/3/16
f 11/3/16 10/1/12 12/1/14 31/4/17
f 16/3/18 15/2/19 13/2/13 14/3/15
f 9/2/11 13/2/13 15/2/19 18/2/20
f 27/3/21 17/3/22 15/2/19 16/3/18
f 18/2/20 15/2/19 17/3/22 20/2/23
f 19/2/24 18/2/20 20/2/23 21/5/25
f 19/2/24 28/2/26 9/2/11 18/2/20
f 20/2/23 22/3/27 25/5/28 21/5/25
f 20/2/23 17/3/22 23/3/29 22/3/27
f 23/3/29 24/3/30 22/3/27
f 26/5/31 25/5/28 22/3/27 24/3/30
f 26/5/31 21/5/25 25/5/28
f 27/3/21 23/3/29 17/3/22
f 28/2/26 7/2/10 9/2/11
f 29/1/32 12/1/14 30/1/33 32/1/34
f 29/1/32 31/4/17 12/1/14
f 12/1/14 5/1/6 33/1/7 30/1/33
f 32/1/34 30/1/33 33/1/7 34/1/35
f 34/1/35 33/1/7 3/1/3 35/1/2
f 1905/38/1694 1906/38/1695 1907/38/1696
f 1908/39/1697 1909/39/1695 1910/39/1698
f 1911/39/1699 1912/39/1700 1913/39/1701
f 1915/40/1702 2150/41/1703 1916/2/1704 1914/5/1705
f 1917/5/1706 1919/42/1707 1918/5/1708 1914/5/1709
f 1918/5/1708 1919/42/1707 1920/42/1710
f 1921/43/1711 1920/42/1712 1922/43/1713
f 1923/42/1714 1924/43/1715 1922/43/1713 1920/42/1712
f 1923/42/1714 1925/44/1716 1926/45/1717 1924/43/1715
f 1925/44/1716 1927/44/1718 1928/45/1719 1926/45/1717
f 1927/44/1718 1929/44/1720 1928/45/1719
f 1929/44/1720 1930/46/1721 1931/47/1722 1928/45/1719
f 1930/46/1721 1932/46/1723 1933/47/1724 1931/47/1722
f 1932/46/1723 1934/48/1725 1935/49/1726 1933/47/1724
f 1934/48/1725 1936/48/1727 1937/49/1728 1935/49/1726
f 1936/48/1727 1938/48/1729 1939/49/1730 1937/49/1728
f 1938/48/1729 1940/50/1731 1941/50/1732 1939/49/1730
f 1941/50/1732 1940/50/1731 1942/50/1733
f 1940/50/1731 1943/50/1734 1976/50/1735 1942/50/1733
f 1944/48/1736 1945/48/1737 1943/50/1734 1940/50/1731
f 1946/48/1738 1947/48/1739 1945/48/1737 1944/48/1736
f 1948/48/1740 1949/48/1741 1947/48/1739 1946/48/1738
f 1948/48/1740 1950/46/1742 1951/46/1743 1949/48/1741
f 1950/46/1742 1952/46/1744 1951/46/1743
f 1953/46/1745 1965/46/1746 1951/46/1743 1952/46/1744
f 1952/46/1744 1954/46/1747 1955/46/1748 1953/46/1745
f 1954/46/1747 1956/51/1749 1957/52/1750 1955/46/1748
f 1957/52/1750 1958/52/1751 1959/52/1752 1955/46/1748
f 1960/52/1753 1961/52/1754 1959/52/1752 1958/52/1751
f 1962/52/1755 1963/52/1756 1959/52/1752 1961/52/1754
f 1964/52/1757 1963/52/1756 1962/52/1755
f 1965/46/1746 1964/52/1757 1966/48/1758 1967/48/1759
f 1963/52/1756 1964/52/1757 1965/46/1746 1953/46/1745
f 1967/48/1759 1966/48/1758 1968/48/1760 1969/48/1761
f 1969/48/1761 1968/48/1760 1970/53/1762 1971/48/1763
f 1971/48/1763 1970/53/1762 1972/54/1764 1973/50/1765
f 1973/50/1765 1972/54/1764 1974/54/1766 1975/50/1767
f 1973/50/1765 1975/50/1767 1976/50/1735 1943/50/1734
f 1973/50/1765 1943/50/1734 1945/48/1737 1971/48/1763
f 1971/48/1763 1945/48/1737 1947/48/1739 1969/48/1761
f 1967/48/1759 1969/48/1761 1947/48/1739 1949/48/1741
f 1965/46/1746 1967/48/1759 1949/48/1741 1951/46/1743
f 1963/52/1756 1953/46/1745 1955/46/1748 1959/52/1752
f 1942/50/1733 1977/55/1768 1985/55/1769 1941/50/1732
f 1978/50/1770 1979/55/1771 1977/55/1768 1942/50/1733
f 1979/55/1771 1980/55/1772 1981/55/1773 1977/55/1768
f 1981/55/1773 1983/55/1774 1985/55/1769 1977/55/1768
f 1986/55/1775 1983/55/1774 1981/55/1773 1982/55/1776
f 1985/55/1769 1983/55/1774 1984/55/1777 1994/55/1778
f 1983/55/1774 1986/55/1775 1988/55/1779 1984/55/1777
f 1986/55/1775 1982/55/1776 2003/55/1780 1987/55/1781
f 1988/55/1779 1986/55/1775 1987/55/1781 1989/55/1782
f 1991/49/1783 1990/49/1784 1988/55/1779 1989/55/1782
f 1992/49/1785 1984/55/1777 1988/55/1779 1990/49/1784
f 1994/55/1778 1984/55/1777 1992/49/1785 1993/49/1786
f 1994/55/1778 1993/49/1786 1937/49/1728 1939/49/1730
f 1941/50/1732 1985/55/1769 1994/55/1778 1939/49/1730
f 1991/49/1783 1989/55/1782 1997/55/1787 1995/49/1788
f 1996/49/1789 1995/49/1788 1997/55/1787 1998/49/1790
f 1997/55/1787 1999/55/1791 2000/50/1792 1998/49/1790
f 1989/55/1782 1987/55/1781 1999/55/1791 1997/55/1787
f 1999/55/1791 2001/55/1793 2004/50/1794 2000/50/1792
f 1987/55/1781 2003/55/1780 2001/55/1793 1999/55/1791
f 2007/50/1795 2004/50/1794 2001/55/1793 2002/55/1796
f 2002/55/1796 2001/55/1793 2003/55/1780 2155/55/1797
f 2000/50/1792 2004/50/1794 2005/50/1798
f 2006/50/1799 2008/50/1800 2005/50/1798 2004/50/1794
f 2006/50/1799 2009/50/1801 2010/50/1802 2008/50/1800
f 2011/54/1803 2012/54/1804 2010/50/1802 2009/50/1801
f 2012/54/1804 2013/53/1805 2014/48/1806 2010/50/1802
f 2013/53/1805 2015/48/1807 2016/48/1808 2014/48/1806
f 2015/48/1807 2017/48/1809 2018/48/1810 2016/48/1808
f 2017/48/1809 2019/52/1811 2020/46/1812 2018/48/1810
f 2020/46/1812 2019/52/1811 2021/52/1813 2034/46/1814
f 2019/52/1811 2022/52/1815 2021/52/1813
f 2024/52/1816 2021/52/1813 2022/52/1815 2023/52/1817
f 2024/52/1816 2023/52/1817 2025/52/1818 2026/52/1819
f 2024/52/1816 2026/52/1819 2027/52/1820 2028/46/1821
f 2027/52/1820 2029/51/1822 2030/46/1823 2028/46/1821
f 2028/46/1821 2030/46/1823 2031/46/1824 2034/46/1814
f 2032/46/1825 2020/46/1812 2034/46/1814 2031/46/1824
f 2033/46/1826 2032/46/1825 2031/46/1824
f 2028/46/1821 2034/46/1814 2021/52/1813 2024/52/1816
f 2032/46/1825 2033/46/1826 2035/48/1827 2037/48/1828
f 2038/48/1829 2037/48/1828 2035/48/1827 2036/48/1830
f 2038/48/1829 2016/48/1808 2018/48/1810 2037/48/1828
f 2037/48/1828 2018/48/1810 2020/46/1812 2032/46/1825
f 2039/48/1831 2038/48/1829 2036/48/1830 2040/48/1832
f 2038/48/1829 2039/48/1831 2014/48/1806 2016/48/1808
f 2008/50/1800 2039/48/1831 2040/48/1832 2005/50/1798
f 2039/48/1831 2008/50/1800 2010/50/1802 2014/48/1806
f 2000/50/1792 2005/50/1798 2041/48/1833 1998/49/1790
f 1998/49/1790 2041/48/1833 2042/48/1834 1996/49/1789
f 1996/49/1789 2042/48/1834 2043/48/1835 2044/49/1836
f 2044/49/1836 2043/48/1835 2045/46/1837 2046/47/1838
f 2046/47/1838 2045/46/1837 2047/46/1839 2048/47/1840
f 2048/47/1840 2047/46/1839 2049/44/1841 2050/45/1842
f 2051/44/1843 2050/45/1842 2049/44/1841
f 2050/45/1842 2051/44/1843 2052/44/1844 2053/45/1845
f 2053/45/1845 2052/44/1844 2054/42/1846 2056/43/1847
f 2057/43/1848 2056/43/1847 2054/42/1846 2055/42/1849
f 2059/43/1850 2058/43/1851 2056/43/1847 2057/43/1848
f 2058/43/1851 2061/43/1852 2053/45/1845 2056/43/1847
f 2095/43/1853 2060/43/1854 2058/43/1851 2059/43/1850
f 2061/43/1852 2058/43/1851 2060/43/1854 2063/43/1855
f 2061/43/1852 2062/45/1856 2050/45/1842 2053/45/1845
f 2062/45/1856 2061/43/1852 2063/43/1855 2064/45/1857
f 2063/43/1855 2065/56/1858 2068/57/1859 2064/45/1857
f 2060/43/1854 2066/56/1860 2065/56/1858 2063/43/1855
f 2088/43/1861 2067/43/1862 2065/56/1858 2066/56/1860
f 2067/43/1862 2069/45/1863 2068/57/1859 2065/56/1858
f 2069/45/1863 2071/47/1864 2070/58/1865 2068/57/1859
f 2064/45/1857 2068/57/1859 2070/58/1865 2073/47/1866
f 2072/58/1867 2070/58/1865 2071/47/1864 2082/47/1868
f 2073/47/1866 2070/58/1865 2072/58/1867 2074/47/1869
f 2076/47/1870 2075/47/1871 2073/47/1866 2074/47/1869
f 2075/47/1871 2062/45/1856 2064/45/1857 2073/47/1866
f 2062/45/1856 2075/47/1871 2048/47/1840 2050/45/1842
f 2075/47/1871 2076/47/1870 2046/47/1838 2048/47/1840
f 2076/47/1870 2077/49/1872 2044/49/1836 2046/47/1838
f 2074/47/1869 2078/49/1873 2077/49/1872 2076/47/1870
f 2074/47/1869 2072/58/1867 2079/59/1874 2078/49/1873
f 2079/59/1874 2072/58/1867 2082/47/1868 2080/49/1875
f 2081/49/1876 2080/49/1875 2082/47/1868 2083/47/1877
f 2071/47/1864 2084/47/1878 2083/47/1877 2082/47/1868
f 1933/47/1724 2083/47/1877 2084/47/1878 1931/47/1722
f 1935/49/1726 2081/49/1876 2083/47/1877 1933/47/1724
f 1931/47/1722 2084/47/1878 2085/45/1879 1928/45/1719
f 2069/45/1863 2085/45/1879 2084/47/1878 2071/47/1864
f 1928/45/1719 2085/45/1879 2086/43/1880 1926/45/1717
f 2067/43/1862 2086/43/1880 2085/45/1879 2069/45/1863
f 1926/45/1717 2086/43/1880 2087/43/1881 1924/43/1715
f 2088/43/1861 2087/43/1881 2086/43/1880 2067/43/1862
f 2091/43/1882 2089/43/1883 2087/43/1881 2088/43/1861
f 1924/43/1715 2087/43/1881 2089/43/1883 1922/43/1713
f 1922/43/1713 2089/43/1883 2090/43/1884 1921/43/1711
f 2089/43/1883 2091/43/1882 2092/43/1885 2090/43/1884
f 2092/43/1885 2091/43/1882 2093/56/1886 2094/60/1887
f 2091/43/1882 2088/43/1861 2066/56/1860 2093/56/1886
f 2093/56/1886 2095/43/1853 2096/43/1888 2094/60/1887
f 2066/56/1860 2060/43/1854 2095/43/1853 2093/56/1886
f 2059/43/1850 2097/43/1889 2096/43/1888 2095/43/1853
f 2057/43/1848 2098/43/1890 2097/43/1889 2059/43/1850
f 2098/43/1890 2057/43/1848 2055/42/1849
f 2099/5/1890 2055/42/1891 2100/42/1892
f 2099/5/1890 2100/42/1892 2101/5/1893 2102/5/1894
f 2103/40/1895 2102/5/1896 2104/2/1897 2105/41/1898
f 2108/41/1899 2105/41/1898 2104/2/1897 2106/2/1900
f 2109/61/1901 2108/41/1899 2106/2/1900 2107/1/1902
f 2110/41/1903 2108/41/1899 2109/61/1901 2111/61/1904
f 2110/41/1903 2112/41/1905 2105/41/1898 2108/41/1899
f 2110/41/1903 2111/61/1904 2116/61/1906 2113/41/1907
f 2113/41/1907 2114/41/1908 2112/41/1905 2110/41/1903
f 2113/41/1907 2115/41/1909 2151/41/1910 2114/41/1908
f 2118/61/1911 2115/41/1909 2113/41/1907 2116/61/1906
f 2111/61/1904 2135/61/1912 2117/61/1913 2116/61/1906
f 2118/61/1911 2116/61/1906 2117/61/1913 2119/61/1914
f 2123/61/1915 2120/61/1916 2118/61/1911 2119/61/1914
f 2120/61/1916 2121/41/1917 2115/41/1909 2118/61/1911
f 2120/61/1916 2122/1/1918 2149/2/1919 2121/41/1917
f 2123/61/1915 2124/1/1920 2122/1/1918 2120/61/1916
f 2125/61/1921 2126/1/1922 2124/1/1920 2123/61/1915
f 2123/61/1915 2119/61/1914 2128/61/1923 2125/61/1921
f 2127/62/1924 2148/63/1925 2126/1/1922 2125/61/1921
f 2125/61/1921 2128/61/1923 2129/62/1926 2127/62/1924
f 2128/61/1923 2130/61/1927 2131/62/1928 2129/62/1926
f 2119/61/1914 2117/61/1913 2130/61/1927 2128/61/1923
f 2131/62/1928 2130/61/1927 2132/61/1929 2133/62/1930
f 2135/61/1912 2132/61/1929 2130/61/1927 2117/61/1913
f 2133/62/1930 2132/61/1929 2134/61/1931 2140/62/1932
f 2132/61/1929 2135/61/1912 2136/61/1933 2134/61/1931
f 2111/61/1904 2109/61/1901 2136/61/1933 2135/61/1912
f 2134/61/1931 2136/61/1933 2137/1/1934 2138/1/1935
f 2136/61/1933 2109/61/1901 2107/1/1902 2137/1/1934
f 2140/62/1932 2134/61/1931 2138/1/1935 2139/63/1936
f 2139/63/1936 2141/63/1937 2142/62/1938 2140/62/1932
f 2140/62/1932 2142/62/1938 2143/62/1939 2133/62/1930
f 2133/62/1930 2143/62/1939 2144/62/1940 2131/62/1928
f 2129/62/1926 2131/62/1928 2144/62/1940 2145/62/1941
f 2127/62/1924 2129/62/1926 2145/62/1941 2146/62/1942
f 2146/62/1942 2147/63/1943 2148/63/1925 2127/62/1924
f 2121/41/1917 2149/2/1919 1916/2/1704 2150/41/1703
f 2150/41/1703 2151/41/1910 2115/41/1909 2121/41/1917
f 2152/40/1944 2151/41/1910 2150/41/1703 1915/40/1702
f 2152/40/1944 2153/40/1945 2114/41/1908 2151/41/1910
f 2154/40/1946 2112/41/1905 2114/41/1908 2153/40/1945
f 2154/40/1946 2103/40/1895 2105/41/1898 2112/41/1905
f 2157/64/1947 2159/64/1948 2158/65/1949 2156/65/1705
f 2157/64/1947 2201/64/1950 2160/64/1951 2159/64/1948
f 2161/64/1952 2159/64/1948 2160/64/1951 2189/64/1953
f 2161/64/1952 2188/65/1954 2162/65/1955 2159/64/1948
f 2162/65/1955 2164/65/1956 2163/65/1957 2159/64/1948
f 2166/66/1958 2165/67/1959 2163/65/1957 2164/65/1956
f 2166/66/1958 2168/66/1960 2167/66/1961 2165/67/1959
f 2168/66/1960 2170/68/1720 2169/66/1962 2167/66/1961
f 2171/68/1963 2168/66/1960 2166/66/1958 2183/68/1964
f 2171/68/1963 2173/69/1965 2172/68/1966 2168/66/1960
f 2175/69/1967 2174/69/1968 2172/68/1966 2173/69/1965
f 2174/69/1968 2175/69/1967 2176/69/1969
f 2175/69/1967 2179/69/1970 2177/69/1971 2176/69/1969
f 2176/69/1969 2177/69/1971 2178/69/1972
f 2181/70/1973 2180/70/1729 2177/69/1971 2179/69/1970
f 2181/70/1973 2182/70/1974 2180/70/1729
f 2183/68/1964 2166/66/1958 2185/71/1975 2184/72/1976
f 2164/65/1956 2186/65/1977 2185/71/1975 2166/66/1958
f 2185/71/1975 2186/65/1977 2187/65/1978
f 2188/65/1954 2186/65/1977 2164/65/1956 2162/65/1955
f 2190/64/1979 2189/64/1953 2160/64/1951
f 2201/64/1950 2191/64/1980 2190/64/1979 2160/64/1951
f 2191/64/1980 2193/73/1981 2192/73/1982 2190/64/1979
f 2200/73/1983 2194/73/1984 2192/73/1982 2193/73/1981
f 2195/73/1985 2192/73/1982 2194/73/1984
f 2197/73/1986 2196/73/1987 2195/73/1985 2194/73/1984
f 2198/73/1988 2197/73/1986 2194/73/1984 2199/73/1925
f 2200/73/1983 2199/73/1925 2194/73/1984
f 2202/74/1989 2205/74/1990 2207/74/1991 2203/74/1992
f 2206/75/1993 2205/74/1990 2202/74/1989 2204/75/1994
f 2207/74/1991 2208/74/1995 2209/74/1996 2203/74/1992
f 2210/75/1997 2211/75/1998 2209/74/1996 2208/74/1995
f 2212/75/1999 2213/75/2000 2211/75/1998 2210/75/1997
f 2214/76/2001 2215/76/2002 2213/75/2000 2212/75/1999
f 2216/77/2003 2217/77/2004 2215/76/2002 2214/76/2001
f 2218/77/2005 2219/77/1888 2217/77/2004 2216/77/2003
f 2220/77/2006 2221/77/2007 2219/77/1888 2218/77/2005
f 2220/77/2006 2222/77/2008 2223/77/1885 2221/77/2007
f 2222/77/2008 2224/77/2009 2225/77/2010 2223/77/1885
f 2224/77/2009 2226/76/2011 2227/76/1711 2225/77/2010
f 2226/76/2011 2228/75/2012 2229/75/2013 2227/76/1711
f 2228/75/2012 2206/75/1993 2204/75/1994 2229/75/2013
f 2232/78/2014 2257/78/2015 2231/78/1874 2230/78/2016
f 2232/78/2014 2230/78/2016 2233/78/2017 2235/78/2018
f 2236/79/2019 2235/78/2018 2233/78/2017 2234/79/2020
f 2237/80/2021 2236/79/2019 2234/79/2020 2239/80/2022
f 2238/81/2023 2237/80/2021 2239/80/2022 2240/81/2024
f 2243/81/2025 2238/81/2023 2240/81/2024 2241/81/2026
f 2244/81/2027 2243/81/2025 2241/81/2026 2242/81/2028
f 2244/81/2027 2242/81/2028 2247/81/1783 2245/81/2029
f 2245/81/2029 2247/81/1783 2248/81/1788 2246/81/2030
f 2246/81/2030 2248/81/1788 2249/80/2031 2250/80/2032
f 2250/80/2032 2249/80/2031 2251/79/2033 2252/79/2034
f 2252/79/2034 2251/79/2033 2253/78/2035 2255/78/2036
f 2256/78/2037 2255/78/2036 2253/78/2035 2254/78/2038
f 2257/78/2015 2256/78/2037 2254/78/2038 2231/78/1874
f 2285/82/2039 2260/82/2040 2258/82/2041 2259/82/2042
f 2260/82/2040 2262/83/2043 2261/83/2044 2258/82/2041
f 2262/83/2043 2264/83/2045 2263/83/1943 2261/83/2044
f 2264/83/2045 2266/83/2046 2265/83/2047 2263/83/1943
f 2268/83/2048 2267/83/2049 2265/83/2047 2266/83/2046
f 2268/83/2048 2270/83/2050 2269/83/2051 2267/83/2049
f 2270/83/2050 2272/83/2052 2271/83/2053 2269/83/2051
f 2272/83/2052 2274/84/2054 2273/84/2055 2271/83/2053
f 2274/84/2054 2276/84/2056 2275/84/2057 2273/84/2055
f 2276/84/2056 2278/84/2058 2277/84/2059 2275/84/2057
f 2278/84/2058 2280/85/2060 2279/85/2061 2277/84/2059
f 2280/85/2060 2282/85/2062 2281/85/2063 2279/85/2061
f 2282/85/2062 2284/85/2064 2283/85/2065 2281/85/2063
f 2287/82/2066 2286/82/2067 2285/82/2039 2259/82/2042
f 2289/83/1938 2288/83/2068 2286/82/2067 2287/82/2066
f 2291/83/2069 2290/83/2070 2288/83/2068 2289/83/1938
f 2293/83/2071 2292/83/2072 2290/83/2070 2291/83/2069
f 2293/83/2071 2295/83/2073 2294/83/2074 2292/83/2072
f 2297/83/2075 2296/83/2076 2294/83/2074 2295/83/2073
f 2299/83/2077 2298/83/2078 2296/83/2076 2297/83/2075
f 2301/84/2079 2300/84/2080 2298/83/2078 2299/83/2077
f 2303/84/2081 2302/84/2082 2300/84/2080 2301/84/2079
f 2305/84/2083 2304/84/2084 2302/84/2082 2303/84/2081
f 2307/85/2085 2306/85/2086 2304/84/2084 2305/84/2083
f 2309/85/2087 2308/85/2088 2306/85/2086 2307/85/2085
f 2311/85/2089 2310/85/2090 2308/85/2088 2309/85/2087
f 2313/86/2091 2315/86/2092 2314/87/2093 2312/87/2094
f 2317/86/2095 2316/87/2096 2314/87/2093 2315/86/2092
f 2319/88/2097 2321/89/2098 2320/89/2099 2318/88/2100
f 2322/90/2101 2320/89/2099 2321/89/2098 2323/89/2102
f 2322/90/2103 2325/90/2104 2330/90/2105 2324/90/2099
f 2322/90/2103 2326/90/2106 2329/90/2107 2325/90/2104
f 2322/90/2103 2327/90/2108 2328/90/2109 2326/90/2106
f 2332/90/2110 2324/90/2099 2330/90/2105 2331/91/2111
f 2321/89/2098 2356/89/2112 2333/89/2113 2323/89/2102
f 2334/89/2114 2323/89/2102 2333/89/2113 2335/89/2115
f 2333/89/2113 2337/92/2116 2336/92/2117 2335/89/2115
f 2337/92/2116 2339/92/2118 2338/92/2119 2336/92/2117
f 2339/92/2118 2341/92/2120 2340/92/2121 2338/92/2119
f 2341/92/2120 2343/93/2122 2342/92/2123 2340/92/2121
f 2343/93/2122 2345/93/2124 2344/93/2125 2342/92/2123
f 2343/93/2122 2347/93/2126 2346/93/2127 2345/93/2124
f 2348/39/2128 2346/93/2127 2347/93/2126 2349/39/2129
f 2347/93/2126 2351/92/2130 2350/94/2131 2349/39/2129
f 2352/94/2132 2350/94/2131 2351/92/2130 2354/92/2133
f 2353/94/2134 2352/94/2132 2354/92/2133 2355/92/2135
f 2341/92/2120 2339/92/2118 2354/92/2133 2351/92/2130
f 2337/92/2116 2355/92/2135 2354/92/2133 2339/92/2118
f 2333/89/2113 2356/89/2112 2355/92/2135 2337/92/2116
f 2353/94/2134 2355/92/2135 2356/89/2112 2357/88/2136
f 2319/88/2097 2357/88/2136 2356/89/2112 2321/89/2098
f 2343/93/2122 2341/92/2120 2351/92/2130 2347/93/2126
f 2359/85/2137 2361/95/2138 2360/95/2139 2358/85/2140
f 2361/95/2138 2363/95/2141 2362/95/2142 2360/95/2139
f 2365/96/2143 2367/97/2144 2366/98/2145 2364/96/2146
f 2366/98/2145 2367/97/2144 2368/99/2147
f 2370/88/2148 2369/89/2149 2368/99/2147 2367/97/2144
f 2370/88/2148 2372/89/2150 2371/89/2151 2369/89/2149
f 2398/100/2152 2373/101/2153 2370/88/2148 2367/97/2144
f 2373/101/2153 2379/39/2154 2374/39/2155 2370/88/2148
f 2370/88/2148 2374/39/2155 2375/39/2156
f 2377/39/2157 2376/39/2158 2375/39/2156 2374/39/2155
f 2374/39/2155 2379/39/2154 2378/39/2159 2377/39/2157
f 2379/39/2154 2381/102/2160 2380/102/2161 2378/39/2159
f 2383/39/2162 2382/39/2163 2380/102/2161 2381/102/2160
f 2385/39/2164 2384/39/2165 2382/39/2163 2383/39/2162
f 2387/39/2166 2386/39/2167 2384/39/2165 2385/39/2164
f 2385/39/2164 2388/88/2168 2387/39/2166
f 2388/88/2168 2389/97/2169 2393/99/2170 2391/89/2171
f 2388/88/2168 2373/101/2153 2398/100/2152 2389/97/2169
f 2373/101/2153 2388/88/2168 2385/39/2164 2383/39/2162
f 2388/88/2168 2391/89/2171 2392/89/2172 2390/89/2173
f 2393/99/2170 2389/97/2169 2394/98/2174
f 2396/96/2175 2395/96/2176 2394/98/2174 2389/97/2169
f 2397/103/2177 2389/97/2169 2398/100/2152 2401/103/2178
f 2404/103/2154 2399/103/2179 2398/100/2152 2367/97/2144
f 2403/103/2180 2400/104/2181 2398/100/2152 2399/103/2179
f 2402/103/2182 2401/103/2178 2398/100/2152 2400/104/2181
f 2373/101/2153 2383/39/2162 2381/102/2160 2379/39/2154
f 2406/105/2183 2408/105/2184 2407/105/2150 2405/105/2185
f 2410/106/1753 2412/106/2186 2411/106/2187 2409/106/2188
f 2414/107/2189 2416/107/2190 2415/107/2191 2413/107/1753
f 2416/107/2190 2418/107/2192 2417/107/1755 2415/107/2191
f 2418/107/2192 2420/108/2193 2419/108/2194 2417/107/1755
f 2420/108/2193 2422/108/2195 2421/108/2196 2419/108/2194
f 2424/69/2197 2426/69/2198 2425/69/2199 2423/69/2200
f 2426/69/2198 2428/109/2201 2427/110/2202 2425/69/2199
f 2428/109/2201 2430/110/2203 2429/110/2204 2427/110/2202
f 2430/110/2203 2432/110/2205 2431/110/2206 2429/110/2204
f 2434/111/2207 2436/112/2208 2435/112/2209 2433/111/2210
f 2436/112/2208 2438/38/2211 2437/38/2212 2435/112/2209
f 2438/38/2211 2440/38/2213 2439/38/2214 2437/38/2212
f 2449/113/2215 2443/113/2216 2441/113/2217 2442/113/2218
f 2443/113/2216 2445/113/2219 2444/113/2220 2441/113/2217
f 2445/113/2219 2447/113/2221 2446/113/2045 2444/113/2220
f 2446/113/2045 2447/113/2221 2448/113/2046
f 2451/113/2222 2450/113/2223 2449/113/2215 2442/113/2218
f 2453/113/2224 2452/113/2225 2450/113/2223 2451/113/2222
f 2455/113/2070 2454/113/2226 2452/113/2225 2453/113/2224
f 2455/113/2070 2456/113/2227 2454/113/2226
f 2457/114/2228 2458/114/1214 2459/115/2229
f 2458/114/1214 2461/114/2230 2460/115/2046 2459/115/2229
f 2461/114/2230 2463/116/2231 2462/115/2232 2460/115/2046
f 2463/116/2231 2465/116/2233 2464/115/97 2462/115/2232
f 2467/116/2234 2466/115/806 2464/115/97 2465/116/2233
f 2469/117/2235 2471/117/2236 2470/117/2237 2468/117/2238
f 2473/117/2239 2472/117/1797 2470/117/2237 2471/117/2236
f 2475/118/2240 2477/119/2241 2476/119/2242 2474/118/2243
f 2477/119/2241 2479/119/1770 2478/119/2244 2476/119/2242
f 2481/100/2245 2483/115/1695 2482/120/2246 2480/120/750
f 2485/100/2247 2484/104/99 2482/120/2246 2483/115/1695
f 2487/100/95 2486/104/95 2484/104/99 2485/100/2247
f 2489/100/95 2488/100/2248 2486/104/95 2487/100/95
f 2491/121/2249 2493/121/2250 2492/121/2251 2490/121/2252
f 2495/121/2253 2494/121/2254 2492/121/2251 2493/121/2250
f 2496/121/2255 2495/121/2253 2493/121/2250 2498/121/2256
f 2497/121/2257 2496/121/2255 2498/121/2256 2500/121/2258
f 2499/121/2259 2498/121/2256 2493/121/2250 2491/121/2249
f 2501/121/2260 2500/121/2258 2498/121/2256 2499/121/2259
f 2503/121/2261 2502/121/2262 2500/121/2258 2501/121/2260
f 2505/121/2263 2497/121/2257 2500/121/2258 2502/121/2262
f 2507/121/2264 2504/121/2265 2502/121/2262 2503/121/2261
f 2506/121/2266 2505/121/2263 2502/121/2262 2504/121/2265
f 2509/122/2267 2511/122/2268 2510/122/2269 2508/122/2270
f 2513/122/2271 2512/122/2266 2510/122/2269 2511/122/2268
f 2514/122/2272 2513/122/2271 2511/122/2268 2516/122/2273
f 2515/122/2274 2514/122/2272 2516/122/2273 2518/122/2275
f 2517/122/2276 2516/122/2273 2511/122/2268 2509/122/2267
f 2519/122/2277 2518/122/2275 2516/122/2273 2517/122/2276
f 2520/123/2278 2522/123/2279 2521/123/2280 2519/122/2281
f 2524/123/2282 2523/123/2283 2521/123/2280 2522/123/2279
f 2525/123/2284 2524/123/2282 2522/123/2279 2527/123/2285
f 2526/123/2286 2525/123/2284 2527/123/2285 2529/123/2287
f 2528/123/2288 2527/123/2285 2522/123/2279 2520/123/2278
f 2530/123/2289 2529/123/2287 2527/123/2285 2528/123/2288
f 2532/123/2290 2531/123/2291 2529/123/2287 2530/123/2289
f 2533/123/2254 2526/123/2286 2529/123/2287 2531/123/2291
f 2535/124/2292 2537/124/2293 2536/124/2294 2534/124/2295
f 2537/124/2293 2539/124/2296 2538/124/2297 2536/124/2294
f 2539/124/2296 2541/124/2298 2540/124/2299 2538/124/2297
f 2541/124/2298 2543/124/2300 2542/124/2301 2540/124/2299
f 2545/125/2302 2547/125/2303 2546/125/2304 2544/125/2305
f 2547/125/2303 2549/125/2306 2548/125/2307 2546/125/2304
f 2549/125/2306 2551/125/2308 2550/125/2309 2548/125/2307
f 2551/125/2308 2560/125/2310 2552/125/2311 2550/125/2309
f 2553/125/2312 2550/125/2309 2552/125/2311 2554/125/2313
f 2552/125/2311 2556/125/2314 2555/125/2315 2554/125/2313
f 2556/125/2314 2558/125/2316 2557/125/2317 2555/125/2315
f 2558/125/2316 2560/125/2310 2559/125/2318 2557/125/2317
f 2560/125/2310 2551/125/2308 2561/125/2319 2559/125/2318
f 2560/125/2310 2558/125/2316 2556/125/2314 2552/125/2311
f 2563/126/2320 2565/126/2321 2564/126/2322 2562/126/2323
f 2565/126/2321 2567/126/2324 2566/126/2325 2564/126/2322
f 2567/126/2324 2569/126/2326 2568/126/2327 2566/126/2325
f 2571/127/2328 2573/127/2329 2572/127/2330 2570/127/2330
f 2575/127/2331 2574/127/2332 2573/127/2329 2571/127/2328
f 2577/127/2333 2576/127/2334 2574/127/2332 2575/127/2331
f 2577/127/2333 2579/127/2335 2578/127/2336 2576/127/2334
f 2579/127/2335 2581/127/2337 2580/127/2338 2578/127/2336
f 2581/127/2337 2583/127/2339 2582/127/2340 2580/127/2338
f 2585/127/2341 2587/127/2341 2586/127/2342 2584/127/2343
f 2589/128/2344 2591/128/2345 2590/128/2345 2588/128/2346
f 2591/128/2345 2593/128/2345 2592/128/2347 2590/128/2345
f 2593/128/2345 2595/129/2348 2594/129/2348 2592/128/2347
f 2597/128/2344 2596/128/2344 2594/129/2348 2595/129/2348
f 2599/128/2344 2598/128/2347 2596/128/2344 2597/128/2344
f 2601/128/2348 2600/128/2349 2598/128/2347 2599/128/2344
f 2603/128/2350 2605/128/2350 2604/128/2350 2602/128/2351
f 2605/128/2350 2607/128/2350 2606/128/2352 2604/128/2350
f 2607/128/2350 2609/129/2350 2608/129/2353 2606/128/2352
f 2611/128/2350 2610/128/2353 2608/129/2353 2609/129/2350
f 2613/128/2353 2612/128/2350 2610/128/2353 2611/128/2350
f 2615/128/2350 2614/128/2353 2612/128/2350 2613/128/2353
f 2617/127/2354 2619/127/2355 2618/127/2356 2616/127/2357
f 2621/127/2358 2620/127/2356 2619/127/2355 2617/127/2354
f 2623/127/2354 2622/127/2359 2620/127/2356 2621/127/2358
f 2623/127/2354 2625/127/2360 2624/127/2359 2622/127/2359
f 2625/127/2360 2627/127/2361 2626/127/2355 2624/127/2359
f 2627/127/2361 2629/127/2354 2628/127/2362 2626/127/2355
f 2631/130/2363 2633/130/2364 2632/130/2365 2630/130/2366
f 2635/130/2367 2634/130/2332 2633/130/2364 2631/130/2363
f 2637/130/2334 2636/130/2333 2634/130/2332 2635/130/2367
f 2637/130/2334 2639/130/2368 2638/130/2369 2636/130/2333
f 2639/130/2368 2641/130/2370 2640/130/2338 2638/130/2369
f 2641/130/2370 2643/130/2371 2642/130/2372 2640/130/2338
f 2645/130/2373 2647/130/2373 2646/130/2374 2644/130/2375
f 2649/129/2344 2651/129/2345 2650/129/2344 2648/129/2376
f 2651/129/2345 2653/129/2377 2652/129/2348 2650/129/2344
f 2653/129/2377 2655/131/2378 2654/131/2378 2652/129/2348
f 2657/129/2347 2656/129/2347 2654/131/2378 2655/131/2378
f 2659/129/2346 2658/129/2344 2656/129/2347 2657/129/2347
f 2661/129/2345 2660/129/2379 2658/129/2344 2659/129/2346
f 2663/129/2353 2665/129/2353 2664/129/2353 2662/129/2353
f 2665/129/2353 2667/129/2350 2666/129/2353 2664/129/2353
f 2667/129/2350 2669/131/2350 2668/131/2350 2666/129/2353
f 2671/129/2380 2670/129/2350 2668/131/2350 2669/131/2350
f 2673/129/2353 2672/129/2352 2670/129/2350 2671/129/2380
f 2675/129/2350 2674/129/2381 2672/129/2352 2673/129/2353
f 2677/130/2356 2679/130/2358 2678/130/2382 2676/130/2383
f 2681/130/2360 2680/130/2355 2679/130/2358 2677/130/2356
f 2683/130/2360 2682/130/2382 2680/130/2355 2681/130/2360
f 2683/130/2360 2685/130/2361 2684/130/2356 2682/130/2382
f 2685/130/2361 2687/130/2356 2686/130/2356 2684/130/2356
f 2687/130/2356 2689/130/2355 2688/130/2355 2686/130/2356
f 2691/132/2384 2693/132/2385 2692/129/2365 2690/129/2330
f 2695/132/2386 2694/132/2387 2693/132/2385 2691/132/2384
f 2697/132/2388 2696/132/2389 2694/132/2387 2695/132/2386
f 2697/132/2388 2699/132/2390 2698/132/2391 2696/132/2389
f 2699/132/2390 2701/132/2392 2700/132/2338 2698/132/2391
f 2701/132/2392 2703/129/2393 2702/129/2393 2700/132/2338
f 2705/129/2394 2707/129/2395 2706/129/2396 2704/129/2397
f 2709/133/2347 2711/133/2377 2710/133/2348 2708/133/2376
f 2711/133/2377 2713/133/2345 2712/133/2379 2710/133/2348
f 2713/133/2345 2715/133/2377 2714/133/2348 2712/133/2379
f 2717/133/2345 2716/133/2344 2714/133/2348 2715/133/2377
f 2719/133/2347 2718/133/2347 2716/133/2344 2717/133/2345
f 2721/133/2348 2720/133/2348 2718/133/2347 2719/133/2347
f 2723/133/2350 2725/133/2353 2724/133/2350 2722/133/2350
f 2725/133/2353 2727/133/2352 2726/133/2350 2724/133/2350
f 2727/133/2352 2729/133/2353 2728/133/2350 2726/133/2350
f 2731/133/2380 2730/133/2353 2728/133/2350 2729/133/2353
f 2733/133/2353 2732/133/2353 2730/133/2353 2731/133/2380
f 2735/133/2353 2734/133/2350 2732/133/2353 2733/133/2353
f 2737/128/2354 2739/132/2355 2738/129/2382 2736/129/2382
f 2741/128/2354 2740/132/2382 2739/132/2355 2737/128/2354
f 2743/128/2358 2742/132/2356 2740/132/2382 2741/128/2354
f 2743/128/2358 2745/128/2361 2744/132/2398 2742/132/2356
f 2745/128/2361 2747/128/2399 2746/132/2355 2744/132/2398
f 2747/128/2399 2749/129/2400 2748/129/2360 2746/132/2355
f 2751/134/2401 2753/134/2402 2752/134/2403 2750/134/2404
f 2755/134/2405 2754/134/2406 2753/134/2402 2751/134/2401
f 2757/134/2334 2756/134/2407 2754/134/2406 2755/134/2405
f 2757/134/2334 2759/134/2408 2758/134/2409 2756/134/2407
f 2759/134/2408 2761/134/2410 2760/134/2338 2758/134/2409
f 2761/134/2410 2763/134/2411 2762/134/2412 2760/134/2338
f 2765/134/2413 2767/134/2414 2766/134/2415 2764/134/2416
f 2769/129/2344 2771/129/2377 2770/129/2377 2768/129/2344
f 2771/129/2377 2773/129/2376 2772/129/2344 2770/129/2377
f 2773/129/2376 2775/131/2345 2774/131/2379 2772/129/2344
f 2777/129/2417 2776/129/2418 2774/131/2379 2775/131/2345
f 2779/129/2344 2778/129/2347 2776/129/2418 2777/129/2417
f 2781/129/2379 2780/129/2348 2778/129/2347 2779/129/2344
f 2783/129/2380 2785/129/2353 2784/135/2350 2782/129/2381
f 2785/129/2353 2787/129/2419 2786/135/2350 2784/135/2350
f 2787/129/2419 2789/131/2353 2788/136/2350 2786/135/2350
f 2791/129/2353 2790/135/2353 2788/136/2350 2789/131/2353
f 2793/129/2380 2792/135/2351 2790/135/2353 2791/129/2353
f 2795/129/2353 2794/129/2353 2792/135/2351 2793/129/2380
f 2797/134/2356 2799/134/2360 2798/134/2359 2796/134/2354
f 2801/134/2355 2800/134/2360 2799/134/2360 2797/134/2356
f 2803/134/2355 2802/134/2382 2800/134/2360 2801/134/2355
f 2803/134/2355 2805/134/2358 2804/134/2355 2802/134/2382
f 2805/134/2358 2807/134/2400 2806/134/2355 2804/134/2355
f 2807/134/2400 2809/134/2400 2808/134/2400 2806/134/2355
f 2811/137/2420 2813/137/2421 2812/137/2422 2810/137/2423
f 2815/137/2424 2814/137/2425 2812/137/2422 2813/137/2421
f 2813/137/2421 2817/137/2426 2816/137/2427 2815/137/2424
f 2817/137/2426 2819/137/2428 2818/137/2429 2816/137/2427
f 2820/137/2430 2818/137/2429 2819/137/2428 2821/137/2431
f 2821/137/2431 2823/137/2432 2822/137/2433 2820/137/2430
f 2824/137/2434 2821/137/2431 2819/137/2428 2825/137/2435
f 2826/137/2436 2825/137/2435 2819/137/2428 2817/137/2426
f 2826/137/2436 2817/137/2426 2813/137/2421 2811/137/2420
f 2828/137/2437 2830/137/2438 2829/137/2439 2827/137/2440
f 2832/137/2441 2831/137/2442 2829/137/2439 2830/137/2438
f 2830/137/2438 2834/138/2443 2833/138/2444 2832/137/2441
f 2834/138/2443 2836/138/2445 2835/138/2446 2833/138/2444
f 2837/138/2447 2835/138/2446 2836/138/2445 2839/138/2448
f 2838/138/2449 2837/138/2447 2839/138/2448 2841/138/2450
f 2840/138/2451 2839/138/2448 2836/138/2445 2843/138/2452
f 2842/138/2453 2841/138/2450 2839/138/2448 2840/138/2451
f 2844/138/2454 2843/138/2452 2836/138/2445 2834/138/2443
f 2844/138/2454 2834/138/2443 2830/137/2438 2828/137/2437
f 2846/139/2455 2848/139/2456 2847/140/2431 2845/139/2457
f 2855/141/2458 2849/141/2459 2848/139/2456 2846/139/2455
f 2851/142/2460 2850/140/2461 2848/139/2456 2849/141/2459
f 2852/141/2462 2851/142/2460 2849/141/2459 2853/141/2439
f 2854/141/2463 2853/141/2439 2849/141/2459 2855/141/2458
f 2856/143/2464 2858/143/2465 2859/143/2466 2857/143/2467
f 2858/143/2465 2860/143/2468 2861/143/2469 2859/143/2466
f 2860/143/2468 2862/143/2470 2863/143/2471 2861/143/2469
f 2862/143/2470 2864/143/2472 2865/143/2473 2863/143/2471
f 2864/143/2472 2866/143/2474 2867/143/2475 2865/143/2473
f 2866/143/2474 2868/143/2476 2869/143/2477 2867/143/2475
f 2867/143/2475 2869/143/2477 2870/143/2478 2872/143/2479
f 2870/143/2478 2869/143/2477 2871/143/2480
f 2873/143/2481 2867/143/2475 2872/143/2479
f 2874/143/2482 2865/143/2473 2867/143/2475 2873/143/2481
f 2863/143/2471 2865/143/2473 2874/143/2482 2857/143/2467
f 2861/143/2469 2863/143/2471 2857/143/2467 2859/143/2466
f 2876/144/2483 2878/144/2484 2877/144/2485 2875/144/2486
f 2878/144/2484 2880/144/2487 2879/145/2433 2877/144/2485
f 2882/143/2462 2884/143/2488 2883/143/2489 2881/143/2490
f 2884/143/2488 2886/146/2491 2885/146/2492 2883/143/2489
f 2886/146/2491 2888/146/2493 2887/146/2494 2885/146/2492
f 2888/146/2493 2890/146/2447 2889/146/2495 2887/146/2494
f 2892/147/2496 2894/148/2497 2893/149/2498 2891/150/2499
f 2894/148/2497 2895/151/2500 2893/149/2498
f 2897/152/2501 2896/153/2502 2893/149/2498 2895/151/2500
f 2897/152/2501 2898/154/2503 2896/153/2502
f 2900/155/2504 2902/156/2505 2901/157/2506 2899/158/2507
f 2904/159/2508 2903/160/2509 2902/156/2505 2900/155/2504
f 2906/161/2510 2905/162/2511 2903/160/2509 2904/159/2508
f 2908/163/2512 2910/164/2513 2909/165/2514 2907/166/2515
f 2912/167/2516 2911/168/2517 2909/165/2514 2910/164/2513
f 2914/169/2518 2913/170/2519 2911/168/2517 2912/167/2516
f 2914/169/2518 2916/167/2014 2915/168/2520 2913/170/2519
f 2916/167/2014 2918/164/2521 2917/165/2522 2915/168/2520
f 2920/163/2019 2919/166/2523 2917/165/2522 2918/164/2521
f 2922/171/2524 2924/172/2009 2923/173/2525 2921/174/2526
f 2924/172/2009 2926/175/2527 2925/176/2528 2923/173/2525
f 2926/175/2527 2928/177/2529 2927/178/2530 2925/176/2528
f 2930/175/2531 2929/176/2532 2927/178/2530 2928/177/2529
f 2932/172/2533 2931/173/2534 2929/176/2532 2930/175/2531
f 2934/171/2535 2933/174/2536 2931/173/2534 2932/172/2533
f 2936/179/2537 2938/179/2538 2937/179/2539 2935/179/2540
f 2937/179/2539 2938/179/2538 2941/179/2541 2939/179/2542
f 2939/179/2542 2941/179/2541 2942/179/2543 2940/179/2544
f 2941/179/2541 2943/179/2545 2944/179/2546 2942/179/2543
f 2938/179/2538 2946/179/2547 2943/179/2545 2941/179/2541
f 2943/179/2545 2945/179/2548 2994/179/2549 2944/179/2546
f 2946/179/2547 2947/179/2550 2945/179/2548 2943/179/2545
f 2948/179/2551 2946/179/2547 2938/179/2538 2936/179/2537
f 2949/179/2552 2947/179/2550 2946/179/2547 2948/179/2551
f 2949/179/2552 2950/179/2553 2951/179/2554 2947/179/2550
f 2952/180/2555 2953/180/2556 2951/179/2554 2950/179/2553
f 2954/180/2557 2955/180/2558 2953/180/2556 2952/180/2555
f 2956/180/2559 2957/180/2560 2955/180/2558 2954/180/2557
f 2958/180/2561 2959/180/2562 2955/180/2558 2957/180/2560
f 2959/180/2562 2960/180/2563 2953/180/2556 2955/180/2558
f 2961/180/2564 2962/180/2565 2960/180/2563 2959/180/2562
f 2947/179/2550 2951/179/2554 2963/179/2566 2945/179/2548
f 2951/179/2554 2964/179/2567 2965/179/2568 2963/179/2566
f 2963/179/2566 2965/179/2568 2966/179/2569 2967/179/2570
f 2968/179/2571 2966/179/2572 2969/179/2573 2991/179/2574
f 2966/179/2572 2970/179/2575 2971/179/2576 2969/179/2573
f 2972/179/2577 2973/179/2578 2971/179/2576 2970/179/2575
f 2973/179/2578 2974/179/2579 2969/179/2573 2971/179/2576
f 2975/179/2580 2976/179/2581 2974/179/2579 2973/179/2578
f 2976/179/2581 2977/179/2582 2978/179/2583 2974/179/2579
f 2977/179/2582 2979/179/2584 2980/179/2585 2978/179/2583
f 2979/179/2584 2981/179/2586 2984/179/2587 2980/179/2585
f 2993/179/2588 2983/179/2539 2981/179/2586 2982/179/2589
f 2985/179/2590 2984/179/2587 2981/179/2586 2983/179/2539
f 2987/179/2591 2986/179/2592 2984/179/2587 2985/179/2590
f 2980/179/2585 2984/179/2587 2986/179/2592 2989/179/2593
f 2992/179/2594 2988/179/2595 2986/179/2592 2987/179/2591
f 2988/179/2595 2990/179/2596 2989/179/2593 2986/179/2592
f 2990/179/2596 2968/179/2571 2991/179/2574 2989/179/2593
f 2978/179/2583 2980/179/2585 2989/179/2593 2991/179/2574
f 2974/179/2579 2978/179/2583 2991/179/2574 2969/179/2573
f 2945/179/2548 2963/179/2566 2967/179/2570 2994/179/2549
f 2996/181/2597 2998/181/2598 2997/181/2599 2995/181/2586
f 3000/181/2600 2999/181/2601 2998/181/2598 2996/181/2597
f 3002/181/2602 3001/181/2603 2999/181/2601 3000/181/2600
f 3004/181/2604 3003/181/2605 3001/181/2603 3002/181/2602
f 3006/182/2606 3008/182/2607 3007/182/2607 3005/182/2608
f 3008/182/2607 3010/182/2606 3009/182/2609 3007/182/2607
f 3010/182/2606 3012/182/2607 3011/182/2606 3009/182/2609
f 3012/182/2607 3014/182/2610 3013/182/2611 3011/182/2606
f 3014/182/2610 3016/182/2612 3015/182/2613 3013/182/2611
f 3018/183/2614 3020/183/2615 3019/183/2616 3017/183/2617
f 3020/183/2615 3022/183/2618 3021/183/2619 3019/183/2616
f 3022/183/2618 3024/183/2620 3023/183/2621 3021/183/2619
f 3026/184/2622 3028/184/2623 3027/184/2624 3025/184/2622
f 3028/184/2623 3030/184/2625 3029/184/2626 3027/184/2624
f 3030/184/2625 3032/184/2627 3031/184/2628 3029/184/2626
f 3034/185/2629 3036/185/2630 3035/185/2631 3033/185/2632
f 3038/185/2633 3040/185/2634 3039/185/2635 3037/185/2636
f 3040/185/2634 3042/185/2637 3041/185/2638 3039/185/2635
f 3042/185/2637 3044/185/2639 3043/185/2639 3041/185/2638
f 3046/186/2640 3048/186/2641 3047/186/2640 3045/186/2642
f 3050/187/2643 3052/187/2644 3051/187/2645 3049/187/2646
f 3052/187/2644 3054/187/2647 3053/187/2648 3051/187/2645
f 3056/188/2649 3058/188/2650 3057/188/2651 3055/188/2651
f 3060/189/2145 3062/189/2652 3061/189/2145 3059/189/2145
f 3064/190/2653 3066/190/2653 3065/190/2654 3063/190/2654
f 3076/191/2655 3069/192/2656 3067/193/2657 3068/194/2655
f 3069/192/2656 3071/195/2658 3070/196/2659 3067/193/2657
f 3071/195/2658 3073/197/2660 3072/198/2661 3070/196/2659
f 3073/197/2660 3075/199/2662 3074/200/2662 3072/198/2661
f 3078/193/2663 3077/192/2664 3076/191/2655 3068/194/2655
f 3080/196/2665 3079/195/2666 3077/192/2664 3078/193/2663
f 3082/198/2667 3081/197/2668 3079/195/2666 3080/196/2665
f 3084/200/2669 3083/199/2669 3081/197/2668 3082/198/2667
f 3085/201/2670 3087/201/2670 3094/202/2670 3086/202/2670
f 3085/201/2670 3088/203/2670 3089/203/2670 3087/201/2670
f 3088/203/2670 3090/204/2670 3091/204/2670 3089/203/2670
f 3090/204/2670 3092/205/2670 3093/205/2670 3091/204/2670
f 3094/202/2670 3095/201/2671 3096/201/2672 3086/202/2670
f 3097/203/2670 3098/203/2670 3096/201/2672 3095/201/2671
f 3099/204/2670 3100/204/2670 3098/203/2670 3097/203/2670
f 3101/205/2670 3102/205/2670 3100/204/2670 3099/204/2670
f 3103/206/2181 3106/206/2181 3108/207/2181 3104/207/2181
f 3107/208/2181 3106/206/2181 3103/206/2181 3105/208/2181
f 3108/207/2181 3109/206/2181 3110/206/2181 3104/207/2181
f 3111/208/2181 3112/208/2181 3110/206/2181 3109/206/2181
f 3113/209/2181 3114/209/2181 3112/208/2181 3111/208/2181
f 3115/210/2181 3116/210/2181 3114/209/2181 3113/209/2181
f 3117/209/2181 3107/208/2181 3105/208/2181 3119/209/2181
f 3118/210/2181 3117/209/2181 3119/209/2181 3120/210/2181
f 3122/211/2673 3124/212/2674 3123/212/2675 3121/211/2676
f 3124/212/2674 3126/213/2677 3125/213/2678 3123/212/2675
f 3126/213/2677 3128/214/2679 3127/214/2680 3125/213/2678
f 3128/214/2679 3130/215/2681 3129/215/2682 3127/214/2680
f 3132/214/2683 3131/214/2684 3129/215/2682 3130/215/2681
f 3134/213/2685 3133/213/2686 3131/214/2684 3132/214/2683
f 3136/212/2687 3135/212/2688 3133/213/2686 3134/213/2685
f 3138/211/2689 3137/211/2690 3135/212/2688 3136/212/2687
f 3140/199/2691 3142/200/2692 3141/199/2693 3139/199/2694
f 3140/199/2691 3143/200/2695 3142/200/2692
f 3144/201/2696 3146/201/2697 3153/202/2698 3145/202/2699
f 3147/203/2700 3148/203/2678 3146/201/2697 3144/201/2696
f 3149/204/2701 3150/204/2702 3148/203/2678 3147/203/2700
f 3151/205/2703 3152/205/2704 3150/204/2702 3149/204/2701
f 3153/202/2698 3154/201/2684 3155/201/2705 3145/202/2699
f 3154/201/2684 3156/203/2706 3157/203/2707 3155/201/2705
f 3156/203/2706 3158/204/2708 3159/204/2709 3157/203/2707
f 3158/204/2708 3160/205/2710 3161/205/2711 3159/204/2709
f 3163/216/300 3165/216/300 3164/216/2712 3162/216/719
f 3164/216/2712 3165/216/300 3166/216/2713
f 3167/216/719 3166/216/2713 3165/216/300 3168/216/300
f 3168/216/300 3170/216/1692 3169/216/295 3167/216/719
f 3170/216/1692 3172/217/2714 3171/217/2715 3169/216/295
f 3163/216/300 3168/216/300 3165/216/300
f 3174/216/2716 3176/216/2717 3175/216/2718 3173/216/2719
f 3176/216/2717 3178/217/2720 3177/217/2721 3175/216/2718
f 3180/218/806 3182/218/2722 3181/218/99 3179/218/99
f 3181/218/99 3182/218/2722 3183/218/97
f 3189/218/2723 3184/218/2724 3183/218/97 3182/218/2722
f 3186/218/99 3185/218/99 3183/218/97 3184/218/2724
f 3186/218/99 3188/219/2725 3187/219/2726 3185/218/99
f 3180/218/806 3189/218/2723 3182/218/2722
f 3191/218/2727 3193/218/2727 3192/220/2728 3190/218/2729
f 3195/221/2730 3197/221/2731 3196/221/2732 3194/221/2733
f 3199/219/2734 3201/218/2735 3200/220/2736 3198/222/2737
f 3201/218/2735 3203/218/2738 3202/220/2739 3200/220/2736
f 3205/223/2740 3204/223/2741 3202/220/2739 3203/218/2738
f 3207/223/2742 3206/223/2743 3204/223/2741 3205/223/2740
f 3209/224/2744 3211/224/2745 3210/224/2746 3208/224/2747
f 3213/224/2748 3215/225/2748 3214/224/2748 3212/224/2748
f 3217/224/2749 3219/224/2750 3218/225/2751 3216/225/2752
f 3221/221/2753 3223/221/2754 3222/221/2755 3220/221/2756
f 3225/226/2757 3227/227/2743 3226/227/2743 3224/226/2757
f 3230/228/2758 3237/229/2759 3229/230/2760 3228/231/2761
f 3230/228/2758 3228/231/2761 3231/232/2762 3232/233/2763
f 3232/233/2763 3231/232/2762 3233/234/2764 3234/235/2765
f 3234/235/2765 3233/234/2764 3235/236/2766 3236/237/2766
f 3237/229/2759 3238/228/2767 3239/231/2768 3229/230/2760
f 3238/228/2767 3240/233/2769 3241/232/2770 3239/231/2768
f 3240/233/2769 3242/235/2771 3243/234/2772 3241/232/2770
f 3242/235/2771 3244/237/2773 3245/236/2773 3243/234/2772
f 3255/238/2670 3248/239/2670 3246/239/2670 3247/240/2670
f 3250/241/2670 3249/241/2670 3246/239/2670 3248/239/2670
f 3252/242/2670 3251/242/2670 3249/241/2670 3250/241/2670
f 3254/243/2670 3253/243/2670 3251/242/2670 3252/242/2670
f 3257/239/2670 3256/239/2670 3255/238/2670 3247/240/2670
f 3257/239/2670 3259/241/2670 3258/241/2670 3256/239/2670
f 3259/241/2670 3261/242/2670 3260/242/2670 3258/241/2670
f 3261/242/2670 3263/243/2774 3262/243/2670 3260/242/2670
f 3273/244/2181 3266/245/2181 3264/245/2181 3265/246/2181
f 3268/247/2181 3267/247/2181 3264/245/2181 3266/245/2181
f 3270/248/2181 3269/248/2181 3267/247/2181 3268/247/2181
f 3272/249/2181 3271/250/2181 3269/248/2181 3270/248/2181
f 3275/245/2181 3274/245/2181 3273/244/2181 3265/246/2181
f 3275/245/2181 3277/247/2181 3276/247/2181 3274/245/2181
f 3277/247/2181 3279/248/2181 3278/248/2181 3276/247/2181
f 3279/248/2181 3281/250/2181 3280/249/2181 3278/248/2181
f 3283/236/2775 3285/236/2776 3284/237/2777 3282/237/2778
f 3283/236/2775 3286/236/2779 3285/236/2776
f 3296/238/2780 3289/239/2781 3287/239/2782 3288/238/2783
f 3289/239/2781 3291/241/2784 3290/241/2785 3287/239/2782
f 3291/241/2784 3293/242/2786 3292/242/2787 3290/241/2785
f 3293/242/2786 3295/243/2788 3294/243/2789 3292/242/2787
f 3298/239/2790 3297/239/2791 3296/238/2780 3288/238/2783
f 3300/241/2792 3299/241/2793 3297/239/2791 3298/239/2790
f 3302/242/2794 3301/242/2795 3299/241/2793 3300/241/2792
f 3304/243/2796 3303/243/2797 3301/242/2795 3302/242/2794
f 3306/251/295 3308/252/295 3307/253/2798 3305/251/2798
f 3310/252/295 3309/252/721 3308/252/295 3306/251/295
f 3312/252/295 3311/252/314 3309/252/721 3310/252/295
f 3314/254/2715 3313/254/2799 3311/252/314 3312/252/295
f 3316/252/2800 3318/253/2800 3317/253/2801 3315/252/2802
f 3320/255/2722 3322/256/99 3321/255/95 3319/255/99
f 3324/255/95 3323/257/2803 3322/256/99 3320/255/2722
f 3326/255/95 3325/257/95 3323/257/2803 3324/255/95
f 3328/258/2804 3327/259/2805 3325/257/95 3326/255/95
f 3330/260/2181 3332/260/2806 3331/261/2807 3329/261/2808
f 3334/255/2670 3336/257/2670 3335/257/2809 3333/255/2810
f 3338/262/2811 3340/263/2812 3339/263/2813 3337/262/2814
f 3342/264/2815 3341/265/2816 3340/263/2812 3338/262/2811
f 3344/266/2817 3343/265/2818 3341/265/2816 3342/264/2815
f 3345/267/2819 3347/268/2820 3346/269/2821 3344/266/2822
f 3349/267/2823 3348/268/2824 3347/268/2820 3345/267/2819
f 3351/270/2825 3350/271/2826 3348/268/2824 3349/267/2823
f 3353/272/2827 3355/273/2828 3354/265/2829 3352/264/2830
f 3357/272/2831 3356/273/2832 3355/273/2828 3353/272/2827
f 3359/272/2833 3358/273/2834 3356/273/2832 3357/272/2831
f 3361/270/2835 3360/271/2836 3358/273/2834 3359/272/2833
f 3363/262/2837 3362/263/2838 3360/271/2836 3361/270/2835
f 3365/262/2839 3364/263/2840 3362/263/2838 3363/262/2837
f 3367/274/2841 3369/275/2842 3368/275/2843 3366/274/2844
f 3369/275/2842 3371/275/2845 3370/275/2846 3368/275/2843
f 3371/275/2845 3373/275/2847 3372/275/2848 3370/275/2846
f 3375/276/2849 3377/277/2850 3376/277/2851 3374/277/2852
f 3379/278/2853 3378/279/2854 3377/277/2850 3375/276/2849
f 3381/278/2855 3380/279/2856 3378/279/2854 3379/278/2853
f 3383/278/2857 3382/280/2857 3380/279/2856 3381/278/2855
f 3385/280/2858 3384/280/2859 3382/280/2857 3383/278/2857
f 3387/281/2860 3389/281/2861 3388/282/2862 3386/282/2863
f 3389/281/2861 3391/281/2864 3390/282/2865 3388/282/2862
f 3391/281/2864 3393/281/2866 3392/282/2867 3390/282/2865
f 3395/283/2868 3397/278/2869 3396/278/2870 3394/283/2871
f 3397/278/2869 3399/278/2872 3398/278/2873 3396/278/2870
f 3399/278/2872 3401/278/2874 3400/278/2875 3398/278/2873
f 3403/284/2876 3405/284/2877 3404/285/2878 3402/285/2879
f 3405/284/2877 3407/284/2880 3406/285/2881 3404/285/2878
f 3407/284/2880 3409/284/2882 3408/282/2883 3406/285/2881
f 3411/65/2884 3413/64/2885 3412/64/2886 3410/65/2887
f 3415/64/2888 3414/64/2889 3412/64/2886 3413/64/2885
f 3417/64/2890 3416/64/2891 3414/64/2889 3415/64/2888
f 3419/73/2892 3418/73/2893 3416/64/2891 3417/64/2890
f 3419/73/2892 3421/73/2894 3420/73/2895 3418/73/2893
f 3420/73/2895 3421/73/2894 3422/73/2896
f 3421/73/2894 3424/73/2897 3423/73/2898 3422/73/2896
f 3426/73/2899 3425/73/2900 3424/73/2897 3421/73/2894
f 3419/73/2892 3426/73/2899 3421/73/2894
f 3417/64/2890 3415/64/2888 3427/64/2901
f 3415/64/2888 3413/64/2885 3428/64/2902 3427/64/2901
f 3430/65/2903 3429/65/2904 3428/64/2902 3413/64/2885
f 3433/65/2905 3431/65/2906 3429/65/2904 3430/65/2903
f 3432/71/2907 3434/65/2908 3431/65/2906
f 3432/71/2907 3431/65/2906 3433/65/2905 3436/66/2909
f 3435/65/2910 3437/67/2911 3436/66/2909 3433/65/2905
f 3435/65/2910 3433/65/2905 3430/65/2903 3413/64/2885
f 3432/71/2907 3436/66/2909 3439/68/2912 3440/72/2913
f 3453/66/2914 3438/66/2915 3436/66/2909 3437/67/2911
f 3436/66/2909 3438/66/2915 3441/68/2916 3439/68/2912
f 3443/68/2917 3442/69/2918 3441/68/2916 3438/66/2915
f 3443/68/2917 3445/69/2919 3444/69/2920 3442/69/2918
f 3445/69/2919 3446/69/2921 3444/69/2920
f 3448/69/2922 3447/69/2923 3444/69/2920 3446/69/2921
f 3448/69/2922 3450/70/2924 3449/70/2925 3447/69/2923
f 3449/70/2925 3450/70/2924 3451/70/2926
f 3446/69/2921 3452/69/1835 3448/69/2922
f 3455/66/2927 3454/68/2928 3438/66/2915 3453/66/2914
f 3457/89/2929 3459/89/2930 3458/88/2931 3456/88/2932
f 3461/89/2933 3460/88/2934 3458/88/2931 3459/89/2930
f 3461/89/2933 3463/92/2935 3462/94/2936 3460/88/2934
f 3465/92/2937 3464/94/2938 3462/94/2936 3463/92/2935
f 3468/92/2939 3466/94/2940 3464/94/2938 3465/92/2937
f 3466/94/2940 3468/92/2939 3469/93/2941 3467/39/2942
f 3468/92/2939 3470/92/2943 3473/93/2944 3469/93/2941
f 3465/92/2937 3472/92/2945 3470/92/2943 3468/92/2939
f 3471/92/2946 3470/92/2943 3472/92/2945 3479/92/2947
f 3474/92/2948 3473/93/2944 3470/92/2943 3471/92/2946
f 3476/93/2949 3475/93/2950 3473/93/2944 3474/92/2948
f 3477/93/2951 3469/93/2941 3473/93/2944 3475/93/2950
f 3477/93/2951 3478/39/2952 3467/39/2942 3469/93/2941
f 3479/92/2947 3472/92/2945 3480/92/2953 3481/92/2954
f 3465/92/2937 3463/92/2935 3480/92/2953 3472/92/2945
f 3481/92/2954 3480/92/2953 3482/89/2955 3484/89/2956
f 3463/92/2935 3461/89/2933 3482/89/2955 3480/92/2953
f 3482/89/2955 3461/89/2933 3459/89/2930 3483/89/2957
f 3483/89/2957 3485/89/2958 3484/89/2956 3482/89/2955
f 3457/89/2929 3486/90/2959 3483/89/2957 3459/89/2930
f 3493/90/2960 3488/90/2961 3486/90/2959 3487/90/2962
f 3492/90/2963 3489/90/2964 3486/90/2959 3488/90/2961
f 3491/90/2958 3490/90/2965 3486/90/2959 3489/90/2964
f 3493/90/2960 3487/90/2962 3495/90/2966 3494/91/2967
f 3497/95/2968 3499/95/2969 3498/85/2970 3496/85/2971
f 3501/95/2972 3500/95/2973 3499/95/2969 3497/95/2968
f 3503/105/2974 3505/105/2975 3504/105/2173 3502/105/2976
f 3507/106/2977 3509/106/2978 3508/106/2979 3506/106/2980
f 3511/107/2981 3513/107/2982 3512/107/2983 3510/107/2984
f 3515/107/2985 3514/107/2986 3513/107/2982 3511/107/2981
f 3517/108/2987 3516/108/2988 3514/107/2986 3515/107/2985
f 3519/108/2989 3518/108/2990 3516/108/2988 3517/108/2987
f 3521/69/2991 3523/69/2992 3522/69/2990 3520/69/2989
f 3525/110/2993 3524/109/2994 3523/69/2992 3521/69/2991
f 3527/110/2995 3526/110/2996 3524/109/2994 3525/110/2993
f 3529/110/2997 3528/110/2998 3526/110/2996 3527/110/2995
f 3531/112/2999 3533/112/3000 3532/111/3001 3530/111/3002
f 3535/38/3003 3534/38/3004 3533/112/3000 3531/112/2999
f 3537/38/3005 3536/38/3006 3534/38/3004 3535/38/3003
f 3538/114/3007 3539/115/3008 3540/114/3009
f 3542/115/2227 3541/114/3010 3540/114/3009 3539/115/3008
f 3544/115/3011 3543/116/300 3541/114/3010 3542/115/2227
f 3546/115/2798 3545/116/3012 3543/116/300 3544/115/3011
f 3546/115/2798 3548/115/3013 3547/116/295 3545/116/3012
f 3550/119/3014 3552/119/3015 3551/118/3016 3549/118/3017
f 3554/119/3018 3553/119/3019 3552/119/3015 3550/119/3014
f 3556/120/3020 3558/115/3021 3557/100/1701 3555/120/3022
f 3556/120/3020 3560/104/719 3559/100/3023 3558/115/3021
f 3560/104/719 3562/104/1231 3561/100/1231 3559/100/3023
f 3562/104/1231 3564/100/3024 3563/100/721 3561/100/1231
f 3566/127/3025 3568/127/3026 3567/127/272 3565/127/3027
f 3570/129/3028 3572/129/3029 3571/129/3030 3569/129/3031
f 3574/134/3032 3576/134/3033 3575/134/3034 3573/134/3035
f 3578/137/3036 3580/137/3037 3579/137/3038 3577/137/3039
f 3580/137/3037 3582/137/3040 3581/137/3041 3579/137/3038
f 3581/137/3041 3582/137/3040 3584/137/3042 3583/137/3043
f 3584/137/3042 3586/137/3044 3585/137/3045 3583/137/3043
f 3590/137/3046 3587/137/3047 3586/137/3044 3584/137/3042
f 3589/137/3048 3588/137/3049 3586/137/3044 3587/137/3047
f 3590/137/3046 3584/137/3042 3582/137/3040 3591/137/3050
f 3591/137/3050 3582/137/3040 3580/137/3037 3592/137/3051
f 3593/137/3052 3592/137/3051 3580/137/3037 3578/137/3036
f 3595/137/3053 3597/137/3054 3596/137/3055 3594/137/3056
f 3597/137/3054 3599/138/3057 3598/138/3058 3596/137/3055
f 3598/138/3058 3599/138/3057 3601/138/3059 3600/138/3060
f 3601/138/3059 3603/138/3061 3602/138/3062 3600/138/3060
f 3603/138/3061 3605/138/3063 3604/138/3064 3602/138/3062
f 3603/138/3061 3607/138/3065 3606/138/3066 3605/138/3063
f 3601/138/3059 3608/138/3067 3607/138/3065 3603/138/3061
f 3608/138/3067 3601/138/3059 3599/138/3057 3609/138/3068
f 3609/138/3068 3599/138/3057 3597/137/3054 3610/137/3069
f 3611/137/3070 3610/137/3069 3597/137/3054 3595/137/3053
f 3613/140/3071 3615/139/3049 3614/139/3072 3612/139/3045
f 3615/139/3049 3617/141/3073 3616/141/3074 3614/139/3072
f 3617/141/3073 3619/141/3075 3618/141/3076 3616/141/3074
f 3617/141/3073 3621/142/3077 3620/141/3078 3619/141/3075
f 3615/139/3049 3622/140/3079 3621/142/3077 3617/141/3073
f 3624/143/3080 3626/143/3081 3625/143/3082 3623/143/3083
f 3627/143/3084 3625/143/3082 3626/143/3081 3629/143/3085
f 3628/143/3086 3627/143/3084 3629/143/3085 3631/143/3087
f 3630/143/3088 3629/143/3085 3626/143/3081 3640/143/3089
f 3632/143/3090 3631/143/3087 3629/143/3085 3630/143/3088
f 3634/143/3091 3633/143/3092 3631/143/3087 3632/143/3090
f 3635/143/3093 3628/143/3086 3631/143/3087 3633/143/3092
f 3637/143/3094 3636/143/3095 3633/143/3092 3634/143/3091
f 3638/143/3096 3635/143/3093 3633/143/3092 3636/143/3095
f 3639/143/3097 3638/143/3096 3636/143/3095 3637/143/3094
f 3624/143/3080 3641/143/3098 3640/143/3089 3626/143/3081
f 3643/144/3099 3645/144/3100 3644/144/3101 3642/144/3102
f 3647/145/3103 3646/144/3104 3645/144/3100 3643/144/3099
f 3649/143/3105 3651/143/3106 3650/143/3107 3648/143/3108
f 3653/146/3109 3652/146/3110 3651/143/3106 3649/143/3105
f 3655/146/3111 3654/146/3112 3652/146/3110 3653/146/3109
f 3657/146/3113 3656/146/3114 3654/146/3112 3655/146/3111
f 3659/149/3115 3661/148/3116 3660/147/3117 3658/150/3118
f 3661/148/3116 3659/149/3115 3662/151/3119
f 3659/149/3115 3664/153/3120 3663/152/3121 3662/151/3119
f 3663/152/3121 3664/153/3120 3665/154/3122
f 3667/157/3123 3669/156/3124 3668/155/3125 3666/158/3126
f 3669/156/3124 3671/160/3127 3670/159/3128 3668/155/3125
f 3671/160/3127 3673/162/3129 3672/161/3130 3670/159/3128
f 3675/179/3131 3677/179/3132 3676/179/3133 3674/179/3134
f 3677/179/3132 3679/179/3135 3678/179/3136 3676/179/3133
f 3680/179/3137 3678/179/3136 3679/179/3135 3681/179/3138
f 3681/179/3138 3683/179/3139 3682/179/3140 3680/179/3137
f 3683/179/3139 3685/180/3141 3684/180/3142 3682/179/3140
f 3685/180/3141 3687/180/3143 3686/180/3144 3684/180/3142
f 3687/180/3143 3689/180/3145 3688/180/3146 3686/180/3144
f 3687/180/3143 3691/180/3147 3690/180/3148 3689/180/3145
f 3685/180/3141 3692/180/3149 3691/180/3147 3687/180/3143
f 3692/180/3149 3694/180/3150 3693/180/3151 3691/180/3147
f 3695/179/3152 3683/179/3139 3681/179/3138 3728/179/3153
f 3683/179/3139 3695/179/3152 3697/179/3154 3696/179/3155
f 3697/179/3154 3695/179/3152 3699/179/3156 3698/179/3157
f 3698/179/3158 3701/179/3156 3702/179/3159 3700/179/3160
f 3701/179/3156 3703/179/3161 3704/179/3162 3702/179/3159
f 3703/179/3161 3705/179/3163 3706/179/3164 3704/179/3162
f 3705/179/3163 3707/179/3165 3708/179/3166 3706/179/3164
f 3707/179/3165 3709/179/3167 3710/179/3168 3708/179/3166
f 3709/179/3167 3711/179/3169 3712/179/3170 3710/179/3168
f 3711/179/3169 3713/179/3171 3714/179/3172 3712/179/3170
f 3715/179/3173 3716/179/3174 3714/179/3172 3713/179/3171
f 3717/179/3175 3718/179/3176 3712/179/3170 3714/179/3172
f 3718/179/3176 3717/179/3175 3719/179/3177 3720/179/3178
f 3720/179/3178 3719/179/3177 3721/179/3179 3722/179/3180
f 3722/179/3180 3721/179/3179 3723/179/3181 3724/179/3182
f 3704/179/3162 3722/179/3180 3724/179/3182 3702/179/3159
f 3702/179/3159 3724/179/3182 3725/179/3183 3700/179/3160
f 3722/179/3180 3704/179/3162 3706/179/3164 3720/179/3178
f 3720/179/3178 3706/179/3164 3708/179/3166 3718/179/3176
f 3718/179/3176 3708/179/3166 3710/179/3168 3712/179/3170
f 3699/179/3156 3695/179/3152 3728/179/3153 3726/179/3184
f 3726/179/3184 3728/179/3153 3729/179/3185 3727/179/3186
f 3728/179/3153 3681/179/3138 3679/179/3135 3729/179/3185
f 3727/179/3186 3729/179/3185 3730/179/3187 3731/179/3188
f 3729/179/3185 3679/179/3135 3677/179/3132 3730/179/3187
f 3731/179/3188 3730/179/3187 3732/179/3189 3733/179/3190
f 3730/179/3187 3677/179/3132 3675/179/3131 3732/179/3189
f 3735/181/3191 3737/181/3192 3736/181/3193 3734/181/3194
f 3737/181/3192 3739/181/3195 3738/181/3177 3736/181/3193
f 3739/181/3195 3741/181/3196 3740/181/3197 3738/181/3177
f 3741/181/3196 3743/181/3198 3742/181/3199 3740/181/3197
f 3744/182/3200 3745/182/3201 3746/182/3202
f 3748/182/3201 3747/182/3203 3746/182/3202 3745/182/3201
f 3748/182/3201 3750/182/3204 3749/182/3201 3747/182/3203
f 3752/182/3204 3751/182/3205 3749/182/3201 3750/182/3204
f 3754/182/3202 3753/182/3202 3751/182/3205 3752/182/3204
f 3754/182/3202 3755/182/3200 3753/182/3202
f 3757/183/3206 3759/183/3207 3758/183/3208 3756/183/3209
f 3761/183/3210 3760/183/3211 3759/183/3207 3757/183/3206
f 3763/183/3212 3762/183/3213 3760/183/3211 3761/183/3210
f 3765/184/3214 3767/184/3215 3766/184/3216 3764/184/3216
f 3769/184/3217 3768/184/3218 3767/184/3215 3765/184/3214
f 3771/184/3219 3770/184/3220 3768/184/3218 3769/184/3217
f 3773/185/3221 3775/185/3222 3774/185/3223 3772/185/3224
f 3777/185/3225 3779/185/3226 3778/185/3227 3776/185/3228
f 3781/185/3229 3780/185/3230 3779/185/3226 3777/185/3225
f 3783/185/3231 3782/185/3232 3780/185/3230 3781/185/3229
f 3785/186/3233 3787/186/3234 3786/186/3235 3784/186/3236
f 3789/187/3237 3791/187/3238 3790/187/3239 3788/187/3240
f 3793/187/3241 3792/187/3242 3791/187/3238 3789/187/3237
f 3795/188/3243 3797/188/3243 3796/188/3244 3794/188/3245
f 3799/286/3246 3801/286/3247 3800/286/3248 3798/286/3246
f 3803/189/3249 3805/189/3249 3804/189/3249 3802/189/3249
f 3807/190/3250 3809/190/3251 3808/190/3250 3806/190/3251
f 3811/200/3252 3813/199/3253 3812/199/3254 3810/199/3255
f 3811/200/3252 3814/200/3256 3813/199/3253
f 3816/216/2233 3818/216/95 3817/216/95 3815/216/96
f 3817/216/95 3818/216/95 3819/216/95
f 3818/216/95 3825/216/2722 3820/216/3257 3819/216/95
f 3822/216/99 3821/216/99 3819/216/95 3820/216/3257
f 3824/217/3258 3823/217/3259 3821/216/99 3822/216/99
f 3816/216/2233 3825/216/2722 3818/216/95
f 3827/216/3260 3829/216/3261 3828/216/2716 3826/216/3262
f 3831/217/2721 3830/217/2720 3829/216/3261 3827/216/3260
f 3833/218/2798 3835/218/323 3834/218/3263 3832/218/2798
f 3834/218/3263 3835/218/323 3836/218/719
f 3836/218/719 3835/218/323 3838/218/295 3837/218/1692
f 3838/218/295 3840/218/1690 3839/218/295 3837/218/1692
f 3842/219/2715 3841/219/3264 3839/218/295 3840/218/1690
f 3833/218/2798 3838/218/295 3835/218/323
f 3844/218/2728 3846/218/2727 3845/220/2727 3843/218/2728
f 3848/221/3265 3850/221/2733 3849/221/2732 3847/221/3266
f 3852/220/3267 3854/218/3268 3853/219/3269 3851/222/2751
f 3856/220/3270 3855/218/3271 3854/218/3268 3852/220/3267
f 3856/220/3270 3858/223/3272 3857/223/3273 3855/218/3271
f 3858/223/3272 3860/223/3274 3859/223/2743 3857/223/3273
f 3862/224/3275 3864/224/3276 3863/224/3277 3861/224/3278
f 3866/224/3279 3868/225/3279 3867/224/2748 3865/224/2748
f 3870/225/3280 3872/224/3281 3871/224/3282 3869/225/3283
f 3874/221/3284 3876/221/3285 3875/221/3286 3873/221/3287
f 3878/226/3288 3880/226/2757 3879/227/2743 3877/227/2743
f 3882/263/3289 3884/263/3290 3883/262/3291 3881/262/3292
f 3884/263/3290 3886/265/3293 3885/264/3294 3883/262/3291
f 3886/265/3293 3888/265/3295 3887/266/3296 3885/264/3294
f 3889/269/3297 3891/268/3298 3890/267/3299 3887/266/3300
f 3891/268/3298 3893/268/3301 3892/267/3302 3890/267/3299
f 3893/268/3301 3895/271/3303 3894/270/3304 3892/267/3302
f 3897/265/3305 3899/273/3306 3898/272/3307 3896/264/3308
f 3899/273/3306 3901/273/3309 3900/272/3310 3898/272/3307
f 3901/273/3309 3903/273/3311 3902/272/3312 3900/272/3310
f 3903/273/3311 3905/271/3313 3904/270/3314 3902/272/3312
f 3905/271/3313 3907/263/3315 3906/262/3316 3904/270/3314
f 3907/263/3315 3909/263/3317 3908/262/3303 3906/262/3316
f 3911/275/3318 3913/275/3319 3912/274/3320 3910/274/3321
f 3915/275/3322 3914/275/3323 3913/275/3319 3911/275/3318
f 3917/275/3324 3916/275/3325 3914/275/3323 3915/275/3322
f 3919/280/3326 3921/278/3327 3920/280/3328 3918/280/3329
f 3921/278/3327 3923/278/3330 3922/279/3330 3920/280/3328
f 3923/278/3330 3925/278/3331 3924/279/3332 3922/279/3330
f 3925/278/3331 3927/276/3333 3926/277/3334 3924/279/3332
f 3927/276/3333 3929/277/3335 3928/277/3335 3926/277/3334
f 3931/282/3336 3933/281/3337 3932/281/3338 3930/282/3339
f 3935/282/3340 3934/281/3341 3933/281/3337 3931/282/3336
f 3937/282/3342 3936/281/3343 3934/281/3341 3935/282/3340
f 3939/278/3344 3941/278/3345 3940/283/3346 3938/283/3347
f 3943/278/3348 3942/278/3349 3941/278/3345 3939/278/3344
f 3945/278/3350 3944/278/3351 3942/278/3349 3943/278/3348
f 3947/285/3352 3949/284/3353 3948/284/3354 3946/285/3355
f 3951/285/3356 3950/284/3357 3949/284/3353 3947/285/3352
f 3953/282/3358 3952/284/3359 3950/284/3357 3951/285/3356
f 3954/103/3360 3956/103/3361 3986/103/3362 3955/103/3363
f 3956/103/3361 3954/103/3360 3957/103/3364 3958/103/3365
f 3958/103/3365 3957/103/3364 3959/97/3366 3960/96/3367
f 3961/97/3368 3960/96/3367 3959/97/3366
f 3960/96/3367 3961/97/3368 3962/97/3369 3965/96/3370
f 3963/96/3371 3962/97/3369 3964/97/3372 3972/96/3373
f 3963/96/3371 3965/96/3370 3962/97/3369
f 3969/96/3374 3966/96/3375 3965/96/3370 3963/96/3371
f 3966/96/3375 3967/96/3376 3960/96/3367 3965/96/3370
f 3967/96/3376 3966/96/3375 3968/96/3377 3975/96/3378
f 3966/96/3375 3969/96/3374 3970/96/3379 3968/96/3377
f 3970/96/3379 3969/96/3374 3971/96/3380
f 3969/96/3374 3963/96/3371 3972/96/3373 3971/96/3380
f 3971/96/3380 3972/96/3373 3973/96/3381
f 3972/96/3373 3964/97/3372 3974/97/3382 3973/96/3381
f 3978/287/3383 3967/96/3376 3975/96/3378 3976/96/3384
f 3979/287/3385 3978/287/3383 3976/96/3384 3977/287/3386
f 3978/287/3383 3979/287/3385 3956/103/3361 3958/103/3365
f 3967/96/3376 3978/287/3383 3958/103/3365 3960/96/3367
f 3979/287/3385 3977/287/3386 3983/287/3387 3980/287/3388
f 3981/287/3389 3956/103/3361 3979/287/3385 3980/287/3388
f 3981/287/3389 3980/287/3388 3982/287/3390 3984/287/3391
f 3982/287/3390 3980/287/3388 3983/287/3387
f 3986/103/3362 3981/287/3389 3984/287/3391 3985/103/3392
f 3986/103/3362 3985/103/3392 3987/103/3393 3955/103/3363
f 3981/287/3389 3986/103/3362 3956/103/3361
f 3989/1/2073 4021/1/3394 3990/1/3395 3988/1/2075
f 3990/1/3395 3992/1/3396 3991/1/3397 3988/1/2075
f 3992/1/3396 3994/1/3398 3993/1/3399 3991/1/3397
f 3994/1/3398 3996/1/3400 3995/1/3401 3993/1/3399
f 3995/1/3401 3996/1/3400 3997/4/3402
f 3996/1/3400 3999/1/3403 3998/3/3404 3997/4/3402
f 3999/1/3403 4001/2/3405 4000/3/3406 3998/3/3404
f 4001/2/3405 4003/2/3407 4002/3/3408 4000/3/3406
f 4003/2/3407 4005/3/3409 4004/3/3410 4002/3/3408
f 4004/3/3410 4005/3/3409 4006/3/3411
f 4005/3/3409 4012/2/3412 4007/3/3413 4006/3/3411
f 4006/3/3411 4007/3/3413 4008/3/3414
f 4007/3/3413 4010/5/3415 4009/5/3416 4008/3/3414
f 4009/5/3416 4010/5/3415 4011/5/3417
f 4010/5/3415 4007/3/3413 4012/2/3412 4011/5/3417
f 4012/2/3412 4014/2/3418 4013/2/3419 4011/5/3417
f 4016/2/3420 4015/2/3421 4013/2/3419 4014/2/3418
f 4015/2/3421 4016/2/3420 4017/2/3422
f 4019/1/3423 4018/1/3424 4017/2/3422 4016/2/3420
f 4022/1/3425 4020/1/3426 4018/1/3424 4019/1/3423
f 3990/1/3395 4021/1/3394 4020/1/3426
f 3990/1/3395 4020/1/3426 4022/1/3425 3992/1/3396
f 3999/1/3403 3996/1/3400 4022/1/3425 4019/1/3423
f 3992/1/3396 4022/1/3425 3996/1/3400 3994/1/3398
f 4001/2/3405 3999/1/3403 4019/1/3423 4016/2/3420
f 4003/2/3407 4001/2/3405 4016/2/3420 4014/2/3418
f 4014/2/3418 4012/2/3412 4005/3/3409 4003/2/3407
f 4055/103/3427 4025/103/3428 4023/103/3429 4024/103/3430
f 4026/103/3431 4023/103/3429 4025/103/3428 4028/103/3432
f 4027/97/3433 4026/103/3431 4028/103/3432 4029/96/3434
f 4028/103/3432 4030/287/3435 4033/96/3436 4029/96/3434
f 4025/103/3428 4032/287/3437 4030/287/3435 4028/103/3432
f 4031/96/3438 4030/287/3435 4032/287/3437 4049/287/3439
f 4034/96/3440 4033/96/3436 4030/287/3435 4031/96/3438
f 4036/96/3441 4035/96/3442 4033/96/3436 4034/96/3440
f 4029/96/3434 4033/96/3436 4035/96/3442 4038/96/3443
f 4046/96/3444 4037/96/3445 4035/96/3442 4036/96/3441
f 4038/96/3443 4035/96/3442 4037/96/3445 4040/96/3446
f 4040/96/3446 4039/97/3447 4038/96/3443
f 4039/97/3447 4047/97/3448 4029/96/3434 4038/96/3443
f 4044/97/3449 4039/97/3447 4040/96/3446 4041/96/3450
f 4041/96/3450 4040/96/3446 4037/96/3445 4042/96/3451
f 4042/96/3451 4043/96/3452 4041/96/3450
f 4045/97/3453 4044/97/3449 4041/96/3450 4043/96/3452
f 4046/96/3444 4042/96/3451 4037/96/3445
f 4047/97/3448 4027/97/3433 4029/96/3434
f 4050/287/3454 4049/287/3439 4032/287/3437 4048/287/3455
f 4032/287/3437 4025/103/3428 4054/287/3456 4048/287/3455
f 4051/287/3457 4050/287/3454 4048/287/3455
f 4051/287/3457 4048/287/3455 4054/287/3456 4052/287/3458
f 4052/287/3458 4054/287/3456 4055/103/3427 4053/103/3459
f 4054/287/3456 4025/103/3428 4055/103/3427
f 4056/103/3460 4053/103/3459 4055/103/3427 4024/103/3430
f 4072/79/1968 4059/79/3461 4057/79/3462 4058/79/3463
f 4059/79/3461 4061/79/3464 4060/79/2511 4057/79/3462
f 4061/79/3464 4063/79/3465 4062/79/3466 4060/79/2511
f 4063/79/3465 4065/288/3467 4064/288/2505 4062/79/3466
f 4065/288/3467 4067/288/3468 4066/288/3469 4064/288/2505
f 4067/288/3468 4069/289/1960 4068/288/3470 4066/288/3469
f 4069/289/1960 4071/79/3471 4070/79/3472 4068/288/3470
f 4070/79/3472 4071/79/3471 4072/79/1968 4058/79/3463
f 4096/126/3473 4075/126/3474 4073/126/3474 4074/126/3261
f 4075/126/3474 4077/126/2717 4076/126/3475 4073/126/3474
f 4077/126/2717 4079/126/3476 4078/126/3477 4076/126/3475
f 4079/126/3476 4081/126/3478 4080/126/3479 4078/126/3477
f 4081/126/3478 4083/126/3480 4082/126/3480 4080/126/3479
f 4083/126/3480 4085/126/3477 4084/126/3481 4082/126/3480
f 4085/126/3477 4087/126/3478 4086/126/3482 4084/126/3481
f 4087/126/3478 4089/126/3483 4088/126/3484 4086/126/3482
f 4089/126/3483 4091/126/3477 4090/126/3477 4088/126/3484
f 4091/126/3477 4093/126/3485 4092/126/3485 4090/126/3477
f 4093/126/3485 4095/126/3482 4094/126/3486 4092/126/3485
f 4094/126/3486 4095/126/3482 4096/126/3473 4074/126/3261
f 4120/139/3487 4099/139/3488 4097/139/3489 4098/139/3490
f 4099/139/3488 4101/139/3491 4100/139/3492 4097/139/3489
f 4101/139/3491 4103/139/2759 4102/139/3493 4100/139/3492
f 4103/139/2759 4105/139/3494 4104/139/3495 4102/139/3493
f 4105/139/3494 4107/139/3496 4106/139/3496 4104/139/3495
f 4107/139/3496 4109/141/3497 4108/141/3498 4106/139/3496
f 4109/141/3497 4111/141/3499 4110/141/3499 4108/141/3498
f 4111/141/3499 4113/141/3500 4112/141/3500 4110/141/3499
f 4113/141/3500 4115/141/3501 4114/141/3501 4112/141/3500
f 4115/141/3501 4117/141/2236 4116/139/2236 4114/141/3501
f 4117/141/2236 4119/139/3502 4118/139/3502 4116/139/2236
f 4118/139/3502 4119/139/3502 4120/139/3487 4098/139/3490
f 4136/289/3503 4123/76/3504 4121/76/3505 4122/289/2500
f 4123/76/3504 4125/76/3506 4124/76/3507 4121/76/3505
f 4125/76/3506 4127/75/3508 4126/76/3509 4124/76/3507
f 4127/75/3508 4129/76/3510 4128/76/3511 4126/76/3509
f 4129/76/3510 4131/289/1961 4130/289/2499 4128/76/3511
f 4131/289/1961 4133/288/3512 4132/289/3513 4130/289/2499
f 4133/288/3512 4135/289/3514 4134/289/3515 4132/289/3513
f 4134/289/3515 4135/289/3514 4136/289/3503 4122/289/2500
f 4160/290/3516 4139/290/2607 4137/290/3517 4138/290/2611
f 4139/290/2607 4141/290/2606 4140/290/3518 4137/290/3517
f 4141/290/2606 4143/290/3519 4142/290/3520 4140/290/3518
f 4143/290/3519 4145/290/3521 4144/290/3521 4142/290/3520
f 4145/290/3521 4147/290/3522 4146/290/3523 4144/290/3521
f 4147/290/3522 4149/291/3524 4148/290/3525 4146/290/3523
f 4149/291/3524 4151/291/3526 4150/290/3526 4148/290/3525
f 4151/291/3526 4153/290/3527 4152/290/2606 4150/290/3526
f 4153/290/3527 4155/290/3528 4154/290/3529 4152/290/2606
f 4155/290/3528 4157/290/3516 4156/290/3530 4154/290/3529
f 4157/290/3516 4159/290/2611 4158/290/2609 4156/290/3530
f 4158/290/2609 4159/290/2611 4160/290/3516 4138/290/2611
f 4184/292/3531 4163/293/3532 4161/293/3533 4162/294/3534
f 4163/293/3532 4165/293/2854 4164/293/2854 4161/293/3533
f 4165/293/2854 4167/263/3535 4166/263/3536 4164/293/2854
f 4167/263/3535 4169/263/3532 4168/263/2854 4166/263/3536
f 4169/263/3532 4171/265/3537 4170/265/3537 4168/263/2854
f 4171/265/3537 4173/265/3538 4172/265/3539 4170/265/3537
f 4173/265/3538 4175/265/3540 4174/265/3541 4172/265/3539
f 4175/265/3540 4177/273/3542 4176/265/3543 4174/265/3541
f 4177/273/3542 4179/295/3544 4178/294/3545 4176/265/3543
f 4179/295/3544 4181/294/3536 4180/294/3546 4178/294/3545
f 4181/294/3536 4183/292/3532 4182/294/3547 4180/294/3546
f 4182/294/3547 4183/292/3532 4184/292/3531 4162/294/3534
f 4185/79/3548 4187/79/3549 4200/79/3550 4186/79/2921
f 4188/79/3551 4189/79/3552 4187/79/3549 4185/79/3548
f 4190/289/3553 4191/288/3554 4189/79/3552 4188/79/3551
f 4192/288/3555 4193/288/3556 4191/288/3554 4190/289/3553
f 4194/288/3557 4195/288/3558 4193/288/3556 4192/288/3555
f 4196/79/3559 4197/79/3560 4195/288/3558 4194/288/3557
f 4198/79/3561 4199/79/3562 4197/79/3560 4196/79/3559
f 4198/79/3561 4186/79/2921 4200/79/3550 4199/79/3562
f 4201/139/3563 4203/139/3563 4224/139/2236 4202/139/3564
f 4204/139/3497 4205/139/2736 4203/139/3563 4201/139/3563
f 4206/141/2236 4207/139/2759 4205/139/2736 4204/139/3497
f 4208/141/2760 4209/141/2759 4207/139/2759 4206/141/2236
f 4210/141/3565 4211/141/3566 4209/141/2759 4208/141/2760
f 4212/141/3567 4213/141/3567 4211/141/3566 4210/141/3565
f 4214/141/3568 4215/141/3502 4213/141/3567 4212/141/3567
f 4216/139/3569 4217/139/2759 4215/141/3502 4214/141/3568
f 4218/139/3570 4219/139/3571 4217/139/2759 4216/139/3569
f 4220/139/3572 4221/139/3573 4219/139/3571 4218/139/3570
f 4222/139/3495 4223/139/3574 4221/139/3573 4220/139/3572
f 4222/139/3495 4202/139/3564 4224/139/2236 4223/139/3574
f 4225/289/3575 4227/289/3119 4240/76/3576 4226/76/3577
f 4228/289/3578 4229/289/3579 4227/289/3119 4225/289/3575
f 4230/288/3580 4231/289/3581 4229/289/3579 4228/289/3578
f 4232/289/2914 4233/289/3582 4231/289/3581 4230/288/3580
f 4234/76/3583 4235/76/3584 4233/289/3582 4232/289/2914
f 4236/75/3585 4237/76/3586 4235/76/3584 4234/76/3583
f 4238/76/3587 4239/76/3588 4237/76/3586 4236/75/3585
f 4238/76/3587 4226/76/3577 4240/76/3576 4239/76/3588
f 4242/290/3589 4264/290/3590 4243/290/3200 4241/290/3590
f 4241/290/3590 4243/290/3200 4246/290/3200 4244/290/3591
f 4244/290/3591 4246/290/3200 4247/290/3592 4245/290/3593
f 4245/290/3593 4247/290/3592 4248/290/3594 4249/290/3595
f 4249/290/3595 4248/290/3594 4250/290/3596 4251/290/3597
f 4251/290/3597 4250/290/3596 4252/291/3598 4253/290/3204
f 4253/290/3204 4252/291/3598 4254/291/3599 4255/290/3600
f 4255/290/3600 4254/291/3599 4256/290/3601 4257/290/3602
f 4257/290/3602 4256/290/3601 4258/290/3603 4259/290/3202
f 4259/290/3202 4258/290/3603 4260/290/3604 4261/290/3204
f 4261/290/3204 4260/290/3604 4262/290/3605 4263/290/3606
f 4263/290/3606 4262/290/3605 4264/290/3590 4242/290/3589
f 4266/293/3607 4288/293/3608 4267/292/3609 4265/294/3609
f 4265/294/3609 4267/292/3609 4270/292/3610 4268/294/3611
f 4268/294/3611 4270/292/3610 4271/294/3612 4269/294/3612
f 4269/294/3612 4271/294/3612 4272/295/3613 4273/294/3614
f 4273/294/3614 4272/295/3613 4274/273/3615 4275/265/3616
f 4275/265/3616 4274/273/3615 4276/265/3617 4277/265/3618
f 4277/265/3618 4276/265/3617 4278/265/3619 4279/265/3620
f 4279/265/3620 4278/265/3619 4280/265/3621 4281/265/3621
f 4281/265/3621 4280/265/3621 4282/263/3622 4283/263/3623
f 4283/263/3623 4282/263/3622 4284/263/3614 4285/263/3624
f 4285/263/3624 4284/263/3614 4286/293/3625 4287/293/3626
f 4287/293/3626 4286/293/3625 4288/293/3608 4266/293/3607
usemtl ColorVar1_Material
f 38/6/36 85/7/37 37/7/38 36/8/39
f 39/6/40 36/8/41 40/9/42 41/9/43
f 39/6/40 41/9/43 42/7/44 44/8/45
f 45/8/46 44/8/45 42/7/44 43/7/47
f 46/8/48 45/8/49 47/9/50 48/7/51
f 50/8/52 46/8/53 49/9/54 51/7/55
f 52/6/56 51/7/57 53/7/58 54/8/59
f 56/8/60 54/8/61 55/9/58 57/7/62
f 59/6/63 57/7/64 58/7/65 60/8/66
f 61/8/67 60/8/66 58/7/65 63/7/68
f 62/8/69 61/8/67 63/7/68 64/7/70
f 67/8/71 62/8/69 64/7/70 65/7/72
f 68/8/73 67/8/71 65/7/72 66/7/74
f 70/6/75 66/7/74 69/7/76 71/8/77
f 72/6/77 69/7/76 73/7/78 74/8/79
f 77/8/80 74/8/79 73/7/78 75/7/81
f 78/8/82 77/8/80 75/7/81 76/7/83
f 79/6/82 76/7/84 80/7/85 82/8/86
f 83/8/87 82/8/86 80/7/85 81/7/88
f 84/8/89 83/8/87 81/7/88 85/7/90
f 87/10/91 89/11/92 88/12/93 86/13/94
f 90/14/95 91/15/96 92/16/95
f 91/15/96 95/17/95 93/18/95 92/16/95
f 92/16/95 93/18/95 94/19/97
f 93/18/95 95/17/95 97/20/95 96/21/95
f 98/22/98 97/20/95 95/17/95
f 100/23/97 95/17/95 99/24/99
f 91/15/96 101/25/99 99/24/99 95/17/95
f 103/26/100 105/27/101 104/28/102 102/29/103
f 107/26/104 109/27/105 108/28/106 106/29/107
f 111/29/108 113/26/109 112/27/110 110/28/111
f 115/26/112 117/27/113 116/28/114 114/29/115
f 119/26/116 121/27/117 120/28/118 118/29/119
f 123/26/120 125/27/121 124/28/122 122/29/123
f 127/26/124 129/27/125 128/28/126 126/29/127
f 131/11/128 133/12/129 132/13/130 130/10/131
f 135/11/132 137/12/133 136/13/134 134/10/135
f 139/10/136 141/11/137 140/12/138 138/13/139
f 143/26/140 145/27/141 144/28/142 142/29/143
f 147/26/144 149/27/145 148/28/146 146/29/147
f 151/26/148 153/27/149 152/28/150 150/29/151
f 155/26/152 157/27/153 156/28/154 154/29/155
f 159/26/156 161/27/157 160/28/143 158/29/150
f 163/26/158 165/27/159 164/28/160 162/29/161
f 167/26/162 169/27/163 168/28/155 166/29/164
f 171/11/139 173/12/139 172/13/165 170/10/166
f 175/6/167 223/7/168 176/7/169 174/8/170
f 177/6/171 174/8/172 178/9/173 179/9/174
f 177/6/171 179/9/174 180/7/175 181/8/176
f 183/8/177 181/8/176 180/7/175 182/7/178
f 185/8/179 183/8/180 184/9/50 188/7/181
f 187/8/182 185/8/183 186/9/184 189/7/185
f 191/6/186 189/7/187 190/7/188 192/8/189
f 193/8/190 192/8/191 194/9/188 195/7/192
f 196/6/190 195/7/193 197/7/194 199/8/195
f 200/8/196 199/8/195 197/7/194 198/7/197
f 201/8/198 200/8/196 198/7/197 203/7/199
f 202/8/200 201/8/198 203/7/199 204/7/201
f 208/8/73 202/8/200 204/7/201 205/7/202
f 207/6/73 205/7/203 206/7/204 209/8/205
f 211/6/206 206/7/207 210/7/208 212/8/209
f 213/8/210 212/8/209 210/7/208 214/7/81
f 215/8/211 213/8/210 214/7/81 216/7/212
f 217/6/211 216/7/213 218/7/214 220/8/215
f 221/8/216 220/8/215 218/7/214 219/7/217
f 222/8/218 221/8/216 219/7/217 223/7/168
f 225/10/219 227/11/220 226/12/221 224/13/222
f 228/14/96 229/15/97 230/16/99
f 229/15/97 235/17/97 231/18/99 230/16/99
f 230/16/99 231/18/99 232/19/97
f 233/21/97 231/18/99 234/20/95
f 237/22/95 234/20/95 231/18/99 235/17/97
f 229/15/97 239/25/99 236/24/96 235/17/97
f 238/23/95 235/17/97 236/24/96
f 241/11/223 243/12/224 242/13/225 240/10/226
f 245/11/227 247/12/228 246/13/229 244/10/230
f 249/10/231 251/11/232 250/12/233 248/13/234
f 253/10/235 255/11/236 254/12/237 252/13/238
f 257/10/239 259/11/240 258/12/241 256/13/242
f 262/11/243 263/12/244 261/13/245 260/10/246
f 265/11/247 267/12/248 266/13/249 264/10/250
f 269/10/251 271/11/252 270/12/253 268/13/254
f 273/10/255 275/11/256 274/12/257 272/13/258
f 277/10/259 279/11/260 278/12/261 276/13/262
f 281/11/263 283/12/264 282/13/265 280/10/266
f 285/10/267 287/11/268 286/12/269 284/13/270
f 289/11/271 291/12/272 290/13/273 288/10/274
f 293/11/275 295/12/276 294/13/277 292/10/278
f 297/10/279 299/11/280 298/12/281 296/13/282
f 301/11/283 303/12/284 302/13/285 300/10/286
f 305/10/287 307/11/288 306/12/289 304/13/290
f 309/10/291 311/11/292 310/12/293 308/13/294
f 309/10/291 312/11/295 311/11/292
f 348/11/296 313/10/297 312/11/298
f 314/10/299 312/11/300 315/11/301
f 316/10/302 312/11/295 317/11/303
f 318/11/304 319/10/305 312/11/300
f 349/11/306 320/10/307 312/11/300
f 321/10/308 312/11/300 322/11/309
f 323/11/310 324/10/311 312/11/300
f 325/11/312 326/10/313 312/11/314
f 327/11/315 328/10/316 312/11/300
f 329/10/317 312/11/300 330/11/318
f 312/11/295 350/11/319 331/10/320
f 332/11/321 333/10/322 312/11/323
f 334/11/324 335/10/325 312/11/295
f 336/10/326 312/11/295 337/11/327
f 338/11/328 339/10/329 312/11/295
f 340/10/330 312/11/331 341/11/332
f 342/10/333 312/11/300 343/11/334
f 344/11/335 345/10/336 312/11/295
f 346/10/337 312/11/300 347/11/338
f 350/11/319 351/12/339 352/13/340 331/10/320
f 354/13/341 320/10/307 349/11/306 353/12/342
f 356/13/343 313/10/297 348/11/296 355/12/344
f 346/10/337 347/11/338 357/12/345 358/13/346
f 359/13/347 345/10/336 344/11/335 360/12/348
f 342/10/333 343/11/334 361/12/349 362/13/345
f 340/10/330 341/11/332 363/12/350 364/13/351
f 365/13/348 339/10/329 338/11/328 366/12/352
f 336/10/326 337/11/327 367/12/353 368/13/354
f 369/13/355 335/10/325 334/11/324 370/12/356
f 371/13/357 333/10/322 332/11/321 372/12/358
f 329/10/317 330/11/318 373/12/359 374/13/360
f 375/13/361 328/10/316 327/11/315 376/12/362
f 377/13/363 326/10/313 325/11/312 378/12/364
f 379/13/365 324/10/311 323/11/310 380/12/366
f 321/10/308 322/11/309 381/12/367 382/13/368
f 383/13/369 319/10/305 318/11/304 384/12/370
f 316/10/302 317/11/303 385/12/371 386/13/372
f 314/10/299 315/11/301 387/12/373 388/13/374
f 390/27/375 392/28/376 391/29/377 389/26/378
f 393/29/379 395/26/380 394/27/381 392/28/382
f 397/27/383 399/28/384 398/29/385 396/26/386
f 400/29/382 402/26/387 401/27/388 399/28/389
f 404/27/389 406/28/390 405/29/391 403/26/183
f 407/29/392 409/26/393 408/27/394 406/28/395
f 411/26/396 413/27/397 412/28/398 410/29/399
f 412/28/400 415/29/390 416/26/401 414/27/402
f 418/27/400 420/28/403 419/29/404 417/26/405
f 420/28/406 422/29/400 423/26/402 421/27/407
f 426/27/408 427/28/409 425/29/410 424/26/411
f 427/28/412 429/29/413 430/26/414 428/27/415
f 432/26/172 434/27/416 433/28/417 431/29/418
f 433/28/419 436/29/420 437/26/415 435/27/421
f 439/26/422 441/27/423 440/28/424 438/29/425
f 440/28/426 443/29/427 444/26/156 442/27/157
f 446/26/428 448/27/429 447/28/430 445/29/431
f 447/28/432 450/29/433 451/26/434 449/27/141
f 453/27/435 455/28/436 454/29/437 452/26/438
f 455/28/439 457/29/440 458/26/441 456/27/442
f 460/26/443 463/27/444 461/28/445 459/29/446
f 461/28/447 464/29/448 465/26/162 462/27/163
f 467/26/449 469/27/450 468/28/451 466/29/452
f 468/28/453 471/29/454 472/26/455 470/27/456
f 474/26/457 476/27/458 475/28/459 473/29/460
f 475/28/461 478/29/462 479/26/463 477/27/464
f 481/26/465 483/27/466 482/28/467 480/29/468
f 482/28/469 484/29/461 486/26/464 485/27/145
f 488/26/470 490/27/471 489/28/472 487/29/473
f 489/28/474 492/29/475 493/26/476 491/27/477
f 495/26/478 497/27/479 496/28/480 494/29/481
f 496/28/482 499/29/483 500/26/484 498/27/485
f 502/26/486 504/27/482 503/28/487 501/29/196
f 503/28/488 506/29/489 507/26/490 505/27/491
f 509/26/492 511/27/488 510/28/493 508/29/494
f 510/28/495 513/29/487 514/26/496 512/27/497
f 516/27/493 518/28/498 517/29/499 515/26/500
f 519/29/501 521/26/502 520/27/503 518/28/504
f 523/27/505 525/28/506 524/29/507 522/26/508
f 526/29/509 528/26/510 527/27/511 525/28/512
f 530/30/513 532/31/514 531/32/515 529/33/516
f 534/11/517 536/12/518 535/13/519 533/10/520
f 538/31/262 540/32/521 539/33/522 537/30/523
f 542/11/524 544/12/525 543/13/526 541/10/527
f 546/30/528 548/31/529 547/32/530 545/33/531
f 550/10/532 552/11/533 551/12/220 549/13/534
f 554/31/535 556/32/536 555/33/537 553/30/538
f 558/10/539 560/11/540 559/12/541 557/13/542
f 562/30/543 564/31/285 563/32/544 561/33/545
f 566/34/546 568/35/547 567/36/548 565/37/549
f 570/31/550 572/32/551 571/33/552 569/30/553
f 574/37/272 576/34/554 575/35/555 573/36/556
f 578/30/546 580/31/557 579/32/558 577/33/559
f 582/34/560 584/35/561 583/36/562 581/37/563
f 586/31/564 588/32/565 587/33/566 585/30/567
f 590/11/238 592/12/568 591/13/558 589/10/569
f 594/11/242 596/12/570 595/13/565 593/10/234
f 599/31/245 600/32/571 598/33/572 597/30/573
f 602/30/233 604/31/574 603/32/575 601/33/576
f 606/10/577 608/11/578 607/12/579 605/13/580
f 610/10/581 612/11/582 611/12/583 609/13/584
f 614/11/585 616/12/586 615/13/587 613/10/588
f 618/11/589 620/12/590 619/13/591 617/10/592
f 622/10/593 624/11/594 623/12/595 621/13/596
f 626/10/597 628/11/598 627/12/599 625/13/600
f 630/11/601 632/12/602 631/13/603 629/10/604
f 634/10/605 636/11/606 635/12/607 633/13/608
f 638/11/609 640/12/610 639/13/611 637/10/612
f 642/10/565 644/11/613 643/12/614 641/13/615
f 646/11/616 648/12/617 647/13/618 645/10/619
f 650/10/620 652/11/605 651/12/621 649/13/622
f 654/11/623 656/12/624 655/13/625 653/10/626
f 658/11/620 660/12/627 659/13/628 657/10/629
f 662/11/630 664/12/631 663/13/632 661/10/633
f 666/10/634 668/11/635 667/12/636 665/13/634
f 670/11/637 672/12/638 671/13/639 669/10/640
f 674/11/641 676/12/642 675/13/643 673/10/644
f 678/10/645 680/11/646 679/12/646 677/13/647
f 682/10/648 684/11/649 683/12/639 681/13/650
f 686/11/651 688/12/652 687/13/653 685/10/654
f 690/11/655 692/12/656 691/13/657 689/10/658
f 694/11/634 696/12/659 695/13/660 693/10/660
f 698/11/661 700/12/661 699/13/642 697/10/662
f 701/27/97 703/28/97 702/27/97
f 704/27/95 706/28/95 705/27/95
f 707/27/96 708/28/96 709/27/99
f 714/6/663 710/8/664 711/9/665 716/9/666
f 712/6/667 759/7/668 713/7/665 710/8/669
f 714/6/663 716/9/666 717/7/670 715/8/671
f 719/8/672 715/8/671 717/7/670 718/7/673
f 721/8/674 719/8/672 720/9/675 724/7/676
f 723/8/677 721/8/678 722/9/679 725/7/680
f 727/6/681 725/7/682 726/7/683 728/8/684
f 730/8/685 728/8/684 729/9/683 731/7/686
f 732/6/685 731/7/687 733/7/688 735/8/689
f 736/8/690 735/8/689 733/7/688 734/7/691
f 737/8/692 736/8/690 734/7/691 739/7/693
f 738/8/694 737/8/692 739/7/693 740/7/695
f 743/8/696 738/8/694 740/7/695 741/7/697
f 742/6/698 741/7/697 744/7/699 747/8/700
f 746/6/700 744/7/701 745/7/702 748/8/703
f 749/8/704 748/8/703 745/7/702 750/7/705
f 751/8/706 749/8/704 750/7/705 752/7/707
f 754/6/706 752/7/708 753/7/709 755/8/710
f 756/8/711 755/8/710 753/7/709 758/7/712
f 757/8/713 756/8/711 758/7/712 759/7/714
f 761/10/715 763/11/716 762/12/717 760/13/718
f 764/14/300 765/15/719 766/16/719
f 765/15/719 769/17/295 767/18/300 766/16/719
f 766/16/719 767/18/300 768/19/295
f 767/18/300 769/17/295 771/20/295 770/21/720
f 772/22/295 771/20/295 769/17/295
f 765/15/719 775/25/721 773/24/719 769/17/295
f 774/23/300 769/17/295 773/24/719
f 777/11/722 779/12/723 778/13/724 776/10/725
f 781/11/726 783/12/727 782/13/728 780/10/729
f 785/10/730 787/11/731 786/12/732 784/13/733
f 789/10/726 791/11/734 790/12/735 788/13/736
f 793/10/731 795/11/737 794/12/738 792/13/739
f 797/11/740 799/12/741 798/13/742 796/10/743
f 801/10/744 803/11/745 802/12/746 800/13/747
f 805/10/748 807/11/749 806/12/750 804/13/751
f 809/11/752 811/12/753 810/13/754 808/10/755
f 813/10/756 815/11/757 814/12/758 812/13/759
f 817/10/760 819/11/761 818/12/762 816/13/763
f 821/11/764 823/12/765 822/13/766 820/10/767
f 825/10/768 827/11/769 826/12/770 824/13/771
f 829/11/772 831/12/773 830/13/774 828/10/775
f 833/11/776 835/12/777 834/13/738 832/10/756
f 837/10/778 839/11/779 838/12/780 836/13/781
f 841/11/782 843/12/724 842/13/783 840/10/784
f 845/10/785 847/11/786 846/12/787 844/13/788
f 845/10/785 848/11/95 847/11/786
f 849/11/789 852/10/790 848/11/95
f 850/11/791 851/10/792 848/11/97
f 853/10/793 848/11/95 854/11/794
f 855/11/795 856/10/796 848/11/95
f 857/10/797 848/11/97 858/11/798
f 859/10/799 848/11/97 860/11/800
f 861/11/801 862/10/802 848/11/95
f 863/10/803 848/11/97 864/11/804
f 865/11/805 866/10/791 848/11/806
f 867/10/807 848/11/97 868/11/808
f 869/10/809 848/11/95 870/11/810
f 871/11/811 872/10/812 848/11/813
f 873/11/814 874/10/815 848/11/97
f 875/10/816 848/11/97 885/11/817
f 876/11/818 877/10/819 848/11/97
f 886/11/820 878/10/821 848/11/97
f 879/11/822 880/10/823 848/11/97
f 881/10/824 848/11/825 882/11/826
f 848/11/827 884/11/797 883/10/828
f 888/13/829 878/10/821 886/11/820 887/12/830
f 875/10/816 885/11/817 889/12/831 890/13/832
f 884/11/797 891/12/833 892/13/834 883/10/828
f 881/10/824 882/11/826 893/12/835 894/13/836
f 895/13/837 880/10/823 879/11/822 896/12/838
f 897/13/839 877/10/819 876/11/818 898/12/840
f 899/13/841 874/10/815 873/11/814 900/12/842
f 901/13/840 872/10/812 871/11/811 902/12/843
f 869/10/809 870/11/810 903/12/775 904/13/844
f 867/10/807 868/11/808 905/12/845 906/13/846
f 907/13/847 866/10/791 865/11/805 908/12/848
f 863/10/803 864/11/804 909/12/849 910/13/850
f 911/13/851 862/10/802 861/11/801 912/12/852
f 859/10/799 860/11/800 913/12/853 914/13/854
f 857/10/797 858/11/798 915/12/855 916/13/856
f 917/13/740 856/10/796 855/11/795 918/12/857
f 853/10/793 854/11/794 919/12/858 920/13/859
f 921/13/860 852/10/790 849/11/789 922/12/861
f 923/13/862 851/10/792 850/11/791 924/12/863
f 926/29/681 928/26/864 927/27/865 925/28/866
f 930/29/867 932/26/868 931/27/869 929/28/870
f 934/29/871 936/26/674 935/27/872 933/28/873
f 938/29/874 940/26/875 939/27/876 937/28/877
f 942/29/878 944/26/879 943/27/880 941/28/881
f 946/26/882 948/27/883 947/28/884 945/29/885
f 950/26/886 952/27/887 951/28/888 949/29/889
f 954/29/890 956/26/891 955/27/892 953/28/893
f 958/26/894 960/27/895 959/28/896 957/29/897
f 962/26/898 964/27/899 963/28/900 961/29/901
f 966/26/902 968/27/903 967/28/904 965/29/905
f 970/26/906 972/27/907 971/28/908 969/29/909
f 974/26/910 976/27/911 975/28/912 973/29/913
f 978/26/914 980/27/915 979/28/916 977/29/917
f 982/26/918 984/27/919 983/28/920 981/29/921
f 986/26/922 988/27/923 987/28/924 985/29/925
f 990/29/685 992/26/926 991/27/927 989/28/928
f 995/29/864 996/26/929 994/27/930 993/28/865
f 998/30/931 1000/31/932 999/32/933 997/33/934
f 1002/11/744 1004/12/935 1003/13/936 1001/10/937
f 1006/37/738 1008/34/938 1007/35/939 1005/36/940
f 1010/31/941 1012/32/942 1011/33/943 1009/30/944
f 1014/11/945 1016/12/946 1015/13/947 1013/10/948
f 1018/30/949 1020/31/950 1019/32/951 1017/33/952
f 1022/10/953 1024/11/954 1023/12/955 1021/13/956
f 1026/31/957 1028/32/958 1027/33/959 1025/30/960
f 1030/10/961 1032/11/962 1031/12/963 1029/13/964
f 1034/30/965 1036/31/966 1035/32/967 1033/33/968
f 1038/34/969 1040/35/970 1039/36/971 1037/37/738
f 1042/31/972 1044/32/973 1043/33/974 1041/30/975
f 1046/37/976 1048/34/977 1047/35/978 1045/36/979
f 1050/34/931 1052/35/980 1051/36/981 1049/37/982
f 1054/31/983 1056/32/984 1055/33/985 1053/30/986
f 1058/11/736 1060/12/987 1059/13/988 1057/10/989
f 1062/11/990 1064/12/991 1063/13/992 1061/10/993
f 1066/31/742 1068/32/994 1067/33/995 1065/30/996
f 1070/30/732 1072/31/997 1071/32/998 1069/33/999
f 1074/10/1000 1076/11/1001 1075/12/1002 1073/13/1003
f 1078/10/1004 1080/11/1005 1079/12/1006 1077/13/1007
f 1082/11/992 1084/12/1008 1083/13/1009 1081/10/1010
f 1086/11/1011 1088/12/1012 1087/13/1013 1085/10/1014
f 1090/11/1015 1092/12/1016 1091/13/1017 1089/10/1018
f 1094/11/1019 1096/12/1020 1095/13/1021 1093/10/1022
f 1098/11/1023 1100/12/1024 1099/13/1012 1097/10/1025
f 1102/10/1026 1104/11/963 1103/12/1027 1101/13/1028
f 1106/10/1029 1108/11/1030 1107/12/1031 1105/13/1032
f 1110/10/1033 1112/11/1034 1111/12/1035 1109/13/1036
f 1114/11/1037 1116/12/1038 1115/13/1039 1113/10/1040
f 1118/10/998 1120/11/952 1119/12/1041 1117/13/1042
f 1122/10/933 1124/11/1043 1123/12/1044 1121/13/1045
f 1127/11/1046 1128/12/1047 1126/13/1048 1125/10/1049
f 1130/10/1050 1132/11/1051 1131/12/1052 1129/13/1053
f 1135/10/1054 1136/11/1055 1134/12/1056 1133/13/1057
f 1138/11/715 1140/12/1058 1139/13/1059 1137/10/1060
f 1142/10/1061 1144/11/1062 1143/12/1063 1141/13/1064
f 1146/34/1065 1148/35/1066 1147/36/1067 1145/37/1068
f 1150/11/1069 1152/12/1070 1151/13/1071 1149/10/1072
f 1154/11/1073 1156/12/1074 1155/13/1075 1153/10/1076
f 1158/11/1077 1160/12/1078 1159/13/1079 1157/10/1080
f 1162/10/1081 1164/11/1082 1163/12/1082 1161/13/1083
f 1166/10/1084 1168/11/1085 1167/12/1086 1165/13/1087
f 1170/11/1088 1172/12/1089 1171/13/1090 1169/10/1091
f 1174/11/1092 1176/12/1093 1175/13/1094 1173/10/1095
f 1178/11/1096 1180/12/1097 1179/13/1098 1177/10/1099
f 1182/11/1100 1184/12/1101 1183/13/1102 1181/10/1103
f 1186/10/1104 1188/11/1105 1187/12/1106 1185/13/1107
f 1190/10/1108 1192/11/1109 1191/12/1110 1189/13/1108
f 1194/10/1109 1196/11/1111 1195/12/1112 1193/13/1113
f 1198/10/1114 1200/11/1115 1199/12/1094 1197/13/1116
f 1202/11/1104 1204/12/1104 1203/13/1117 1201/10/1118
f 1206/10/1119 1208/11/1120 1207/12/1121 1205/13/1092
f 1210/11/1122 1212/12/1123 1211/13/1070 1209/10/1069
f 1214/11/1091 1216/12/1124 1215/13/1086 1213/10/1125
f 1218/11/1126 1220/12/1127 1219/13/1082 1217/10/1082
f 1222/26/1128 1224/27/1129 1223/28/415 1221/29/1130
f 1226/26/388 1228/27/1131 1227/28/1132 1225/29/1133
f 1230/26/1134 1232/27/1135 1231/28/1136 1229/29/1137
f 1234/29/1138 1236/26/141 1235/27/140 1233/28/1139
f 1238/26/1140 1240/27/1141 1239/28/1142 1237/29/1143
f 1242/26/1144 1244/27/1145 1243/28/1146 1241/29/1147
f 1246/26/146 1248/27/160 1247/28/464 1245/29/1148
f 1250/29/1149 1252/26/1150 1251/27/455 1249/28/155
f 1254/26/1151 1256/27/1152 1255/28/414 1253/29/415
f 1258/26/381 1260/27/1153 1259/28/1154 1257/29/1155
f 1262/26/1156 1264/27/1157 1263/28/484 1261/29/485
f 1266/29/143 1268/26/1158 1267/27/1159 1265/28/1159
f 1270/26/1160 1272/27/393 1271/28/1161 1269/29/1162
f 1274/26/1163 1276/27/1134 1275/28/496 1273/29/1164
f 1278/26/160 1280/27/1150 1279/28/1165 1277/29/464
f 1282/26/1166 1284/27/1140 1283/28/1167 1281/29/407
f 1286/26/511 1288/27/1144 1287/28/1168 1285/29/1169
f 1290/11/1114 1292/12/1170 1291/13/1171 1289/10/1172
f 1294/29/1173 1296/26/1174 1295/27/1175 1293/28/1176
f 1298/26/1177 1300/27/1178 1299/28/476 1297/29/477
f 1301/27/300 1303/28/300 1302/27/300
f 1304/27/295 1305/28/295 1306/27/295
f 1307/27/719 1309/28/719 1308/27/719
f 1310/27/300 1311/28/300 1312/27/300
f 1314/6/1179 1362/7/1180 1315/7/665 1313/8/1181
f 1316/6/1182 1313/8/1183 1317/9/665 1318/9/1184
f 1316/6/1182 1318/9/1184 1319/7/1185 1321/8/1186
f 1322/8/1187 1321/8/1186 1319/7/1185 1320/7/1188
f 1323/8/1189 1322/8/1190 1324/9/673 1325/7/1191
f 1326/8/1192 1323/8/1193 1327/9/1194 1328/7/680
f 1330/6/1192 1328/7/1195 1329/7/1196 1331/8/1197
f 1333/8/1198 1331/8/1197 1332/9/1196 1334/7/1199
f 1336/6/1198 1334/7/687 1335/7/1200 1337/8/1201
f 1338/8/1202 1337/8/1201 1335/7/1200 1340/7/1203
f 1339/8/1204 1338/8/1202 1340/7/1203 1341/7/1205
f 1344/8/1206 1339/8/1204 1341/7/1205 1342/7/1207
f 1345/8/1208 1344/8/1206 1342/7/1207 1343/7/1209
f 1346/6/1208 1343/7/1210 1347/7/1211 1349/8/1212
f 1348/6/1213 1347/7/1211 1350/7/1214 1352/8/1215
f 1353/8/1216 1352/8/1215 1350/7/1214 1351/7/1217
f 1354/8/1218 1353/8/1216 1351/7/1217 1355/7/1219
f 1357/6/1220 1355/7/1221 1356/7/1222 1358/8/1223
f 1359/8/1224 1358/8/1223 1356/7/1222 1361/7/1225
f 1360/8/1179 1359/8/1224 1361/7/1225 1362/7/1226
f 1364/10/1227 1366/11/1228 1365/12/1229 1363/13/1230
f 1367/14/295 1368/15/719 1369/16/1231
f 1368/15/719 1373/17/300 1370/18/1231 1369/16/1231
f 1369/16/1231 1370/18/1231 1371/19/295
f 1370/18/1231 1373/17/300 1374/20/719 1372/21/295
f 1368/15/719 1378/25/721 1376/24/1231 1373/17/300
f 1377/22/295 1374/20/719 1373/17/300
f 1375/23/295 1373/17/300 1376/24/1231
f 1380/11/1232 1382/12/1233 1381/13/1234 1379/10/1235
f 1384/11/1236 1386/12/1237 1385/13/1238 1383/10/1239
f 1388/10/1240 1390/11/1241 1389/12/1242 1387/13/1243
f 1393/10/1244 1394/11/1245 1392/12/735 1391/13/1246
f 1397/10/1247 1398/11/1248 1396/12/738 1395/13/732
f 1400/11/1249 1402/12/754 1401/13/1250 1399/10/1251
f 1404/10/1252 1406/11/1253 1405/12/1254 1403/13/1255
f 1408/10/1256 1410/11/1257 1409/12/1258 1407/13/738
f 1412/11/1259 1414/12/1260 1413/13/1261 1411/10/1262
f 1416/10/1253 1418/11/1263 1417/12/766 1415/13/1264
f 1420/10/1265 1422/11/1266 1421/12/1267 1419/13/1258
f 1424/11/1268 1426/12/1269 1425/13/1270 1423/10/1271
f 1428/10/1272 1430/11/1273 1429/12/975 1427/13/1274
f 1432/11/1275 1434/12/1276 1433/13/1277 1431/10/1278
f 1436/10/1279 1438/11/1280 1437/12/1281 1435/13/1282
f 1440/11/1283 1442/12/1284 1441/13/1285 1439/10/1286
f 1444/10/1287 1446/11/1288 1445/12/1289 1443/13/1290
f 1448/10/1291 1450/11/1292 1449/12/1293 1447/13/1294
f 1448/10/1291 1451/11/95 1450/11/1292
f 1452/11/1295 1453/10/1296 1451/11/1297
f 1454/11/1298 1455/10/1299 1451/11/95
f 1456/10/1300 1451/11/95 1457/11/1301
f 1458/11/1302 1459/10/1303 1451/11/95
f 1460/10/1304 1451/11/97 1461/11/1305
f 1462/10/1306 1451/11/97 1463/11/1307
f 1464/11/1308 1465/10/1309 1451/11/806
f 1466/10/1310 1451/11/97 1467/11/1311
f 1468/11/1312 1469/10/1313 1451/11/95
f 1470/10/1314 1451/11/97 1471/11/1315
f 1472/10/1316 1451/11/95 1475/11/1317
f 1473/11/1318 1478/10/1319 1451/11/97
f 1451/11/95 1474/11/1320 1489/10/1321
f 1476/11/1296 1477/10/1322 1451/11/813
f 1479/10/1323 1451/11/97 1480/11/1314
f 1481/11/1324 1482/10/1325 1451/11/97
f 1483/11/1326 1484/10/1327 1451/11/825
f 1485/11/1328 1486/10/1329 1451/11/97
f 1487/10/1330 1451/11/97 1488/11/1331
f 1474/11/1320 1491/12/1332 1490/13/1293 1489/10/1321
f 1487/10/1330 1488/11/1331 1492/12/1333 1493/13/1334
f 1494/13/1335 1486/10/1329 1485/11/1328 1495/12/1336
f 1496/13/1337 1484/10/1327 1483/11/1326 1497/12/1338
f 1498/13/1339 1482/10/1325 1481/11/1324 1499/12/1340
f 1479/10/1323 1480/11/1314 1500/12/1341 1501/13/1342
f 1502/13/1343 1478/10/1319 1473/11/1318 1503/12/1344
f 1504/13/1345 1477/10/1322 1476/11/1296 1505/12/1346
f 1472/10/1316 1475/11/1317 1506/12/1347 1507/13/1348
f 1470/10/1314 1471/11/1315 1508/12/1349 1509/13/1350
f 1510/13/1351 1469/10/1313 1468/11/1312 1511/12/1352
f 1466/10/1310 1467/11/1311 1512/12/1353 1513/13/1354
f 1514/13/1355 1465/10/1309 1464/11/1308 1515/12/1356
f 1462/10/1306 1463/11/1307 1516/12/1357 1517/13/1358
f 1460/10/1304 1461/11/1305 1518/12/1359 1519/13/1360
f 1520/13/1361 1459/10/1303 1458/11/1302 1521/12/1362
f 1456/10/1300 1457/11/1301 1522/12/1363 1523/13/1364
f 1524/13/1365 1455/10/1299 1454/11/1298 1525/12/1366
f 1526/13/1367 1453/10/1296 1452/11/1295 1527/12/1368
f 1529/27/1369 1531/28/1370 1530/29/1371 1528/26/1372
f 1532/29/1373 1534/26/1374 1533/27/1375 1531/28/1376
f 1536/27/1377 1538/28/1378 1537/29/1379 1535/26/1380
f 1539/29/1370 1541/26/141 1540/27/434 1538/28/1378
f 1543/27/1381 1545/28/1382 1544/29/1383 1542/26/1384
f 1546/29/1385 1548/26/1386 1547/27/1387 1545/28/1388
f 1550/26/1389 1552/27/1390 1551/28/1391 1549/29/1392
f 1551/28/1393 1554/29/1394 1555/26/1128 1553/27/1129
f 1557/27/1395 1559/28/1396 1558/29/1397 1556/26/1398
f 1559/28/1399 1561/29/1395 1562/26/1151 1560/27/1400
f 1564/27/1401 1566/28/1402 1565/29/1403 1563/26/1404
f 1566/28/1405 1568/29/1396 1569/26/1166 1567/27/1140
f 1571/26/1406 1573/27/1407 1572/28/1408 1570/29/1409
f 1572/28/1410 1575/29/1411 1576/26/1140 1574/27/1141
f 1578/26/1412 1580/27/1413 1579/28/1414 1577/29/1415
f 1579/28/1416 1582/29/1413 1583/26/1160 1581/27/393
f 1585/26/1417 1587/27/1418 1586/28/1419 1584/29/1420
f 1586/28/1421 1589/29/1422 1590/26/1423 1588/27/387
f 1592/27/1424 1594/28/1425 1593/29/1426 1591/26/1427
f 1594/28/1428 1596/29/1429 1597/26/387 1595/27/1430
f 1599/26/1431 1601/27/1432 1600/28/1433 1598/29/1434
f 1600/28/1435 1603/29/1436 1604/26/511 1602/27/1144
f 1606/26/1437 1608/27/1438 1607/28/1439 1605/29/1440
f 1607/28/1441 1610/29/1433 1611/26/1144 1609/27/1442
f 1613/26/1443 1615/27/1444 1614/28/1445 1612/29/1446
f 1614/28/1447 1617/29/1448 1618/26/1163 1616/27/1134
f 1620/26/1449 1622/27/1450 1621/28/1451 1619/29/1452
f 1621/28/1453 1624/29/1454 1625/26/1134 1623/27/1455
f 1627/26/1456 1629/27/1457 1628/28/1458 1626/29/1459
f 1628/28/1460 1631/29/1461 1632/26/1156 1630/27/1462
f 1634/26/1463 1636/27/1464 1635/28/1465 1633/29/1466
f 1635/28/1467 1638/29/1468 1639/26/1177 1637/27/1178
f 1641/26/1469 1643/27/1470 1642/28/1471 1640/29/1472
f 1642/28/1471 1645/29/1465 1646/26/1473 1644/27/1474
f 1648/26/1202 1650/27/1475 1649/28/1476 1647/29/1477
f 1649/28/1478 1652/29/1471 1653/26/1479 1651/27/1150
f 1655/27/1480 1657/28/1481 1656/29/1482 1654/26/1483
f 1658/29/1484 1660/26/1150 1659/27/455 1657/28/1485
f 1662/27/1481 1664/28/1486 1663/29/1487 1661/26/1488
f 1665/29/1489 1667/26/455 1666/27/162 1664/28/1369
f 1669/30/1490 1671/31/1491 1670/32/1492 1668/33/1493
f 1673/11/1494 1675/12/1490 1674/13/1495 1672/10/1280
f 1677/37/738 1679/34/1496 1678/35/1497 1676/36/1498
f 1681/31/1499 1683/32/1500 1682/33/1501 1680/30/1502
f 1685/11/758 1687/12/1503 1686/13/1504 1684/10/1505
f 1689/30/750 1691/31/1274 1690/32/1506 1688/33/1507
f 1693/10/1508 1695/11/1509 1694/12/1510 1692/13/1511
f 1698/31/1512 1699/32/1513 1697/33/1514 1696/30/1515
f 1701/10/1516 1703/11/1517 1702/12/1518 1700/13/1519
f 1705/30/1520 1707/31/1521 1706/32/1522 1704/33/1523
f 1709/34/1524 1711/35/1525 1710/36/1526 1708/37/1512
f 1713/31/1527 1715/32/1528 1714/33/1529 1712/30/1530
f 1717/37/1531 1719/34/1532 1718/35/1533 1716/36/1534
f 1721/30/1524 1723/31/1535 1722/32/1536 1720/33/1525
f 1725/34/1490 1727/35/1537 1726/36/1538 1724/37/1539
f 1729/31/1540 1731/32/1541 1730/33/1542 1728/30/1543
f 1733/11/727 1735/12/1544 1734/13/1545 1732/10/1546
f 1737/11/732 1739/12/1547 1738/13/1548 1736/10/1549
f 1741/31/735 1743/32/1550 1742/33/1551 1740/30/1552
f 1745/30/1242 1747/31/1553 1746/32/1554 1744/33/1555
f 1749/10/1556 1751/11/1557 1750/12/1558 1748/13/1559
f 1753/10/1560 1755/11/1561 1754/12/1562 1752/13/1563
f 1757/11/1564 1759/12/1565 1758/13/1566 1756/10/1567
f 1761/11/1568 1763/12/1569 1762/13/1570 1760/10/1571
f 1765/11/1572 1767/12/1573 1766/13/1574 1764/10/1575
f 1769/11/1576 1771/12/1577 1770/13/1578 1768/10/1579
f 1773/10/1580 1775/11/1581 1774/12/1582 1772/13/1583
f 1777/10/1584 1779/11/1585 1778/12/1586 1776/13/1587
f 1781/10/1588 1783/11/1580 1782/12/1589 1780/13/1590
f 1785/11/1591 1787/12/1592 1786/13/1593 1784/10/1594
f 1789/10/1595 1791/11/1588 1790/12/1596 1788/13/1597
f 1793/10/1598 1795/11/1599 1794/12/1600 1792/13/1601
f 1797/11/1602 1799/12/1603 1798/13/1604 1796/10/1605
f 1801/10/1522 1803/11/1542 1802/12/1606 1800/13/1607
f 1805/10/1608 1807/11/1609 1806/12/1610 1804/13/1611
f 1809/11/1612 1811/12/1613 1810/13/1569 1808/10/1614
f 1813/10/1615 1815/11/1616 1814/12/1617 1812/13/1618
f 1817/34/754 1819/35/1619 1818/36/1620 1816/37/1621
f 1821/11/1622 1823/12/1623 1822/13/1624 1820/10/1625
f 1825/11/1626 1827/12/1627 1826/13/1628 1824/10/1585
f 1829/11/1629 1831/12/1630 1830/13/1631 1828/10/1632
f 1833/10/1633 1835/11/1634 1834/12/1635 1832/13/1636
f 1837/10/1637 1839/11/1638 1838/12/1639 1836/13/1640
f 1841/11/1641 1843/12/1642 1842/13/1643 1840/10/1644
f 1845/11/1645 1847/12/1646 1846/13/1647 1844/10/1648
f 1849/11/1649 1851/12/1631 1850/13/1650 1848/10/1651
f 1853/10/1652 1855/11/1633 1854/12/1653 1852/13/1654
f 1857/10/1655 1859/11/1656 1858/12/1657 1856/13/1655
f 1861/10/1658 1863/11/1659 1862/12/1659 1860/13/1660
f 1865/11/1661 1867/12/1662 1866/13/1663 1864/10/1664
f 1869/10/1665 1871/11/1666 1870/12/1667 1868/13/1668
f 1873/11/1669 1875/12/1670 1874/13/1671 1872/10/1672
f 1878/11/1673 1879/12/1674 1877/13/1667 1876/10/1675
f 1881/11/1676 1883/12/1663 1882/13/1677 1880/10/1678
f 1885/11/1679 1887/12/1680 1886/13/1681 1884/10/1681
f 1889/11/1682 1891/12/1683 1890/13/1684 1888/10/1685
f 1893/11/1686 1895/12/1687 1894/13/1688 1892/10/1689
f 1896/27/1690 1898/28/1691 1897/27/1691
f 1899/27/1692 1901/28/1692 1900/27/1692
f 1902/27/1693 1903/28/1693 1904/27/1693
usemtl Lights_Mat
f 4290/296/3627 4292/296/3628 4291/297/3629 4289/296/3630
f 4292/296/3628 4294/297/3631 4293/297/3632 4291/297/3629
f 4294/297/3631 4296/297/3633 4295/297/3634 4293/297/3632
f 4296/297/3633 4298/297/3635 4297/297/3636 4295/297/3634
f 4300/298/3637 4302/298/3638 4301/298/3639 4299/298/3640
f 4302/298/3638 4304/298/3641 4303/298/3642 4301/298/3639
f 4304/298/3641 4306/298/3643 4305/298/3644 4303/298/3642
f 4306/298/3643 4308/298/3645 4307/298/3646 4305/298/3644
f 4308/298/3645 4310/298/3647 4309/298/3648 4307/298/3646
f 4310/298/3647 4312/298/3649 4311/299/3650 4309/298/3648
f 4311/299/3650 4312/298/3649 4314/299/3651 4313/299/3652
f 4314/299/3651 4316/299/3636 4315/299/3653 4313/299/3652
f 4317/298/3654 4316/299/3636 4310/298/3647 4308/298/3645
f 4316/299/3636 4314/299/3651 4312/298/3649 4310/298/3647
f 4318/298/3655 4317/298/3654 4308/298/3645 4306/298/3643
f 4319/298/3656 4318/298/3655 4306/298/3643 4304/298/3641
f 4300/298/3637 4319/298/3656 4304/298/3641 4302/298/3638
f 4321/300/3657 4323/300/3658 4322/300/3659 4320/300/3660
f 4323/300/3658 4325/300/3661 4324/300/3662 4322/300/3659
f 4325/300/3661 4327/300/3663 4326/300/3664 4324/300/3662
f 4329/301/3665 4331/301/3666 4330/301/3667 4328/301/3668
f 4331/301/3666 4333/301/3669 4332/301/3670 4330/301/3667
f 4333/301/3669 4335/301/3671 4334/301/3672 4332/301/3670
f 4335/301/3671 4338/301/3673 4336/301/3674 4334/301/3672
f 4337/301/3675 4336/301/3674 4338/301/3673 4339/301/3676
f 4340/301/3677 4343/301/3678 4339/301/3676 4338/301/3673
f 4341/301/3679 4340/301/3677 4338/301/3673 4335/301/3671
f 4345/301/3680 4342/301/3681 4340/301/3677 4341/301/3679
f 4342/301/3681 4344/301/3682 4343/301/3678 4340/301/3677
f 4344/301/3682 4337/301/3675 4339/301/3676 4343/301/3678
f 4346/301/3683 4345/301/3680 4341/301/3679 4347/301/3684
f 4348/301/3685 4347/301/3684 4333/301/3669 4331/301/3666
f 4347/301/3684 4341/301/3679 4335/301/3671 4333/301/3669
f 4349/301/3686 4348/301/3685 4331/301/3666 4329/301/3665
f 4351/300/3687 4353/300/3688 4352/300/3689 4350/300/3690
f 4355/300/3691 4354/300/3692 4353/300/3688 4351/300/3687
f 4357/300/3693 4356/300/3694 4354/300/3692 4355/300/3691
f 4359/301/3695 4361/301/3676 4360/301/3696 4358/301/3682
f 4360/301/3696 4361/301/3676 4362/301/3697
f 4364/301/3698 4363/301/3699 4362/301/3697 4361/301/3676
f 4366/301/3700 4365/301/3701 4363/301/3699 4364/301/3698
f 4366/301/3700 4378/301/3702 4367/301/3703 4365/301/3701
f 4367/301/3703 4369/301/3704 4368/301/3705 4365/301/3701
f 4371/301/3706 4370/301/3707 4369/301/3704 4367/301/3703
f 4373/301/3708 4372/301/3709 4370/301/3707 4371/301/3706
f 4375/301/3710 4374/301/3711 4372/301/3709 4373/301/3708
f 4378/301/3702 4376/301/3712 4374/301/3711 4375/301/3710
f 4376/301/3712 4378/301/3702 4366/301/3700 4377/301/3713
f 4378/301/3702 4375/301/3710 4371/301/3706 4367/301/3703
f 4377/301/3713 4366/301/3700 4364/301/3698 4379/301/3714
f 4379/301/3714 4364/301/3698 4361/301/3676 4359/301/3695
f 4371/301/3706 4375/301/3710 4373/301/3708
